角色名,故事编号,故事标题,故事内容
Archer,1,其一,"通常来说，男子是一个会冷静完成工作的现实主义者。
可就像某些到了年纪的上班族一样，他有时也难免暴露出因阅历而带来的悲观，又因这种悲观产生自我的厌恶，时常有意无意说出辛辣的话语。
「不，这是一种误解。
「大多数人无法消解伴随着年龄而增长的自我厌恶，是因为他们没法和过去的自己真正打一架。
「不对，打一架也不是什么好事。
「…还是忘记这个话题吧。」
总之，只要没有正面对上过去那个不成熟的自己，或是那些与此有几分相似的人，男子绝对称得上是一名成熟稳重的从者。尽管时不时要对手头的工作抱怨一番，他仍尽心尽力完成自己的使命，兢兢业业毫不马虎。
——但不得不说，那些抱怨往往犀利又毒辣，甚至会让人觉得他以前是不是当过作家。
「没办法，得理不饶人可是我的本性。说实话，但凡被那种蛮不讲理的大小姐闯入过生活，任谁都会变成这样吧？」"
Archer,2,其二,"男子的故事起始于一个混乱的时代。
就像一只无法安静下来的牛虻，以凡人之躯经历了圣杯战争的他离开了故乡，前往世界最为动荡的角落，擎举起替天行道的大旗——为了成为正义的伙伴。
这条道路并非一帆风顺。在世界各地，男子发动过不计其数的武装暴动，竟无一成功。他逃过了十余次暗杀、百余次伏击甚至几次枪决，却在返回故乡稍作停留时，被曾经的朋友推上了绞刑架。
但这并非他讨厌过去的自己的原因…至少失败的部分不是。
他所厌恶的，是那位梦想成为正义伙伴的少年，彼时还对这种人生的代价一无所知。
执行一人的正义，就要剥夺另一人的自由。执行万人的正义，更难免头颅滚滚、血流成河。正义的确是美丽的字眼——但它的重量，却足以让任何渴望拥抱它的少年溺死在理想的海洋。
「我的确说过类似的话，但那不过是发牢骚罢了。
「环境和情感会让人发生巨大的变化。哪怕是完全相同的存在，也会在命运的十字路口做出某些不一样的选择。
「像我的人未必是我，是我的人也未必像我。说到底，人可没法在自己的视野之外寻求救赎。」
理想会践踏理想，命运会谋杀命运——年轻人并非意识不到这些。
只是正义的伙伴，理应无所畏惧——男子学会了赞赏这一点。"
Archer,3,其三,"「干将•莫邪」——这双剑是男子最趁手的武器，可以反复使用投影魔术制作，无论用坏多少把都毫不心疼。理论上，只要是男子充分理解的武装，都可以被他「无数次投影出赝品」；可出于某些渊源，唯有当投影对象属于「剑」的分类时，男子的投影魔术才能臻于完美。
「听起来很像卖盗版货的商人？啊，差不多就是那样。
「不是什么充满荣誉的手段，但用来对付那些自以为是、用自造的规则骑在别人头上作威作福的家伙，刚好合适。」
传说中，干将与莫邪是一对传奇的铸剑师，夫妇俩穷尽各种方法，试图改变这样的现状：铸剑师无法掌控所铸宝剑的品质，每次锻冶只能听天由命。
故事从这里分裂出许多个版本，其中一种说法是——莫邪以身殉炉，与金属熔液融为一体，让干将得以铸造出前无古人、后无来者的绝世好剑。
而在更负盛名的另一个版本中，暴君因为厌恶铸剑效率的低下而在干将造出宝剑后处死了他，莫邪带着他们的孩子隐匿在乡间；多年以后，这个长大成人的孩子与他在路上偶遇的侠士策划了对暴君的复仇，三人最终同归于尽。
男子的命运是否也与以上的故事有相似之处？如果有，他牺牲的是自己，伙伴，还是某种理想？
人们不得而知。
人们只知道，为心中之剑，他甘做其骨：以躯为钢，以血为火。
他打造过万千利刃，可最终仍是两手空空，一无所有。
正如他的心象风景。
「但这不就是人生吗？
「剑可无法停留在一个人手上。你要么把它束之高阁，要么把它转交他人，要么…就将它用至最后一刻。
「然后，你才能重新开始。」"
Archer,4,其四,"在圣杯战争的系统中，男子被定性为弓兵。这对于一个以「剑」为本源的人来说似乎是某种嘲讽，但男子不以为意。
「拜托，比起正面搏斗，从远处狙杀敌人才是更有效率的作战方式吧？
「还是说你指望我像那些剑士一样用光炮轰平一切？别闹了，我只是个普通人，可没有他们那么强的魔力。」
话虽如此，只要情势需要，男子也从不拒绝近身格斗。得益于可谓无限量的「干将•莫邪」，他可以使出令人眼花缭乱的剑技，让对手难以招架。
「如果用普通的子弹就能杀死敌人，我才不想多费这些力气。
「不过，你要是真想学会这招——平常可以多下下厨房，从切菜的刀工练起。
「我可没开玩笑。只要认真思考，你可以从做饭里学到很多。就拿最基础的备菜来说吧——想要尽快吃到美味的一餐，你需要把制作每一种食物的工序都加以拆解，重新编排它们的顺序，尽可能多的同时完成一些事…一旦你熟练于这种思考方式，就可以把它应用在身边的各种事情上，为自己节省出大把的时间。
「再比如说炒菜的火候。初学者往往会陷入一个误区，认为炒菜就是把不同的食材按次序加进锅里，直到所有的食物都熟透为止。
「这对于那些耐炸耐煮的食材倒不成问题，但除此以外的却不能如此处理。它们都有自己最优的烹饪时间和烹饪温度，彼此之间出现矛盾是很正常的情况。
因此，大多数情况下，我们都要将食材分门别类，用不同的火候加以处理，关火出锅也得够果断——最后再把它们全部组合在一起，完成一道色香味俱全的佳肴。」
是的，只要打开了关于厨房的话匣子，男子就会一改平常言简意赅的作风，发表出许多饱含心得的长篇大论。这个终其一生都在战斗的男人，其生命的本质，似乎并不是正义或苦难，而是某种带着生活气息的烟火滋味。
「就像我之前说的，如果能在远处就用狙击的方式杀死敌人，那么没人愿意冒着生命危险去和他们近身搏斗。面对命运也是一样。
「我的存在只不过说明了一件事：在某个遥远的角落，有那样一个世界，那里的人们每天只能和命运进行你死我活的白刃格斗，否则就毫无活下去的希望。
「虽然我曾在那里为他们战斗过，但世界得以改变的原因，还是因为人们始终在与命运毫不停歇地搏斗。
「而我…不过是一个一无所有，还远未赢过命运的男人罢了。」
毫无疑问，他仍会沿着这条「拯救人类」的道路走下去。
就像他总是乐意为朋友们下厨一样。"
Saber,1,其一,"如果哲学家所说的理想国需要一位统治者，那么眼前的这位少女或许就是不二之选。以天下人的幸福生活为奋斗目标，她终其一生都以锄强扶弱作为自己的行动指南。譬如说，她所率领的骑士之所以被称为「圆桌」，乃是强调王与骑士一概平等……
「太啰嗦了。这里不应该写一些更有用的话吗？」
此话不假。
对王而言，国家的繁荣与和平才是唯一重要之事。与此相比，个人的奋斗、荣辱，都不过是为了实现这一目标而落下的棋子。可微妙之处在于——如今的她乃是一名「从者」，是从遥远历史的长河中照进现实，依赖诸多神秘才得以存在于世的特殊生命。
故国的兴衰早已写进书本的历史，王也曾经试图将其改变…但正如那句古老谚语所说，天下没有免费的午餐。历经诸多波折之后，少女终于收获一颗能够坦然面对过往的心……
「等等，谁说我豁达到没有遗憾了？
「不过，为此而寻求许愿的圣杯，的确是一种愚行。
「唯有走过漫长的道路，理想乡才会真正来到一个人的面前。
「否则，即便它近在眼前，也根本无从得知。」"
Saber,2,其二,"在那颗遥远的行星上，有一种被称为「圣杯」的神秘资源。时至今日，那里的人们依旧用这个词去比喻那些最了不起的成就，歌颂那些最神圣的理想。也因此，在掌握神秘的人眼中，圣杯是一台能够实现任何愿望的万能许愿机，轻易将难以企及的梦想化作现实。
「是的，听上去很像某种诈骗。但它是真的…人们甚至会利用这种规则进行欺诈。
「身为从者，我明明因圣杯才得以驻留于世，但在参加的圣杯战争中，我却不止一次破坏了它。用你们的话来说，这算是成为了某种保留节目？
「…最初要下这个决心可并不容易。毕竟是万能许愿机嘛，谁没点私心想要去实现几个愿望呢？」
少女成为英灵后的苦恼，或许以游戏玩家的视角更好理解。当同袍反目、故国毁灭、圆桌行至终点，作为当事人的骑士王，自然最能看清其中的种种不堪。「如果能有一个比我更强的玩家来攻略这一切，结果会不会有所不同？」
怀疑的想法一旦产生，便很难从内心根除。
「请让更合适的人在那时成为不列颠的王」——这或许是一个连圣杯听了也会不知道该怎么实现的愿望。
「所以，你想问我现在怎么看这个问题？
「我并非理想的王。但这并不妨碍有人把我视作心中『理想的王』，并因此做到了我做不到的事情。
「我很感激有位朋友让我看清了这一点。
「他说，冒牌货也有冒牌货的价值。」"
Saber,3,其三,"虽说有着浓墨重彩传奇故事的骑士都是十八般武艺样样精通，但少女最著名的武器无疑是
「石中之剑」与「湖中之剑」。前者是少女成为王的契机，后者则代表着王威名的顶峰。
「没错，你如今见到的是湖中之剑。石中之剑在很久以前就被我用坏了。准确地说，有一次，它在挥剑的时候承受不住我的魔力，直接碎成了粉末……」
「可能是打造它的魔法师也没料到我的成长会如此迅速？结果就是，他必须自己负起责任，向湖中仙女讨要新的兵器——也就是我现在手里的这把。」
传说中，只要以充沛的魔力挥出誓约胜利之剑，持剑者就必定能摧毁敌人——这也是它名字的由来。然而，就像所有在最初就埋下矛盾的传奇故事一样，这把剑最强的力量并不属于剑刃，却属于保护剑刃的剑鞘。
「只有能守护一切之物才能承托住毁天灭地的力量。
「再锐利的刀锋，再飞速的箭矢，也只有在消灭或者吓退敌人的那一刻才真的保护了同伴。
「也就是说，如果一种兵器会导致同伴和敌人一起消亡，那它就什么也保护不了。当然，作为民众的兵器，王也一样。」
什么是理想的王？
什么是强大的王？
有王打败过全世界的敌手，有王囊括过全世界的财富，有王征服过全世界的土地…但到头来，他们守护的国家，也都如镜花水月，弥散在历史与传说的长河之中。
「有很长一段时间，我都生活在丢失了剑鞘的阴影里。
「但后来我想明白了一件事…
「如果我找不到能代替剑鞘的事物，命运也就不会把剑鞘再还给我。」
「这不是什么玄妙的道理。」少女莞尔一笑，「它的意思是…从者和御主，要学会平等相待、互相帮助。」"
Saber,4,其四,"在真正成为王之前，少女有一段在家乡四处游历的时光。那时，整个世界仿佛刚刚诞生，不知名的花朵盛开在山谷，不知名的溪流反射着初春的早阳。有太多事物对少女来说没有名字，只能用手指指点点，不停地向某位知识渊博的同伴提出问题。
喂马、劈柴、尽情奔跑…少女熟悉的生活即将告一段落，可她毫不计较，每天入睡时都畅想着新的冒险。
「真正的王并不如此。
「王不可擅离城堡。那城堡并非由砖石所造，它的原材料是民众的信心。
「王不可期待冒险。每项决策都应该是深思熟虑的结果，并尽量排除个人喜好的影响。
「王不可拥有生活。王是国家的象征，无论在何种场合与人交流，都应该拥有指引前路的力量。」
或许对很多人来说，这都是一份无法承受的重担。但发掘少女的那位魔术师眼光很好——她不仅轻松地适应了这一切，甚至用男性的身份示人也不会露出任何破绽（当然，需要借助一点小小的法术）。
「有趣的是，王的烦恼并不来自这些约束。
「恰恰相反——她最头痛的，是自己失去了所有的约束。
「啊…这样说大概很难理解，不如用大家都熟悉的场景来打比方吧。」
在银河的边陲有一颗行星，那里气候恶劣，无穷的敌人威胁着人类脆弱的家园。为此人们推举出了一位「王」，把她每天的日程都排得满满当当——这样一来，从上到下，整个星球团结成了有机的整体，一切保护家园的行动都得以井井有条地展开。
但很久之后，突然有一天，王发现自己的日程出现了明显的空缺。她不觉得自己有休息的余闲，但身边的人们提供了各种各样的回答；但王敏锐地发现，这些回答的本质，都指向了同一个事实…「我们不知道还能做些什么，才能让明天比今天更好。」
「表面上看，这时的王可以想做什么就做什么。
「但只要稍动脑筋，她又会发现，自己可能做什么都是错的。
「这是一个可怕的恶性循环——想的越多，理解你的人就会越少。」
在自己的有生之年，王无法跳出这个诅咒。她最信任的骑士与自己分道扬镳，她最器重的养子与自己刀剑相向。
她的王国在她手中崛起，亦在她手中败亡。
「如果有个更合适的人能成为王就好了。」弥留之际，她一度这样评判自己。
——不过，大可放心。现在的少女，早就不从这个角度看待问题了。
「从结果来说，一切的改变，都因为我参加了某次圣杯战争。
「不过，千万不要误会，圣杯战争只是这样的一个契机——
「——它喊住了埋头奔跑的你，让你有机会重新发现身边的风景。
「我仍然是王。只是换了一种履行义务的方式。
「就像那些春天的花朵…当你注意到它们的时候，往往正目睹着它们的凋谢。不过幸运的是，尽管花朵终会化作泥土，但开出花朵的树枝依旧在那儿。
「含苞的树枝，永远会等待着下一个春天。」"
万敌,1,其一,"「在沿海城邦古老的传说里，冥海曾诞育下堪比神明的生灵。据往来渔船所说，正有这样的『海王』以幼童的相貌出没于波涛之中，面目凶恶，红颜青唇，以侵肌蚀骨的冥海之水沐浴，与凶恶残暴的冥海之兽肉搏，渴饮鲜血，生啖骨肉。
据说它每一次沉入海底，不消多时便会自冥海重生。在约莫九年的时间中，重塑己身不下一万次，最终撕裂巨妖，鲜血染红千里海面，却无有噬肉的海兽敢来接近。
传说那海王尾巴一甩，便可将众多鱼虾卷上沙滩。曾有落难的渔民向天求救，被海王率领水兵救起。传闻愈来愈超凡神妙，久而久之，甚至有渔民为海王绘制画像，贴在船上以求出海平安。
近来又有传言兴起，说那所谓海王其实是王储迈德漠斯的怨灵作祟，先王恐惧他背负的预言，在他出生后便将其掷入冥海，夭折的孩子死不瞑目，誓要猎尽冥海。但笔者认为这只不过是狡猾的悬锋人想为自己脸上贴金，理由有三：
第一，就算悬锋人素来有父子争斗、胜者为王的传统，但怎会一出生将贵为王储的人子扔下海中？
第二，就算悬锋王欧利庞年老昏聩，听信预言将子嗣扔进海中祭祀，一个幼儿怎么可能有堪比神明的力量与巨妖搏斗？
第三，就算有这样的幼儿存在，他也绝不可能是悬锋人。悬锋人一个比一个自私粗野，又怎会帮助遭逢海难的渔民？
诸位读者，接下来我将为你们揭晓真相：其实所谓的海王
——自然就是海洋的化身！」
——选段自歌尔巴尼帕尔图书馆藏
「威力海王传考据」
「强。」
——男人的字迹"
万敌,2,其二,"「那支孤军散发着浓烈的血腥，像一支染血的长枪。那名领军的战士即是枪尖，永远裹挟着深不见底的愤怒与仇恨刺向敌人。
自拉冬，经哀地里亚，再至厄涅俄努斯，他一次次自死亡回归，也为所经之处带来滔天的战火。那令世人侧目的厄涅俄努斯之战中，未尝一败的克吕提俄斯高举巨斧，万箭自他的身后齐发。然而烟尘散去，火自血中沐浴而出，战士的拳风如尖刺，撕开了克吕提俄斯的咽喉。
在那足以载入史诗的战役后，战士的真实身份越发扑朔迷离。那支军队明显带有悬锋的训练痕迹，但却从未悬挂悬锋的旗帜，无人知晓他们是游荡于战场的悬锋孤魂，还是失落家乡已久的迷途人。
往来的吟游诗人将那孤军行旅编成哀伤的歌，在翁法罗斯带着铁锈味的野风中，孤高的狮子带着成群的老弱残兵迁徙，寻找不存在的家园。
现实绝不会因残酷改变自己的面貌。那些忠心耿耿追随他的悬锋子民，即便曾是精锐，也没有他那神一般的不死之身。随着岁月流逝，连悬锋的神明已陷入疯狂，凡人又该往何处去？
那孤高的人是否会将子民的命运背于己身，是否为自己戴上王的枷锁？还是说，这只是他一厢情愿的徒劳……」
——选段自歌尔巴尼帕尔图书馆藏
「翁法罗斯战争史」
「赫菲斯辛、帕狄卡斯、莱昂、托勒密，朴塞塔…你们的名字，必不遗落于历史。」
——男人的字迹"
万敌,3,其三,"「迈德漠斯啊！你这忘恩负义的背叛者，断绝悬锋精神的懦夫！
你弑杀先王，复仇成功，却不接过重振王朝的责任，你的荣誉之心难道在冥海时被鱼兽吞噬一空了么？
你混迹于逐火的队伍，被妖女的狂言诓骗，与出身低贱的士兵打成一片；你宁愿将希望寄托于虚无缥缈的神谕，也不愿相信你自己的双拳！
悬锋人渴望回到纷争的故乡，而你却要我们迁往宿敌的城邦，你难道贪恋奥赫玛的奢华么？还是你早已被黄金浴池的水雾弄得神魂颠倒？
迈德漠斯啊！你有高贵的不死之身，岂可由那奥赫玛的女人统领？你是逐猎的狮子，纷争的使者，你难道忘记了捕猎者与猎物的不同吗？
听说不久之前，你与那自称黄金裔的人从尼卡多利眷属手中救下异邦的平民，不惜在那不见天明的长夜里，任由身躯破碎，沐血而狂。
迈德漠斯啊！你的血不当为了那些无用的人而流，你当纠集军队，劫掠资源，如此，悬锋才能在末世中抢夺一丝生机！
那所谓逐火的路将你变得面目全非，吾王，回来吧！王不需要同等之人，不需要伙伴，不需要怀疑，不需要拯救——倘若你还残存最后一丝清醒，便向吾等发令吧！
让悬锋的荣耀凌驾于一切城邦之上！」
——选段自歌尔巴尼帕尔图书馆藏
「悬锋元老院决议合集」
「继续迁移。」
——男人的批示"
万敌,4,其四,"「黎明圣城奥赫玛为此世之中黑潮尚无法侵扰的净土，但黑潮对其包围之势已显而易见。
千年历史，黑潮所过之处，生灵异化为非人的怪物，城邦风蚀为无人的废墟，即便强盛如悬锋，其神明亦被黑潮污染，一切荒废无存。
逐火至今，大部分火种都已归位，然而黑潮将临，时间已所剩无几，在再创世之前，如若奥赫玛失守，一切都将前功尽弃。
笔者于此大胆揣测，在不久的将来，逐火的英雄必将与黑潮一战。从以往记录来看，哪怕是最为勇猛的战士，也无法在黑潮中坚持长久。黄金裔英雄各有所长，若说此战的希望，若非那骁勇的白厄，便会落在迈德漠斯身上。
当然，那不仅是因为迈德漠斯作为此世勇者之冠，拒绝死亡的天生之命，也不仅因为悬锋旧城位处抵挡黑潮的关要。纵然迈德漠斯如悬锋的狮子般一生迁徙多次，最后停留在离诞生地极远的地方，孤高的王也绝无可能在他国中称臣。一旦安顿好子民，将使命视作生命的迈德漠斯必定归乡，只不过这一次，他背负的不只是悬锋人的希望，更是世界的未来。
塔兰顿的祭司曾预言，千年纷争的历史始于悬锋，亦将终结于悬锋。或许在未来的某一日，那不死之身踏入黑潮，方生方死，那会是怎样的境况，怎样的悲壮……」
——选段自歌尔巴尼帕尔图书馆藏
「逐火观察：黑潮专题」
「一如冥海，一如既往。」
——男人新近的批注"
三月七,1,其一,"为什么三月七要拍照？
「第一，自己这样的女孩子应该喜欢这么做。」
「第二，所有拍下来的东西，就不会忘啦。」
三月七对拍照有什么心得？
「第一，对黑暗料理需要进行局部细节拍摄，因为『拍过等于吃过，要细细品味』。」
「第二，只要自己闭着眼睛拍照，就一定能拍到对方闭着眼的表情。」
为什么三月七要把相机挂在身上？
「下次谁还想把我封在冰里，就必须把相机一起封进去！」
所以三月七为什么不用手机拍照呢？
「对哦，为什么呢——等等，什么为什么，这是仪式感嘛！」"
三月七,2,其二,"能力为「六相冰」，但三月七一直坚称那不是冰，而是某种凝聚态结晶。
「拜托，你有见过这么好看的冰么？」
战斗时使用的弓矢也是用「六相冰」凝成的，但实际上对自己使用弓箭一事并不满意。
「你有见过哪个大佬是用弓的么？」
「况且，用我凝结出的弓矢去攻击我凝结出的护盾，根本什么事都不会发生啊！」
为此还曾经刻苦修行名为「斩星破宙•大琉璃剑」的绝招，目前成效为零。
「小三月，听名字应该是大剑吧？」
「嗯，但感觉好像不如冰雕…砸。」"
三月七,3,其三,"相比「列车长」帕姆，「领航员」姬子，「护卫」丹恒，「什么都会的」瓦尔特，即使自称为「勇士」，连三月七都很难说清楚自己在列车上的分工。
但三月七的一举一动，无时无刻都在影响列车组的行动方针。
「三月七旅客摔倒了……」
「三月，小心头顶的方铅矿球。」
「小三月，那边的景点拍过照了吗？」
「我相信小三月，她说不好吃，那就肯定不好吃。」
与其说三月七容易让人放心不下，不如说她总是会让人放在心上。
当然，三月七对此毫无察觉，她正在全力思考适合{NICKNAME}的列车组定位。"
三月七,4,其四,"即使种种迹象表明，对于一直在宇宙中漂流的三月七，她刚醒来的情况并不算糟。
身处于一辆恰好路过的列车上，车上的人看上去也很亲切。
唯一的问题是，即使她对周遭的情况保有合理的认知，对自己却仍旧一无所知。
「我是谁，我来自哪里……」
三月七看着镜子中的自己，一边试穿姬子给她置备的各类服饰，一边为自己想象着几十种身世。
哪一种才是她的过去，哪一种才是她这样的女孩子应有的过去…三月七无法确定。
但三月七能选择的，只有现在的自己；她能望向的，也只有未来。
她恐惧着，又庆幸着。"
三月七,5,角色故事•仙舟,"初入罗浮，建木灾异，演武仪典…她目睹了仙舟的变化，也见证了自己的成长。
照片上的女孩子在花林之间腾挪移转，凌厉的剑招下，落花如雨，纷纷乱乱飘满了她的衣裳。
还是以前那个三月七吗？步法熟练，从容不迫。不知不觉，双剑已是舞得小有所成…她都有些认不出自己了。
「嗯…自己是谁，应当由自己去探寻……」
她暗自下定决心，满怀期待地看向天空。在那里，无数的星星、无数的世界朝她眨着眼。
「我的过去，正在一点点变多呢。」
她的过去与未来，都已逐渐染上新的色彩。"
不死途,1,其一,"野兽派侦探故事集（一）
「谨以此书献给我的朋友不死途先生。他本人不擅文采，所以在写作这件事上，我很愿意继续担任他的『旁白』。」
在外人们看来，我的朋友是一个极为古怪的人，例如：
1、怀表永远慢于正常时间却不想更换①。
2、说梦话的次数非常频繁②。
3、习惯睡冰箱③。
4、喜欢在别人写稿子时出言不逊，甚至抢夺羽毛笔，比如现在。
……
由于这些异于常人之处，再加上我的朋友对推理一窍不通，为了当好侦探，我的朋友进行了如下尝试：
周一：搬回一摞推理指南，细细研读了五分钟。
周二：上街采购易容所需要的衣饰，但过于花哨没能用上几次。
周三：打扮成一位绅士混入名流宴会，因为用餐不够礼貌，惨遭驱逐。
周四：花费一下午打扮成一位平易近人的老妇人，打探消息时因暴露男性嗓音而遭到报警。
周五：他招揽来了一位客户，侦探事业似乎在朝着好的方向发展。
周六：枕着推理指南睡了一天。
周天：放假。
周一：无客，继续放假。
本次尝试以阶段性失败告终。
……
如今的不死途先生已经是二相乐园的「不死神探」，坐拥鸽川区最隐蔽的侦探事务所，挥舞香蕉指挥着一群忠诚的雇员。
而当谈起这段我称之为「野兽派扮演」的经历时，他这样总结道：
「不要听老白胡说，事实没有那样不堪。」
说这话时，他面不红心不跳，露出自然的微笑。
看来那段经历的确让他的演技有所提高。
基于此，我总结道：
「侦探守则第一条：试着扮演侦探，就离真的侦探不远了。」
（应我朋友的要求备注如下：
①不死途先生并非不懂怎么调时间的白痴。
②不死途先生的梦话并不滑稽。
③不死途先生是人，不是一只冬眠的熊。）"
不死途,2,其二,"野兽派侦探故事集（三）
大侦探并不是孤身一人，请看事务所成员的合影：猴子们露出灿烂的笑容，将侦探（二排左三）挤在中间。
侦探幸福又绝望地看着镜头，就像他看到账单的时候，他掏空口袋缴纳香蕉费的时候，以及月底断水断电的时候。
他的确为伙伴们操碎了心，因为更严重的退化，它们无法像我一样流畅地思考和交谈。
作为猴子们的老板，他得一遍遍告诫它们不要惹出事端：
「『弓手』，城市不是实验室，别害怕噪音，明白了吗？」
「蕉蕉？」
「噗噜虽然是黄色的，但它不是香蕉。」
「蕉蕉？」
「机铠也不能吃，『诗人』，我说第二次了。」
「……」
「你也是，『乐手』，别偷吃了。」
「嚼嚼！」
他有时会和我讲起它们的故事：「弓手」如何掩护同伴，在战火里失去了双手；变成了哑巴的「诗人」以前有多么妙语连珠；「乐手」如何挥舞着一人高的巨锤，硬生生杀出一条血路……
按不死途先生的说法，「头狼」有责任帮助社群里的每一个伙伴。那些无力谋生的同伴，都被他妥善安顿在了可供疗养的星系。
在大家的帮助下，事务所的确在过去的一年内完成了真珠女士交托的各种奇案——至于钓鱼执法，暴力侦查之类的小瑕疵就另当别论了。
在所有案件中，令他最为难忘的是发生在鸽川的一起帮派仇杀案。
为追索十五年前的仇人，男人牺牲了自己的伙伴，家人，孩子……然而在那场失败的复仇尽头，他得到的只是一个鲜血染红的月亮倒影。
查案结束后，大侦探在河边徘徊了许久。
他也看到了自己的倒影么？
没有人知道，在某些时刻，这位侦探会突然变得像漩涡一样黑暗且难以捉摸。
所幸，他还要去赚每天的香蕉费，还有许多微小琐碎的事情分散着他的孤独。
「侦探守则第二条：珍惜你的同伴，就算它们是一群猴子。」"
不死途,3,其三,"野兽派侦探故事集（八）
不死途先生的怪病偶尔会剧烈发作。
他让所有人远离现场，我们会听见冰箱剧烈的抖动，然后是撕咬和啃噬的声音，压抑的嚎叫，映照在百叶窗上狰狞的黑影。
平静过后，他会拖着疲惫的身躯爬出冰箱，扫去冻成寒霜的血迹和汗水，仔细加固手腕上的钉子。
所以，他时常打趣自己：
「如果我在侦探小说里，一定会被人怀疑是罪犯。」
对此，的确有很多可疑的迹象。
首先，据我的不完全统计，不死途先生搬过无数次家。其次，一些老朋友在找他，但他总是避而不见。
但作为助手，我有义务向各位读者澄清真相。
不死途先生是个恋旧的人，在他古旧的行李箱里，珍藏着久远的遗物。
一颗染血的子弹，哪怕十个琥珀纪过去，其上沾染的鲜血仍然鲜艳如同燃烧的火焰。
一支生锈的箭矢，它被拦腰咬断，却仍在颤动，似乎想飞往某一个方向。
……
还有一枚黯淡的忆泡，据说来自于某位大君陨落的古战场。
在触碰忆泡的一瞬间，我觉得自己也经历过类似的梦——
虚卒炽烈的咆哮，战友失温的呢喃，还有在喉咙处滚动的、冰冷的恐惧。
「别分神，盯着我们的目标。」一个熟悉的身影背对着伙伴咽下鲜血。
无数道流星从各处赶来，却像飞蛾扑火一般被毁灭的烈焰焚尽。
「我们会赢吗？」
「这么多牺牲有意义吗……」
比周遭黑暗更可怖的绝望在众人心中盘旋。
在那个惨烈的夜晚，男人被自己的誓言贯穿。
「如果我们找不到光明，那就以更深的黑暗吞噬黑暗。」
影子从他的手臂蔓延开来，化作漆黑的罪孽，将战场、他自己、所有伙伴一同淹没——从此，它就变成了附骨之疽一样的诅咒。
其实，不死途先生并非罪犯，而是个病人，他的病也绝不只有关节炎和老寒腿。
但他早已为自己开好了药方：
「侦探守则第三条：长夜里的牺牲，是换取明天的代价。」"
不死途,4,其四,"野兽派侦探故事集（尾声）
行文至此，我终于回想起了一些零碎的过往——在翁瓦克的雨林中变成原始生物之前，不死途先生的名字已常常出现在我们的谈话中。
「生存守则？我们还有这东西？」在篝火旁，「弓手」罗宾汉曾这样问我。
「试着扮演英雄，就离真的英雄不远了——这是第一条，你们已经差不多做到了。」我说。
「不会都是你现编的吧？」「诗人」科尔打趣道。
「乐手」科里亚正在大笑着嚼着肉排，那对小情侣莉娜和克里斯正合唱着他们从银河各处搜罗来的歌谣。
「他还说过，第二条…珍惜你的同伴，就算他们是一群混蛋。」我说。
「那混蛋们的老大呢？岂不是混蛋中的混蛋？」
「又想魔鬼训练了？」
「手下留情…」罗宾汉举起双手，「明天还有场恶战要打。」
一阵沉默。
科尔看着漆黑的夜空，「要不要我给大家写本传记，等一切结束后？」
「记得加上这句，」我拍拍他的肩膀。「生存守则第三条：长夜里的牺牲，是换取明天的代价。」
「我会记住的，把它当做结尾怎么样？」
「等他想出第四条吧，如果他还活着的话。」
……
那并不只是侦探破案的技巧，也是他教给我们的守则。
瞧，他当了这么久的侦探，身上却仍残留着过去的影子。
因此，我将第一节的备注作如下修改：
①他衷心希望怀表的时间过得慢一些，因为他的复仇之誓还没有完成。
②他时常在梦中经历过去，为了记住那些牺牲的同伴。
③睡在冰箱能减少每夜的幻痛，他以此等待诛杀恶兽的时机。
或许一直以来，他做的都是同一件事，为了心中的公义，向黑暗追索，直到为罪恶降下惩罚。
如今，他活着，是因为他的敌人还没有死去。
不死途是不向命运跪伏的野兽，奔行在通往死亡的狭途——
「生存守则第四条：循着时间追猎未来，直到足够弥补过去。」"
丹恒,1,其一,"新的一天开始了。
这不过是这艘巨舰上极为普通的一天，集市刚刚出摊，叶尖的露水还未干涸。但横穿过街口的少年从未亲眼见过这番景象。甚至在察觉到这个城市的角角落落与书中的描述有何不同之前，他还在体味脖颈间阳光的暖意。
他第一次看清自己的身躯，这副身躯属于自己，属于当下这个名字。
少年到了港口，押送他的士兵替他解开最后一副枷铐。他往前走去，没有回头。隐约地，他感到城市之中有几双眼睛注视着他，满怀恨意。
直到飞船起飞时，他才转过头看了这儿最后一眼。如书中描述，这确实是一艘雄伟瑰丽的巨舰。
他只看了一眼而已，随后便将头转向另一侧，那儿群星显晦，未来不知何处。
但他仍旧静静地看着，不发一言。"
丹恒,2,其二,"新的一天开始了。
他走下一艘公司的飞船，走上另一艘。他从未听说过那个目的地，但这不重要。他没有特别想去的地方，唯一的目的是远离过去，远离「故乡」。
而飞船上人来人往，公司员工并不在意他是谁，只要他会干活就好。
他已经改换了模样，未必会被人认出，但他知道那股力量还潜藏在他的身体中，走到哪儿都无法摆脱，这股力量拖累了他的脚步，让他慢下来，试图压垮他，让他无法摆脱过去。他必须小心翼翼。
但他仍旧无法摆脱那个有着野兽般眼睛的男人。
如果说「故乡」中其他人对他的感情是「恨意」，那个男人对他只有「杀意」，连他乘坐过的飞船也被男人悉数歼灭。男人曾在他眼前死去，但不久之后，那个男人又会出现。
「故乡」外，是一个更大的世界，什么都有可能发生。"
丹恒,3,其三,"新的一天开始了。
他踏上另一艘飞船，那艘飞船上的人们戴着不同的面具。他差点被人窃夺记忆，被迫听取如妄语一般的演讲。
他知道这条途径的航道上盘亘着巨兽，但他只有走上最险的道路，才有可能求得一条生路。
他击退了巨兽，然后在下一个港口下了船。他自认为藏匿于如星星一般不知其数的舰船中，不会被人察觉，却被一个红发的女子叫住，她恭敬地向他致意，说他们也是被他拯救的舰船之一。
他原本想转身便走，却看到红发女子身旁，停泊着一辆列车。
「你接下来去哪儿？」
「…没想好。」
「那你愿意来列车么？」
「……」
「我们在重走过去的航道，有太多的内容要重新来过，我们需要一个护卫…和记录员。」
「……」
「等你想好了要去哪儿，可以随时下车。」
「好。」"
丹恒,4,其四,"新的一天开始了。
他揉了揉眼睛，发现自己已经许久没有睡得如此踏实了。他想着自己只是暂留，拒绝了特意为他准备的房间，只是在资料室里简单地打了个地铺，结果查阅了一整晚的智库，不知何时沉沉睡去。
他打开房门，列车长站在门外，语气严厉地斥责他不要熬夜，否则会错过热气腾腾的早餐，辜负自己的一番心意。他点点头，列车长心满意足地住了口，一摇一摆地领着他去了车厢。
红发女子——他现在知道她叫姬子，朝他笑了笑。另外一边的棕发男子——瓦尔特先生，虽然看上去有很多问题想问，但终究什么都没说。
不知不觉，他度过了很多这样的早晨。
重走航道的历程并不轻松，大多是由于星核的堵塞，有时也会碰见他此前击退的巨兽。他们甚至捕获了一块漂浮的巨型陨冰，陨冰里有个姑娘。
因此，当他察觉那个名叫{NICKNAME}的体内被封印着一颗星核时，并不算太惊讶。
列车的旅途还将继续，还有什么不会发生呢？"
丹恒•腾荒,1,其一,"他未曾想过这一天，开拓仿佛就要在此戛然而止。
刺鼻的血腥蔓延，坠毁的车厢腾起焦灼的烟尘。他挣扎着站起，在黑暗中摸索方向。
滴答，滴答…一片死寂之中，只有生命流逝的回响。
「{NICKNAME}……」
车厢中变形的构件阻挡了他的去路，他忍着剧痛，将阻碍一一拆除。温热的血顺着他的指尖流下，但他更害怕的是，他已几乎感受不到那熟悉的呼吸。
「我们…一起回家。」
他喂下随身携带的药物，几近干涸的灵水在掌间盘旋，但对那可怖的伤口，疗愈亦是徒劳。
而黑潮造物逡巡，嘶吼着将两人包围。击云寸断，横落荒石。
灵水变得殷红，他用尽最后一丝力气，护在{NICKNAME}身前——
他喘着气，又一次自噩梦中惊醒。
……
「怎么，我脸上有东西么？」
翌日早餐，灰发的伙伴好奇问道。
「幸好并非像梦中那般……」
但他并未说出口，只是移开目光，望向窗外的天空，「没什么…吃吧。」
奥赫玛的天空依然湛蓝。
但他无法克制自己思绪飘散，「三月她还好么……」
车厢像一颗灼热的流星坠落，稍后赶来的她是否也会遭遇同样的事故？或者，更糟糕的……
他摇摇头，将纷乱的杂念赶走。
又是新的一天。
带上记录的工具，他准备前往市集。
「开拓」的旅途，似乎一切如常。"
丹恒•腾荒,2,其二,"她/他他的「开拓」，往往从探索与了解开始。
「小小丹，抓稳，坐好，启动咯……」
他向红发的女孩请教轶失的历史，她们邀请他来一场俯瞰世界的历史课。
「悬锋的传统？」
「嗯。可以比试一下吗？」
他询问金发的王储，一旁，白发青年也跃跃欲试。
「我也一起来吧，这种习俗还是得亲身体验才行。」
悬锋的雄狮沉默不语，只以架势回应。
……
他去往树庭，览遍藏书，破碎的世界逐渐在他脑海中勾勒出完整的风貌。
为寻找重返星空的方法，他深入废墟探索，查访天外之界的奥秘——
他记录自己所经历的一切，正如他在每一站所做的那样。
但当世界的命运沉落英雄的肩头，他知道，此番「开拓」绝非冰冷的条目所能概括。
那是一场场至为关键的战役。
他与伙伴一同终结「纷争」的历史，见证悬锋的王储断绝传统。
{NICKNAME}以身入局，归还「岁月」的火种。当自凶险莫测的冥界归来，他仍难忘那日如同自己劫后余生般的喜悦。
那也是告别的许多个刹那。
圣女千身凋零，智者付之一炬，冥河的女儿永别尘世…他记得离别的时分，他们或悲伤，或欣慰，却从未有一丝后悔。
「如果有一天，我们也将走到这一步……」
当想到{NICKNAME}的命运，迟迟未能到来的三月七…他也曾为此夜不能寐。
「千年来，我们所有人早已准备好迎接牺牲，或为同伴牺牲自己……」
他不止一次地看到，织者收拢遗物，为它们绣上一朵金色的花——
「现在…已别无遗憾。」
与「不朽」的存在相比，他们的生命如同转瞬即逝的飞萤。
可他分明看到，那些星星点点的光芒，照彻了彼此曾走过、将走向的夜空。
当奥赫玛落入血色的迟暮，神谕中的时刻也将到来。
可面对黑衣剑士避无可避的一剑，他的内心反而如同大海一般平静。
他相信{NICKNAME}会义无反顾地前进。借着逐火的微光，他也瞥见自己该行之路。"
丹恒•腾荒,3,其三,"再创世的终点，冰冷的试验场袒露其残酷的内核。
「记忆」的巨浪汇成海啸，将开拓的行者淹没。当他醒来，伙伴早已迷失于深不见底的忆域。
他仿佛回到踏上列车前孑然一身的日子，然而此刻的痛苦告诉他，这不仅是噩梦。
再度踏入忆潮的一瞬，那往日的碎片呼啸着向他涌来——
「…心跳和脉搏都很微弱，三月，准备做人工呼吸。」
「啊？！我…我没什么经验，丹恒你来吧！」
他记得初遇{NICKNAME}时，命运般的相逢。
「我只是在想象，咱们仨会遇上什么有趣的事…嘿嘿！」
在贝洛伯格的街头，雪曾落满三人的肩头，同享一张热气腾腾的卷饼就能温暖整个冬夜。
「…我会以持明后裔的身份，完成我对罗浮的责任。」
在{NICKNAME}与三月七的见证下，他摆脱过去的阴影，沉重如雪的过往逐渐被二人的欢声笑语化解。
「你在太一之梦里遭遇了什么？」
「我梦见列车驶过一站又一站，有人到来，有人离去，而我们五人始终都在，这段旅程似乎永远也不会结束。」
在相似的忆域中，他们曾一同冲出匹诺康尼的梦，将最期盼的未来留给现实。
「丹恒，你又能做出多少牺牲？」
内心的声音质问他此行的决心，而他以决绝的行动回答。
濒临凋零的半神将火种交付于他，握住火种的一瞬，千万道生灵渴盼的目光仿佛要将他点燃。
在那圣树塌落的时刻，他背负起一个世界的生灵，将血脉与翁法罗斯的大地熔铸。
他走向大地根系的深处，寻索伙伴的方向。
丛林瀚海之中，他跨越风霜雨雪，穿过死海沙漠，也曾迷失于纷繁的世界。
在每一个走入黑暗的时刻，他总能感受到身后，那道亲切的目光。
「我们在重走过去的航道，有太多的内容要重新来过，我们需要一个护卫…和记录员。」
「我是『丹恒』……」
沿着那无法斩断的过往，荒龙怒吼着挣脱一切束缚，向着未竟的前路腾飞——
「我是…护卫『开拓』前路之人！」"
丹恒•腾荒,4,其四,"他仿佛回到了飞驰的星穹列车。
他看见列车驶向更广阔的未知，开拓前所未有的航路。
在那无限延展的航路之中，他看见一条巨龙在混沌中遨游。
它曾沉眠卵中，于某一日蜕生而出。
它遇到自己的同类，它们同享一道血脉，一条道途。
它掀起磅礴的灵水，行云布雨滋润万物生灵。
它支撑起金石大地，拱卫万邦生生不息……
它的道路仍在向未来蜿蜒。
战火燎过龙鳞，自那灼热中，它一次次蜕尽旧鳞，得换新生。
而后与列车一同，向着未来腾跃。
……
「你说下次，要是列车表面长了洗都洗不掉的星海藤壶，丹恒就可以使出他的…山鸣龙啸，给它磨个砂！」
「好主意。你看，丹恒他醒了…要不要打个赌，是好梦还是……」
「你们太吵了……」
一睁开眼，他便看见{NICKNAME}和三月在自己耳边大声密谋。
「说说说说，这个时候睡着，做了什么好梦啦？」
三月伸了个懒腰，期待地望着远方。
「我来猜，是不是梦到接下来的旅程里，会发生什么？」
「……」
「那还用说！当然是所有坏蛋都被我们打倒啦！」
那时吹过的风，仿佛裹着列车早餐的香气。
「我们…一起回家。」
他默默立下誓言，一如过去，亦如未来。"
丹恒•饮月,1,其一,"无光的幽暗中，他仿佛回到持明卵中，在波涛与幻梦里辗转来去。
他梦见自己站在祭坛上，舞雩吟诵。歌谣与手势不过是表象，双眸中放出的光明，血脉中涌动的风暴才是真髓。他信手编织鳞渊境中如烟似雾的浪涛，将躁狂的「龙」镇入蔓生的巨木中。随着长吟冲天散去，鳞渊境将再续数百年的平静，而他的使命也宣告完成。
礼毕，他回头望去。离去的石阶上，不知何时站立着数不清龙角华服的尊者。他们宛如镜中留影，以微妙的误差一个个舞袖、转身、准备离去。不可尽数的人结成天梯，向着无穷尽的虚空延伸出去，所有人的面容每日晨起时都在镜中与他相见——那是他的脸。
不，那是属于最初的龙尊的脸。他苦笑着，将手掌覆上自己的五官，似在确认自己是否能撕下这副面具，将它交还给真正的主人。
他做不到。"
丹恒•饮月,2,其二,"无光的幽暗中，他仿佛回到持明卵中，在波涛与幻梦里辗转来去。
他梦见自己抵达战场，如神明亲临。悬于云端，军阵似蝼蚁般渺小，云车和星槎如注定要赴火的飞萤。这就是凡人的生命…这就是龙的视角吗？一丝骄慢涌起，令他心意冰冷。他忙将目光投向那些与他一同厮杀、一同欢饮的人们：
疾驰而过的飞行士丝毫不在意队列齐整，随兴射击，任由装填炽火的弩箭落在奔突的步离甲士间；
在星槎所指的方向上，有位白发剑士当先一人，随锋刃舞蹈，在剑光中穿梭，其锋芒太盛，连她的同僚也不敢与之同列，只是殿后策援；
平日与他谈笑的那位云骑骁卫则收起一身闲散，手持阵刀，与所部军士们抵抗着侧翼袭来的步离战卒；
本阵后方，随军的匠作们调试着巨大的金人，也许那名狷狂的匠人此刻正挥汗如雨——这些数十米高的军械是应对器兽的杀手锏；
随后他瞧见了彼时的将军腾骁，他如同帝弓的化身笼罩在金色雷霆中，与自己的幻影犁过敌人的战兽军阵……
溃不成军的步离人开始逃窜。他明白，该是执行自己被交付的使命了。他放任心智消融于风暴和冰雹里，由雷霆代他咆哮，由海啸替他愤怒。他悬于云端，看着被渊薮吞没的敌人，也看着身后的土地，许多人类、持明与狐族，他们永远留在战场上，无法再看一眼故乡。
龙心告诉他，那不过是世上又拂去了些许微尘。战争伴随代价，生命终会再生——龙裔也绝非仅有持明一支。但人心悸痛着，为那些与他战友一样，有着温暖血肉的同袍，为那些也许能活更久，如今却无法再返其乡的凡人而疼痛。"
丹恒•饮月,3,其三,"无光的幽暗中，他仿佛回到持明卵中，在波涛与幻梦里辗转来去。
他梦见自己分开海水，来到宫墟深处，埋葬故友残存的碧血，或是创造许久未诞的新生——又或者这两件事本是一体，是久久无法实践的渴望，是压垮巨龙的最后一根稻草。匠人持剑一路护卫，血痕累累。他敦促自己下定决心。
「倏忽死了…我们赢了，可还能再赢几次？我们还要付出多少像这样的代价？」
「看看这建木，它依然还活着。只要建木矗立，怪物们…它们可以一遍遍卷土重来。仙舟人、狐人和持明对抗孽物的战争，永远不会结束。」
「是啊，我们每个人都没什么特别的！我们每个人都只有一次生命，为这个牺牲，为那个去死…这全都是我们自己的选择。就像她选择了救你和镜流…就像她选择了让更多人活下去！」
战争，还有那些在战争中消失的生命，每个都和自己一样，是呼吸着的人。
他想起那些人的脸庞，疲倦地合上了眼，下定决心。
「如果有机会…我们也会选择让她，还有更多人活下去。
——持明有自己的解救之道。我可以试试。」
梦中之梦，身外化身。他回到了自我即将消逝的前一刻，冷眼旁观看着自己化为龙形，与那团无定变化的血肉之影纠缠角斗。濒死的幻觉中，神使向他展现了诡丽的图景，星辰像血红细胞般翕张着吟唱，宇宙堕入肉与欲望的渊薮。龙心努力搏动，奋起爪牙、吐息和愤怒——可无论如何强大，生命也不能对抗生命之神的使者本尊。
直到一艘星槎如箭矢刺穿了一切，他看到那个女孩从废墟中艰难爬出，手中高举着一轮绝对黑暗的「太阳」。在那快如永恒的瞬息里，他看着她的手消逝，看着她的面容消逝，他看着她消逝——那物什将周遭的一切碎为最细腻的齑粉，卷入力量的风暴里，连同女孩自己。
一缕碎发和几滴血落地。证明她存在过的痕迹，只剩这些了。"
丹恒•饮月,4,其四,"无光的幽暗中，他仿佛回到持明卵中，在波涛与幻梦里辗转来去。
他梦见锁龙针钉入身躯，珊瑚金造就的锁链重重捆缚，将他悬吊在幽囚狱里。他梦见长老们来了又去，询问他妙法的真相和龙心的所在。他沉默不语。
他梦见幽府的判官们来到他面前宣读判词，要判他大辟入灭。他沉默不语。
他梦见白发的云骑骁卫前来看望他，为他带来斡旋的结果。持明们不许他死去，也不许他离去。他沉默不语。
他梦见再度与他们举杯共饮，他梦见自己褪去龙鳞，他梦见自己重回卵中，成了另一个人。
他梦见了许多许多，就像一场永远不会结束，名为「自我」的幻戏。
幻戏之后，是更清晰却不可及的虚像。
他看见自己被放逐，他看见自己登上一辆列车，他看见自己奔向遥远的星空，再不回头。"
乱破,1,其一,"银河忍法帖之缭乱破魔传•试炼节点：无慈悲的手里剑
>>系统初始化>>
>>用户缭乱•忍侠接入完成>>
>>忍者等级验证中>>
>>欢迎进入属于你自己的忍者•游戏！>>
试炼系统：忍之都的街头，铺满了绿色的不祥月光。御猿屋内，碎裂的玻璃罐体流出恶臭的粘液，怪异的号叫不绝于耳。
试炼系统：你身携大师所赐缭乱•彩墨•忍具，穿梭在无情的酸雨之中，劈开脏污的空气，朝着御猿屋的核心奔去。
试炼系统：邪忍们发现了你，他们说着你听不懂的话朝你扑来。
？？？：「试验品暴动了！」
？？？：「天杀的，你把昂贵的仪器都弄坏了！」
？？？：「谁把这该死的病毒灌进了她的脑子！」
缭乱•忍侠：「咿呀——」
系统消息：忍者释放了手中的异彩！
缭乱•忍侠：「咕哇——」
系统消息：忍者利用地形甩开邪忍们的包围！
系统消息：大般若神在上！忍者的生命值已降低到警戒值！实际危险！
系统消息：忍者突破了包围圈！
系统消息：忍者站到了忍之都的顶端！
系统消息：忍者的光芒照亮了这座破败不堪的城市！
缭乱•忍侠：「恶徒们，准备好吟诵辞世句吧——」
缭乱•忍侠：「忍法•奥义•缭乱灭破杀阵！」
试炼系统：御猿屋的阵法如雪花般崩裂，你终于推开了忍之都的大门。
试炼系统：你失望地发现门外没有始作俑者「御猿•邪忍」。
试炼系统：你惊讶地发现忍之都外的世界很大，大得有些令你害怕。
试炼系统：你回头看了一眼，心中默默地做出了决定。
选择：
1、往前走。
2、往后退。
系统消息：忍者还有五秒做出选择。
系统消息：5
系统消息：4
系统消息：忍者选择了【往前走】。
试炼系统：大岚神在上！忍者没有回头的道路！况且，没有一个人能拒绝拯救世界的英雄传奇。
试炼系统：开启属于你的《缭乱破魔传》吧！
系统消息：用户【缭乱•忍侠】经验+10000，获得可大幅提升攻击力的【降魔•花弁】。"
乱破,2,其二,"银河忍法帖之缭乱破魔传•试炼节点：忍者之心大肚牛肠
>>系统初始化>>
>>用户缭乱•忍侠接入完成>>
>>忍者等级验证中>>
>>欢迎进入属于你自己的忍者•游戏！>>
试炼系统：破除了御猿屋邪阵后，你立誓要消灭御猿•邪忍。
试炼系统：你正在游历于一个陌生村庄，顺道救下一位被战斗猿追杀的「旅者」。
试炼系统：你发现，他居然是曾隶属于御猿屋的记录员。毫无疑问，御猿•邪忍也要对他赶尽杀绝。
重伤的记录员：「太可笑了，没想到是被你救了。」
重伤的记录员：「你还在践行忍者那一套，你知道吧？那只是『模因病毒』。」
重伤的记录员：「什么超人类、什么忍者、什么游侠…无论哪一个未来，都由别人决定。你永远没法回到真实的『世界』。」
系统消息：忍者正在思考记录员的观点。
系统消息：大岚神在上！忍者的士气开始下降。
试炼系统：哎噫噫！多么残酷的真相。你早就知晓，只是不愿面对。
试炼系统：但此时此刻，你必须做出抉择——邪忍的部下再次追来，你是否还要救下这个以怨报德的无恩无义之人？
选择：
1、救人一命。
试炼系统：「我的未来大道无垠，邪忍不过岸边的足印，唯一选择是正义的猎巡！」
试炼系统：你吟唱忍•真言，轻松解决了邪恶猴子。你不在意「忍者」之名是否为真，因为你知道自己所为之事源于真实所想。
2、我不管了。
试炼系统：「又是邪忍的独断•狂言！」你对他的话嗤之以鼻。可你实在讨厌身后那些猴子，于是你一边冷落他，一边解决了追上来的人。
系统消息：忍者选择了【救人一命】。
系统消息：忍者的士气快速上升！
系统消息：用户【缭乱•忍侠】经验+20000，获得可提升士气上限的【忍•心】！
试炼系统：你不再怀疑，甚至不再关心这些妄图宣判你的独断•狂言。
试炼系统：他们说你是个沉浸在自己世界的可怜虫。
试炼系统：但他们自己又何尝不是呢？"
乱破,3,其三,"银河忍法帖之缭乱破魔传•试炼节点：忍侠之道是为何道
>>系统初始化>>
>>用户缭乱•忍侠接入完成>>
>>忍者等级验证中>>
>>欢迎进入属于你自己的忍者•游戏！>>
试炼系统：这是你成为缭乱忍侠之后第三十三场战斗，你追猎御猿•邪忍的足迹，从他的邪恶之手中拯救出一个个世界。
试炼系统 ：你看着眼前被自己炸毁的地窖，阳光穿透墙洞，春风第一次涌入这个巨大的洞穴。
试炼系统：眼前是一个被「御猿•邪忍」蒙骗二十年的军•火村。生活于地下的村民认为外界充满战争，甘愿退化成为制造武器的工具。
试炼系统：咿呀！但你完全了解居民的真实想法。他们依赖那个战争的谎言，以筑成内心虚假的幸福与满足感。
试炼系统：因此，他们对未来充满怀疑。
当地居民：「当我们相信地上战争未止，而我们却能在安全地举行婚礼与葬礼时，我们因享受了他人难得的生活而感到幸福。」
当地居民：「当我们被告知地上的军队需要靠『地下』的武器制造来赢下战争时，我们因同样有生而为人的价值而感到幸福。」
当地居民：「你说战争早已结束？过去的生活是军火商的谎言？那、那这20年我们付出的一切是为了什么！？」
系统消息：忍者正在被不明真相的当地居民质问。
系统消息：忍者的士气缓慢下降。
试炼系统：但就如所有受到御猿•邪忍残害的世界，倘若置之不顾，他们和后代终将遭受更多实验的痛苦。
试炼系统：就像曾经的你一样。
试炼系统：请问，现在的你如何选择？
选择：
1、坚守忍道。
试炼系统：「忍侠之道，扶正祛邪。斩灭世间恶孽，是在下欲攀的高天。」
试炼系统：你使用空手道让地窖又坍塌了一面墙，更多的阳光涌了进来，有些人往里缩得更深，有些人正朝外走去。
2、弃之不顾。
试炼系统：你没有再为「真相」辩驳，你尊重他们的想法。你黯然离去，顺便解决了地上的军•火邪忍。你心想，围墙已破，他们终会被阳光吸引。
系统消息：忍者选择了【坚守忍道】。
系统消息：用户【缭乱•忍侠】经验+30000，获得可提升坚韧度上限的【缭乱•忍道】！
试炼系统：军•火村新出生的生命以惊人的速度适应着真实世界。你欣慰地看到，他们能够幸福无忧地长大成人。
试炼系统：恭喜你，又一个村庄摆脱了邪祟——但你云游驱魔的速度，远比不上御猿•邪忍危害四方的效率。
试炼系统：你来不及有一丝疲惫，接下来，你该往何处去？"
乱破,4,其四,"银河忍法帖之缭乱破魔传•试炼节点：最初的和未来的
>>系统初始化>>
>>用户缭乱•忍侠接入完成>>
>>忍者等级验证中>>
>>欢迎进入属于你自己的忍者•游戏！>>
试炼系统：瓦修！限时任务！
试炼系统：你惊讶地发现自己掉入了宇宙的奇洞，进入了一段特殊的幻想故事线——「如果我不曾是忍侠」。
试炼系统：年幼的你不用再吞服蕴含过量忍•力的密药，不用遭受雷遁忍法的折磨，心智不再受缚于模因病毒。
试炼系统：假若你不是忍侠，会想成为什么样的人，会拥有怎样不同的人生？
缭乱•忍侠：「不知道，我从来没想过这个问题。」
试炼系统：果然，狩猎邪忍，弘扬忍道——这项行动原则简直是被刻进了你的所有肌骨。所以，还是由我来为你提供选择吧：
选择：
1、热血漫画家。
试炼系统：绘画是你自幼时便兴起的爱好，你阅览了各式各样的漫画绘本，逐渐被那些绚烂的色彩和精彩的故事吸引，你想创造同样令人热血沸腾的角色与人生。你成为了倍受欢迎的热血漫画家。
2、金链子歌手。
试炼系统：你生活在遍地学究的研究所，他们张口闭口皆是生僻术语，或矫饰过头的辞藻。他们矜持不苟，严明语法，谄媚权威…这使你厌烦了虚假庸常的言语。你将自己的真言吟诵成曲，成为了叛逆的歌手。
3、武道馆教练。
试炼系统：你天生拥有超于常人的身体素质，专注于身体运动带来的精神刺激…你成为了武道馆教练和宇宙空手道大师。
试炼系统：面对这些人生原本应有的不同可能，你茫然无措。它们没有仇恨伴行，也无使命束缚，不用辨明复杂的善恶，拥抱自己抉择的人生。如果有这样的选择和可能，你还想成为忍者吗？
系统消息：忍者在此关中有足够时间进行选择。
>>游戏暂停中>>
她摘下了脸上的目镜，低头若有所思。
「流晄忆町的超•幻境真是提出了一个有趣的问题，若在下未踏上缭乱忍道……」
那假绘的蓝图让她陷入短暂的遐想，但她马上就将这个问题抛到了脑后——
「但除非天下邪祟除尽，否则此番假想也只是无根泡影。」
天际的流星已然升起，在忍侠的狩猎完成之前，必须心无旁骛，其余皆为一瞬杂念。
缭乱•忍侠压低帽檐，没有任何犹豫，向真正的试炼之处跃去。
>>游戏保存中>>
系统消息：用户【缭乱•忍侠】已暂离游戏。"
云璃,1,其一,"她将剑翻了个身，好让火舌尽数吞没剑体。熔兵剑炉里弥散着灼烧的热温，此时却透出一股腥涩的怨味。
云璃面无表情地看着窗外的夕阳。伴随着年龄渐长，以前的疑问也逐渐有了答案。
岁阳…汲取人类的情绪、吞噬人类的感情…然而刀剑是武器，向敌的剑尖铸满杀意。炼入岁阳的利剑持续吸摄着刀光剑影里的嗔怒、嗜杀、暴戾，反噬执剑者的心智，最终成为「魔剑」。
「你知道他挥剑时的心情吗？兴奋…骄傲…唯我独尊！他不过是个普通的云骑，永远的吊车尾！他几百年甚至永远也不可能实现的愿望，是我替他完成了！你凭什么——」
她又添了把火。魔剑之将死，其言也多，啰嗦。
「呵…你知道他曾丢下佩剑，上马临阵脱逃吗？人类如此怯弱！你以为自己在做什么有意义的事吗？只要人类还有一丝一毫的欲望，你就不可能猎尽……」
在那之后，她确实立誓要猎尽魔剑，也想偿付含光罪孽，但那人罪业固然难以罄尽，她也实在不屑与孽债同行。空气被热温烘得有些扭曲，云璃盛气凛凛的神情却无比清晰。
「虽然我看不惯好剑被烂人糟蹋，但我也不想看到好人被恶剑侵蚀。
「是宝剑是屠刀，不由你们这些只想嗜血的邪秽决定。
「坏人当罚，坏剑当熔。你嘛，乖乖回炉重造吧。」
炉火彻底吞噬了魔剑，铁水伴着火星一起沸腾，宛若熔炼时剑髓的新生——这是她给出的答案。
「何不将魔剑熔去？熔为新生的铁水灵液，既断于无心，便等待有心之人再铸剑锋。」
她合上炉窗，高温浓缩，无形热浪裹挟着她的遐思。
一切正在重生。"
云璃,2,其二,"「为何要夺他人宝剑？」
怀炎叹了口气。而得知这点小事又被报告给爷爷的云璃却不甚服气。
「刀剑虽无血肉，但它们汲取铸剑师的寄望，消纳剑士的心志。你可有想过，剑离人手，便会失心？」
「可人也千差万别。有用名剑彰显身份只为行方便的人，有继承家中好剑却欺凌弱小的人，有拿云骑兄长遗物之剑到处炫耀的人…我夺的是这些人的剑。」
怀炎望向云璃身后，被取名为『老铁』的熔铁剑骸，剑锋尚未锻成，但利脊笔挺——就如眼前的女孩一般。
「反正我就是看不惯宝剑被人糟蹋。」
「那你将它赢来，以后就带它出去了？」
「唔…可是我有老铁了，这不是见异思迁嘛……」
「还有之前赢来的剑呢？又将它们束之高阁，蒙蔽其光？」
「当然不是！我没想好…比武？打赢我就送！」
「强求剑意，强赋新鸣，可不是它们最好的归属。」
见云璃懊恼茫然的神色，怀炎无奈地笑了声，也松懈了威严的伪装。
「你年纪尚小，倒也不用想这么严肃的问题……」
但她无法不想，过去的记忆仍在敲打着她。窗外，落日之后便又是沉沉黑夜。
那做出抉择的，究竟是剑，还是人？"
云璃,3,其三,"她循着声音来到工炼房角落，父亲不在，地上只有一把硕大的混铁剑骸，云璃拾了起来，那剑骸比她人还高。她好奇地抚摸着，模仿含光的样子，假装对它进行加工。
但这把大剑并未铸成——含光熔炼岁阳魔剑，招致焰轮铸炼宫的悲剧。云璃被及时赶来的怀炎救下，逃过一劫。她成为了怀炎的弟子，那剑胚也被她一同带离。
「云璃，原料若超出规范，剑也易折。」同窗的学徒忍不住提醒她，还有他的佩剑——正在娇俏地指责她的手法。
「你也太矜贵了，多刮刮树皮吧。」
同窗露出疑惑又尴尬的神情，云璃抬眼瞧了瞧同窗怀里噤声的剑，「不好意思，不是说你…是你。」
「我名芒光。剑头利如芒，恒持照眼光。」
她知道那剑将被主人藏于宝库，翳其剑光。
「我叫小茉莉，我喜欢剑柄上刻的那朵茉莉花。」
她知道小茉莉虽不满主人乱取名字，却为自己被珍视而感到欣喜。
人言莫辨，剑声更为单纯。
让人失智癫狂的魔剑和地上遍布的腥臭血迹…依然映刻在她的记忆，或许也映于那剑胚的记忆中。但它依旧无言，从未向她谈起那段往事。
「你也看见了那些浸满嗜血杀意的剑影，对吧？
「现在想想，那些岁阳应该也使唤不了你，你闷得很，还又大又钝。」
剑胚忽然震颤，掀起一层乌黑的碳粉，落下却如令人凛然的星云。
「原来你是因为拒绝岁阳才被那人遗弃…连你这把未铸成的剑都懂的道理，父…他怎么就……
「不过，剑什么时候算是『铸成』呢……」
她忍不住伸手抚摸它凹凸不平的剑锷，虽无剑脊，却满是凌厉。
「又不说话了？你还真是个铁疙瘩…不如，就叫你『老铁』吧。」
「别担心，也许你在他人眼里只是把没有剑锋的胚体，但剑意不分利钝。」
「我挥出的，就是利剑。」
「走吧老铁，随我出去见见世面。」"
云璃,4,其四,"在工炼房里旁观父亲炼剑时，剑炉喷薄的燥热会让她肚子饿得出奇得快，往往一两个时辰后就不见了身影——她要偷跑一趟集市，填饱肚子后才能好好观瞻学习。
「这家肉龙肠出食总比别家快，师傅串肠的手法干净利索，竹签一下串进肠心，不歪也不斜。如果他去练剑，剑风一定爽利。」这么想着，她排在了队伍末端。
胡麻饭团的铺子以往总是老板娘当厨，今天却是她的丈夫。他小臂的肱肌要比膀子肉更紧实，看着像是练过刀，因而抓起饭来也颇有大破大立之感——饭团一个顶平时三个大。她立马凑近：「两份，多抓点饭。」
青衣小哥卖的炸糖藕发挥总不稳定，但今天做得尚好，甜而不腻，外酥里脆。她吃完一个，没走远，站着又看了会儿。小哥今天边糊着糖汁，边有规律地转着手腕…居然是练剑的动作，他是几时学会的？「嗯…看来厨艺中亦有剑术……」
等她吃饱回到家，已是黄昏。院子里戴着铁盔的男人从父亲手上接过一把崭新的剑。
「多谢含光大师，鄙人定将…除恶务尽。」落晖渲染着那人汹涌的坚毅，却也添了份薄暮的无望。
残阳却未落入云璃眼中，她只注意到铁盔男人明明魁梧有力，腰胯壮健，这把剑却剑体轻薄，剑尖从坡度明显大于普通利剑，这样的构造更利于应对不同方向的敌人…但那男人接过剑后，第一件事却是检查剑缰的韧力……
「他是冲锋的骑兵，对吗？这么轻的剑却还寄望于剑缰使剑不离手，一看就像会临阵脱逃的样子…而且骑术还不错。他配不上你的剑。」
含光讶然地看着云璃。
「吃那么多东西，不就是为了练眼力嘛。」"
仙舟三月七,1,其一,"为什么三月七要拍照？
「第一，自己这样的女孩子应该喜欢这么做。」
「第二，所有拍下来的东西，就不会忘啦。」
三月七对拍照有什么心得？
「第一，对黑暗料理需要进行局部细节拍摄，因为『拍过等于吃过，要细细品味』。」
「第二，只要自己闭着眼睛拍照，就一定能拍到对方闭着眼的表情。」
为什么三月七要把相机挂在身上？
「下次谁还想把我封在冰里，就必须把相机一起封进去！」
所以三月七为什么不用手机拍照呢？
「对哦，为什么呢——等等，什么为什么，这是仪式感嘛！」"
仙舟三月七,2,其二,"能力为「六相冰」，但三月七一直坚称那不是冰，而是某种凝聚态结晶。
「拜托，你有见过这么好看的冰么？」
战斗时使用的弓矢也是用「六相冰」凝成的，但实际上对自己使用弓箭一事并不满意。
「你有见过哪个大佬是用弓的么？」
「况且，用我凝结出的弓矢去攻击我凝结出的护盾，根本什么事都不会发生啊！」
为此还曾经刻苦修行名为「斩星破宙•大琉璃剑」的绝招，目前成效为零。
「小三月，听名字应该是大剑吧？」
「嗯，但感觉好像不如冰雕…砸。」"
仙舟三月七,3,其三,"相比「列车长」帕姆，「领航员」姬子，「护卫」丹恒，「什么都会的」瓦尔特，即使自称为「勇士」，连三月七都很难说清楚自己在列车上的分工。
但三月七的一举一动，无时无刻都在影响列车组的行动方针。
「三月七旅客摔倒了……」
「三月，小心头顶的方铅矿球。」
「小三月，那边的景点拍过照了吗？」
「我相信小三月，她说不好吃，那就肯定不好吃。」
与其说三月七容易让人放心不下，不如说她总是会让人放在心上。
当然，三月七对此毫无察觉，她正在全力思考适合{NICKNAME}的列车组定位。"
仙舟三月七,4,其四,"即使种种迹象表明，对于一直在宇宙中漂流的三月七，她刚醒来的情况并不算糟。
身处于一辆恰好路过的列车上，车上的人看上去也很亲切。
唯一的问题是，即使她对周遭的情况保有合理的认知，对自己却仍旧一无所知。
「我是谁，我来自哪里……」
三月七看着镜子中的自己，一边试穿姬子给她置备的各类服饰，一边为自己想象着几十种身世。
哪一种才是她的过去，哪一种才是她这样的女孩子应有的过去…三月七无法确定。
但三月七能选择的，只有现在的自己；她能望向的，也只有未来。
她恐惧着，又庆幸着。"
仙舟三月七,5,仙舟,"初入罗浮，建木灾异，演武仪典…她目睹了仙舟的变化，也见证了自己的成长。
照片上的女孩子在花林之间腾挪移转，凌厉的剑招下，落花如雨，纷纷乱乱飘满了她的衣裳。
还是以前那个三月七吗？步法熟练，从容不迫。不知不觉，双剑已是舞得小有所成…她都有些认不出自己了。
「嗯…自己是谁，应当由自己去探寻……」
她暗自下定决心，满怀期待地看向天空。在那里，无数的星星、无数的世界朝她眨着眼。
「我的过去，正在一点点变多呢。」
她的过去与未来，都已逐渐染上新的色彩。"
佩拉,1,其一,以下内容摘录自《银鬃铁卫面试选拔记录•情报部•第二十四卷》一〇二页。 有关应试者的个人基本信息—— 「本人的名字是佩拉格娅•谢尔盖耶夫娜，您可以叫我『佩拉』。」「本人毕业于贝洛伯格士官学校社会科学学院及理学院，获战争研究学与情报学双荣誉学士学位。」「您问兴趣爱好？不好意思，请给我一些组织语言的时间……」「…本人的爱好是『贝洛伯格史前音乐研究』。就是这样。」「没了，没有其他兴趣爱好了…真的，请相信我，大人。」
佩拉,2,其二,以下内容摘录自《银鬃铁卫面试选拔记录•情报部•第二十四卷》一〇三页。 有关为何是荣誉学士学位—— 「大人，请允许我向您复述《贝洛伯格士官教育及学位军衔授予规则》第三编第五章第二十三节第一条第七款中的相关内容……」「若学位授予对象未满足最低年龄需求、且已修满目标专业教学计划学分时，应授予对象『荣誉学士』学位头衔。」「是的，本人目前没有任何继续进修的计划——将来也不会有。」「实践胜于理论，大人。」
佩拉,3,其三,雪夜的贝洛伯格，停滞的巨大座钟下，少女们的嬉笑声从某扇格栅窗中随温暖的灯光流溢而出。 「『贝洛伯格史前音乐研究』？！这也太扯了吧！可可利亚她就没追问吗？」稍显成熟的女性笑得前仰后合。 「请称呼她为可可利亚大人，希露瓦。」一位娇小的女孩撇了撇嘴，又将起了薄雾的圆框眼镜取下：「她肯定知道我在你的乐队里打下手。」 戴着猫耳绒帽的少女附和道——即使在室内，她也不愿摘下那顶可爱的帽子：「…真不愧是你。那可可利亚大人知道你的其他爱好是什么吗？」 「哈，她肯定不知道，」被称作希露瓦的女性从地铺上起身，「同住那么久，我就没见她读过小说——她说这东西纯属浪费时间……」 「好啦，佩拉、玲可——明天还要陪你们参加《奇谭》交流会呢，该睡了哦。」
佩拉,4,其四,如果你熟稔贝城大小坊间传闻，那你一定不会错过《雪国冒险奇谭》；如果你又恰巧是它的狂热粉丝，那你绝对听说过「《雪国冒险奇谭》交流会」——时间地点不定，且只有收到邀请才能前往会场、一睹其真实风貌。 交流会的参与者只分作两类：享受创作的「生产者」与享受前者创意结晶的「消费者」。他们皆怀着对《雪国冒险奇谭》的真情实感，为贝城文学史上这座不朽丰碑添砖加瓦。 在那之中，又诞生了这样一位传奇人物——传说她是娇小的女性；传说她从未错过任何一场交流会；传说她总是佩戴面具；传说她曾为某绝版画册一掷千金；传说她也偶有产出，每次创作都会引发整个粉丝圈子的巨大轰动…… 「这么多传说，怎么不见与铁卫相关的……」「看来…我伪装得确实不错呢，哼哼~」
停云,1,其一,"世人常道：「狐人天生会行商」。若在茶馆「不夜侯」多作盘桓，便能深刻体会到这一事实。
「您有所不知，」那狐人女子一面摇着那柄精美绝伦的聚骨扇，一面盯着眼前将信将疑的男人，「一方水土养得一方生灵。若将苦水之邦的沙枳籽种移栽至翁瓦克的圣壤中，便能结成甜蜜沉重的炽阳橘。那自然是因为翁瓦克四风调和，土壤肥沃。而把塔拉萨的灯鱼苗引入敝邦，交由鳞渊境的持明族悉心培育，则可令灯鱼体长倍增至三尺有余。」
「『鸣火』最近的打算，便是悉心选出最有商业潜力的物种，由商团星槎接力递送，安全无虞。不出旬月，阁下就能获得第一批返货，为塔拉萨渊底水晶宫增色，更能成为贵邦出口贸易的特产。」
有腮的男人喷出几个珍珠般的气泡，在泡语中代表略带犹豫的赞许。随后他以声带发出奇妙的音节：「吾原以为『鸣火』干的都是囤积居奇，买入卖出的生意。你们这是打算撬开运输行当由公司独大的局面吗？说罢，要多少钱？」
「往返费用，十取其九。掮客的生意终归只是左手转右手，我的意思是，左鳍肢转右鳍肢。常言道，『大商无算』。于人有利，方能于己谋利。只要水晶宫的渊主认可，我想换得一纸…咳，一朋长久契约，如何？」
这一日，停云不仅谈成了一笔生意，更为联盟结交了一位长久的朋友。"
停云,2,其二,"停云自幼便不同凡响。
要知道，狐人天生便是「眼疾手快」的代名词——他们那闪电般的神经反射和敏锐的感官造就了这点，而这也使得狐人幼时大多淘气顽皮，讨俏得很。可停云呢？这位耳朵尖尖的小女孩总一副绵绵软软的模样，逢人不仅不猛薅人毛发，哪怕是被人薅了毛发，她还能凭一挂天真无邪的笑示人，更要奶声奶气地劝人住手……
虽不难理解人性有别，但比起忙不迭拆家的同龄狐人幼童，如此不善争斗的小停云仍旧急坏了她那在天舶司双双就任武备士的双亲。见小停云继承家业不成，两位最终是断了念想，任由孩子自由发展——
于是，罗浮的贸易史上便多了一颗耀眼的新星。狐人少女凭借自身温润的性格与才华，先后连接起十六个世界的贸易使团，还与星际和平公司重订了互惠协定。仙舟人的贸易节庆「海市」，在她的力促下也成为声名远扬星海的盛典。"
停云,3,其三,"说起停云的六骨叠扇，乃是工造司的机巧名物。
天外行商为了防范旅行中的危险，多半会佩戴武器防身。可停云是个例外——她坚持不用任何不符合自己审美的武器：刀、枪、剑、戟之类大抵过刚过强，到底称不上软款优雅；但若用暗器如飞镖银针之流，又显得自己貌似阴狠毒辣，实在有失体面。
思来想去，停云最终选定了这柄雕琢有加的叠扇。用她本人的话来解释，那便是：
「谈生意的人嘛，以和为贵。随身携带兵器，有伤交谊，不利商祺。」
「我这把扇子就不同啦，平时扇扇风，凉快凉快。遇到不好说话的也给他扇扇风，消消气。若能坐下来谈谈那自然好；若不能……」
「——就再用力扇他，让他哪儿凉快哪儿呆着去！」"
停云,4,其四,"然而，若想更进一步升任司舵，停云那温良的性格便要从助力变作绊脚石了——毕竟天舶司历任执掌者均是王牌飞行士，又个个是刀山火海里蹚过的战士——停云既无驾驶星槎的天分，也不善杀伤，与天舶司现任司舵驭空可谓是云泥之别。
更何况驭空已打算将未来托付于她，她却不清楚自己是否真有资格。
驭空于她而言不仅仅是值得信赖的上级、又或是行商遇险时出手搭救的救命恩人；在她心中，驭空已俨然成为光芒四射的偶像。她视之为精神寄托，视之为指引前路的道标；她想攥住星光，又发现自己只能在阴影中拼命追赶。直到那孤星同她说：
「时代在变。仙舟在变。总有一天，这艘巨舰会彻底厌倦血与火的天空。到那时候，这天舶司就是属于你的舞台了。」
她不知这番话中有几分玩笑，但她还是认真地把这些文字装入信封，锁在本家商铺的抽屉深处。她想自己一定不能忘记。
「即便不能驱舟上阵，也有我一展所长的机会。」狐人少女对自己说道。罗浮停泊缓航，正自与孽物的征战中休养生息，商业繁荣成了时代的底色。
少女明白驭空的期许，遂奔向星空，寻求更多的盟助与交谊。
「论当今罗浮舵术之首为谁，人们常以驭空大人为冠绝。可若要问我的意见嘛……」
「小女子这番鼓唇弄舌的功夫，又何尝不是一种『使舵』的本领呢？」"
克拉拉,1,其一,"「——日志 筑城纪元████年██月██日。」 「在磐岩镇东南方向的垃圾填埋场中发现一人类幼年女性。」 「经扫描，未见该幼童存在任何机体组织结构破坏或功能障碍，但精神状况较不稳定，对沟通自身状况一事表现抗拒，回避倾向明显。」「继续尝试与其交流,成功获得部分信息。」「幼童开始哭泣，长达三小时零七分。」 「该幼童名为克拉拉，身世不明。」「结论：将其带回基地观察，进一步收集相关信息，以便生成后续处置方案。」"
克拉拉,2,其二,"「——日志 筑城纪元████年██月██日。」 「克拉拉已能够熟练使用贝洛伯格通用语言，并在机械工程学科领域方面表现出卓越天赋,但克拉拉仍抗拒与其他人类进行交流。经评估，此种人格倾向不利于克拉拉在贝洛伯格的长远发展。」 「目前亟需为克拉拉拟定合适的社会交际教育方案，其优先级置为：高。」 「——日志 筑城纪元████年██月██日。」 「克拉拉成功与磐岩镇中同龄个体进行接触。本次接触对象名为虎克，自称来自磐岩镇当地的治安组织『鼹鼠党』，身份为总负责人——在本机数据库中未见该社会组织及其相关信息。」 「克拉拉与虎克的接触起初不太顺利，表现出了相当的羞怯情绪。但对方成功以极端的热情与同理心成功打开局面，并称其为『鼹鼠党的荣誉队员』。交流结束后，克拉拉将虎克描述为『第一个好朋友』。」 「此事对克拉拉而言意义重大，已将本日志归档为『重要』。」"
克拉拉,3,其三,「——日志 筑城纪元████年██月██日。」 「在克拉拉的指引下，已有为数众多的流浪者在本基地周围建立聚落，并依靠克拉拉的救助维生。这一行为与『存护』之指令并不相悖，然而，其中有许多人试图通过本基地的运输通道进入上层区。为此必须将基地大门封闭，以避免加剧贝洛伯格的灭亡进程。」 「克拉拉曾就此事与我发起讨论：她认为封闭大门这一行为是『无法理解』的。对此，我已告知演算结果：大守护者将过多资源投入到对裂界的战事上，这一行为反而会加速上层区的覆灭；对于下层区而言，与之隔绝将是最好的选择——下层区人民将因此争取到更多存活的时间。最终，克拉拉对此表示认可。」 「绝大多数人类的行为毫无逻辑可言，可克拉拉并非如此——她由我抚养、在自动机兵间成长，其一切行为举止都更多出自真正的理性。她的存在或许能够影响到关于贝洛伯格灭亡进程的演算结果，但仍需更多观察。」
克拉拉,4,其四,「——日志 筑城纪元████年██月██日。」 「我自诞生之初便被输入了『存护』下层区的指令——即使下层区只能比上层区多留存哪怕一毫秒，我也会严格将之执行。若借贝洛伯格传统文化中的概念描述，或许也可以这样说：『毫无疑问地，我忠于自己被赋予的使命』。因此，我视自己的计算结果为铁律——任何人、任何事物都无法使我动摇——包括『外来者』在内。」 「但是，在大量演算结果中，我注意到这样一种可能性。」 「在该演算结果中，克拉拉改变了贝洛伯格的一切。我曾对她如此评价：『她的一切行为举止都更多出自真正的理性』。若以该演算结果为基础，重新审视这一结论，我不能将之视为错误，但我注意到它有失偏颇。」 「在该演算结果中，克拉拉同时证明了一点：具备『真正的理性』并非改变现状的关键，反而是她那真挚且热烈的『情感』将一切计算结果颠覆，彻底扭转了贝洛伯格注定灭亡的未来。然而，除非有新的外因介入，该演算结果触达概率不高于0.25272%，应归入小概率事件组，暂停对该演算结果的进一步研究。」 「如今，下层区的存续概率在过去五个周期内未见明显上升趋势，评估认为该事项允许暂缓执行，但我仍将对相关风险因子置于监控下。」 「在本周期内，我将专注于为克拉拉寻找家人一事。尽管克拉拉不断表示『自己已经找到了真正的家人』，我还是将持续搜集相关信息，以便尽早发现克拉拉真正的家人之所在。」
刃,1,其一,"他只能见一片殷红，嘴里腥甜，四肢绵软
——自己应是死了。
「记住了么？」
他茫然地张了张嘴，那声响如未开化的野兽。
喉咙里的声音戛然而止，冰冷的硬物穿过了他。
如此反复，足有千次。
好生奇妙。肌理断裂时，他能听见筋骨桥接弥合的细微声响。
好生奇妙。体内的怪物被滋养着，他却要任它长为庞然巨物。
好生奇妙。他已丧失生存的信念，躯体却自顾自地恢复如初。
好生奇妙。
当剑再次试图刺穿他的身体之前，他抓住了剑，慢慢起身。
「记住了么？」
他对上女人血红的眼睛，脑中仍是一片空白
——他再一次被刺穿。
「记住死亡的感觉，带给他们。」
眼底的殷红又泛了上来，他盯着地上那杀他的剑，剑刃碎了半截。
「起来，让我再杀你一次。」"
刃,2,其二,"他只能见一片殷红，嘴里腥甜，四肢绵软
——自己应是死了。
黑发的少年浑身颤抖着，却仍紧紧攥着手中的长枪。
他没有龙角，反应也比记忆中更为稚嫩——
但他不会认错这把长枪，不会认错那双眼睛，那静如湖面的青绿下是怎样的残酷。
伤口开始愈合，他转了转眼珠，看向少年。
少年毫不犹豫地再次挥动长枪——
「就是这样。」
对敌斩尽杀绝的人，是你。
一手葬送挚爱的人，是你。
差点引致故乡毁灭的人，还是你。
他再次倒了下去。
少年捂着身上的伤口，步步后退，直至离开他的视线。
「███，在亲眼见证你的死期之前，我们会再见面的。」"
刃,3,其三,"他只能见一片殷红，嘴里腥甜，四肢绵软
——自己应是死了。
怪物再次吞噬了他，但这次他面对的不是别人。
高大的铠甲沉默不语，他被牢牢禁锢在那双手臂中，说话的是戴墨镜的女人。
「听我说，我可以再杀你一遍，否则没法把你带回去。」
她的声音很温柔，连他体内的怪物也安静了下来，听她说话。
「但我不想那么做。」
女人俯下身，在他耳边轻语。那是他无法拒绝的交易。
「你们想要什么？」
「还有比目睹不死之人如何死去更令人高兴的事么？『他』这么说。」
高大铠甲松开了手臂。「命运」已在前方，他会同他们一起走。
「听我说，阿刃，放轻松。」
「听我说，你什么都不要想。」
他点点头，女人走到他身边。她笑着，他却觉得那笑容非常悲伤。
「也许有人离开了她，没有听她说完话。」他想。"
刃,4,其四,"他什么都看不见了。
他想起几十年前，自己随商船来到仙舟，为此地的鬼斧神工所折服。
少年茶饭不思，肆意挥洒自己的灵感，他锻造百种奇物，其中有四件最为著名。
名为「支离」的剑通体无瑕，漆色中泛着血光，只有仙舟最强剑士方能诠释此剑的真谛。
狐人少女曾在绝境中用曲弓三箭并发，却仍不忘一边驾驶星槎一边同众人谈笑。
黑发龙角的男子以御水之术为同伴疗伤，在下个瞬间又将水附着于长枪之上，瞬间刺穿敌方。
还有那总爱同他拌嘴的少年，见到这把阵刀时，却是一把抢了过去，再也不愿放手。
如今，██已经死了，这最初的、唯一的死亡。
但他仍在此处，那尚如少年的头脑思索着，他将永远思索着。
他思索着自己不再灵巧的双手，那双手已无法再打造任何兵刃
——但这一切与他无关。
从今往后，那具躯壳，将是唯一的「刃」。"
刻律德菈,1,其一,"北境帝国许珀耳，严寒的国土燃烧着不熄的野心。
自那无嗣的君主陨落，继位者悬空，帝国已然四分五裂，内战不止。
失去家园的难民踏上乞讨为生之路，受伤的女孩因那一头罕见的蓝发在皑皑冰雪中格外显眼。
「只有受塔兰顿赐福的王室，才有如同火焰一般飘扬的蓝发，也唯有天选之人，才能流淌金色的鲜血……」
只因偶然的一瞥，野心勃勃的贵族将乞儿收养，向外散播着流浪王女的传言。
她被带上辉煌的高台，贵族高举她的手臂，那刺破的指尖滴下如同黎明一般浓郁的金血。
台下民众眼神狂热，那灼热的期待似乎要将她一同点燃。
「从此刻起，你就是王女『刻律德菈』。」
贵族将她带入宫殿，她穿上华美沉重的服装。
「刻律…德菈？」
只因一刻犹豫，脸上火辣的刺痛几乎让她流下眼泪。
「我是，我是…刻律…德菈……
「我是刻律德菈。
「我是。」
她忍住自己的颤抖，任由耳边的哭喊远去
——那是上一任王女的哀嚎。
她日复一日地学习皇室礼仪，直到狭窄的束腰再也不会让她疼痛，直到她能面不改色地大声演讲——
「王女年幼，我将摄政，统理许珀耳帝国政务。」贵族以她的名义收拢人心，将王室之权据为己有。
「反正都是任人摆弄的弃子，她扮演得还不错，可以留着。」阴影里，新任的摄政王对宰相窃笑。
幽闭的时光望不到尽头，稚龄的「王女」将目光从远方隐约的星空移开，落回眼前的棋盘。
这是她用于自保的游戏。
「骄傲的王女，你的眼睛似乎总在观察，也似乎总在隐藏，就像……」
「就像什么？」
悄然几手间，她将要抵达棋盘的边境。
「就像…将要燃起的火焰……」
老师苦笑着掷下棋子，千百次的对弈中，已没有王女无法解开的棋局。"
刻律德菈,2,其二,"宫女与侍卫无权无势，却是流动的宫廷中无孔不入的眼线——
她以恩惠拉拢，搜集情报，布下纵横交错的棋路。
与新王不和的旧贵族暗中谋划反叛，将刺客安排入王的禁卫军——
她假意与之合作，布下借刀杀人的「马」。
帝国人民爱戴她虚假的血统，于是她体恤孤老，扶助弱小——
那日益高涨的名声为她拉拢人心，布下力量磅礴的「车」。
「请于幕匿三刻，帐中相候，有要事密告——您忠诚的宰相。」
各怀鬼胎的重臣意欲外征，当密信交付于她，她知晓关键的「象」已经出现。
烛火在帐内勾勒出虚伪的影子。宰相脸上挂着笑容，就像一幅失色的画。
「北地不似那温暖的南方。」他指向桌上的地图，「蜗居于此，许珀耳必亡。我已联络大陆上最优秀的佣兵，王希望您能亲征……」
她未尝不知自己已被视弃子，一旦失败便要背负一切责任。
但她已等待太久，不孤注一掷，怎可颠覆一切？
穿越埃普斯群山，她抓住吕奎亚城发动反抗战争的机会，率军击溃他们的同时将金血将领福特图多收入麾下，更为自己赢得军心。
一城、两城、三城…许珀耳的军队如火焰燎原，当蓝发的少女高举旗帜，铁蹄将踏破她所指向的国度——
她望着初具雏形的大军，知晓最后的「兵」也已即位。
在那漆黑的雪夜，凯旋的王女骑乘银白的骏马，带领大军撞开国门，宣读崭新的律令——
「今日起，我将为许珀耳带来公正！」
摄政的「王」从寝宫中被拖出，拒绝服从的臣子与旧部尽皆倒在军士的锋刃之下。
「她…她不是刻律德菈！」
她站在高台，划破手腕，黄金血伴随众人的嗤笑滴落，将「王」的绝望淹没。
「摄政王荒淫无道，大乱天下，我以『律法』之名宣判汝——」
北地的寒风中，她的蓝发猎猎飞舞，如同火焰般耀眼。
「火刑！」
火光中，她戴上了那顶属于帝王的冠冕——她唯一的战利品。
一簇幽蓝色的火苗自冠冕顶端燃起，此后再不曾熄灭。"
刻律德菈,3,其三,"三相的神谕自雅努萨波利斯，传向大地上无尽纷争的城邦。
「拯救世界…从来不是执棋者的兴趣。」
她品味神谕，熊熊燃烧的未来仿佛就在眼前——
「但与那自视为主宰的神明相争，乃至走向天外…的确是旷古而绝世的一局！」
漫漫长夜中，她如璀璨的灯火吸引流淌金血的人子：
奥赫玛的议院中，黄金裔与平民共享争论与决议的公民权。
宏伟的图书馆拔地而起，逐火的使命人人皆可获取。
军队的旧习被废除，深海的游鱼搁浅在陆地，循着血与火的气味成为她的剑旗。
奥赫玛的政坛中，圣城的「金织」冉冉升起，金丝的颤动将众人的命运彼此连缀。
……
但那棋盘以黄金之血勾勒，她的对手是神明。即便她以燃烧之痛换来冠冕，以永驻幼年换取未来，胜利的天平似乎从未真正倾向人子。
「逐火是不断失却的旅途……
「唯有同等的代价，才能交换同等的胜利。但要击落神明，还远远不够……」
她日日夜夜推演，不愿自己的忧虑被人看见。
「既然你是棋手，我们便是棋子，对吧？」
不等她的回答，以剑为琴的少女洗去手上的血腥，点了点头。
「我明白了。」
唯有此时，那高傲的女皇才会罕见地沉默。
「如果可以……」
她的脸上浮现一丝似有若无的苦涩。
「不，没有如果。」
猎夺「海洋」火种的战役前，她再一次站在高台，望着五百位屏息等待谕令的臣子。
「诸位——」
当她的声音响起，欢呼声响彻云霄。
「今日，『海洋』将为我们倾覆，那『毁灭』的巨兽将成为无往而不利的武器，为征服星海举杯吧！」
她知道前方是有去无回的血海，但她必须扮演斩钉截铁的君王。
再一次，她仿佛听到老师的告诫——
「棋是牺牲的艺术。
因此，棋手须首先立下必死的决心。」"
刻律德菈,4,其四,"「啪嗒……」
血滴入水中，掀起金色的涟漪。
「剑旗爵，你可曾想过，此战之后，我们该去往何方？」
执剑的少女沉默许久，摇了摇头。
「等到反叛的浪花散尽，我们就去向星海，那里一定有你想要的清澈大海。」
她露出一抹微笑，挥杖向天。
「众神让我们相互厮杀，让翁法罗斯自绝于银河，我便要剑指众神。无论是天下的众神，还是天外的众神。」
「啪嗒……」
血滴入水中，掀起金色的涟漪。
「剑旗爵，若有一天，我命令你向我挥剑，你会怎么办？」
少女继续沉默以对，以为那不过又是一个残忍的玩笑。
「请一定用最锋利的剑刃。这样，才对得起那些因我而牺牲的将士。」
她将代表自己的棋子掷出棋局——
「瞧，有舍才有得，棋路宽阔多了。」
「啪嗒……」
血滴入水中，掀起金色的涟漪。
「剑旗爵，你觉得谁能在我们身后，接过逐火的重任？」
她们不约而同看向了远处的「金织」。
「这尾小金鳟，终会变成池中的大鱼儿。」
「啪嗒……」
血滴入水中，掀起金色的涟漪。
「许多人猜测我向塔兰顿交易了什么，百战百胜的力量，还是律法的权能…呵，那根本无需神明的帮助……」
故人身影消散，她感到寒冷逼近，天空漆黑一片，仿佛没有星光的洞穴。
很久以前，她也曾在彻骨的寒冷中，亲眼见到流着黄金血的孩子被带走。
「可在那吃人的世道，让自己拥有黄金的血…才有推翻这一切的机会，哪怕…我将以此模样度过一生……」
蓝发的女孩闭上双眼。
「但真正的愿望自始至终…只有一个……」
从几乎冻毙荒野的乞儿，到傀儡一般的王女，到与神相争的领袖，她亲手将自己擢升为棋手，又亲手将自己当作弃子抹去——
「我要，征服世间不公的命运！」"
加拉赫,1,其一,「烟草、糖果、廉价洗发水——他闻起来就像一个典型的中年单身汉，衣服还算整洁，但总是皱巴巴的，没有品味，也懒得打理自己的外貌。他朋友不多，下了班最大的爱好就是来上几杯美梦特调，老地方，老口味，老招待，数十年未曾改变。 这样的人却能够赢得一帮猎犬家系成员的拥戴和尊敬，原因大概与他脸上的伤疤有关系。在几乎没有意外的美梦中，一道狰狞的伤疤对于治安官来说就是一份罕见的荣耀，亦是资历与名望的象征。 每次面对案情，他总是先剥一块糖扔到嘴里，嚼得差不多的时候，他皱着眉头开始调查，在深夜的酒馆苦苦思考线索指向的方向。但和那些毛头小子不一样，他似乎已经不再为了抓到嫌犯而高兴。面对着那些在美梦中堕落的所谓罪犯，我在他的眼里看不到丝毫的成就感，只有空洞和忧郁。 我能理解他，人到了这个年纪，就会开始怀疑自己之前所过的生活有什么意义。这点倒是和曾经的我一模一样。」 ——《手记•猎犬家系治安长官》
加拉赫,2,其二,「人和人总需要某种契机才能开始交流，美梦中的各种特调便是化学反应的催化剂。 我观察四周，很快就找到一个习惯左右逢源的形象。 借着美梦特调的名头，他从糖浆与苏乐达的历史讲起，向客人解释摇晃的时间与成品风味的关联，再后来，是特调的香气与一个人性格的适配程度，如何掌握搭配成分的秘诀…周遭的脸沉没在黑暗里，他倾听着或悲伤或喜悦的絮语，在觥筹交错中冷眼看着众人的心。 他等待客人一个个散去，独自将银色的酒杯擦得锃亮，望着门外。日复一日，他等待着一个永远也不会回来的人，等待那个人给他一个永远的谎言来终结如此漫长的命运。 灯光尽数熄灭，他独自行在街上，投下的影子很长很长——也许，我最后也会踏上与他一样的命定之路。」 ——《手记•美梦调饮师》
加拉赫,3,其三,「美梦中只有快乐，这恰恰是最大的悲哀。 这些美梦中的失意者们，害怕家族的驱赶，如同幽灵一般行在梦境的边缘，小心翼翼藏起自己的情绪，回避那些闻着酸涩且微苦的记忆，只有在饮下特调的片刻，他们的防线才会溃不成军，仿佛要把这辈子剩下的话说完—— 『看不起我的人可以绕酒店三圈，但愿意正眼瞧我的人…哎，死一个就少一个了……』『每个人都在白日做梦。我像你这么大的时候，就想去当个星际大流氓。结果显而易见，喏——白日梦碎了。』『领带乱了自己又看不见。在匹诺康尼，没人会在乎别人穿了什么。他们甚至不在乎对方到底是不是「人」。』…… 他们口是心非，他们词不达意，他们永远不会说出心中所想——但也只有这样，故事才显得真实。」 ——《手记•梦中的失意者》
加拉赫,4,其四,「工作时间，他是个经验丰富、处事不惊的治安官。辉煌之时已过，他手软了许多，雄心与壮志也随着白日梦的破碎消磨殆尽。下班后，他去往老酒馆消磨漫长的夜晚，为自己和老朋友亲手调上几杯饮料。酒杯相撞之际，那些话语如同泡沫一样翻涌开来，旋即幻灭。 他回忆着自己的黄金岁月，那时的他即便身受监禁依然向往自由。他们一起反抗欺压，将性命全数托付给伙伴。他们梦想着自由的领土，随时会死却仿佛将无数个美好的明天攥在手中。然而到底寡不敌众，熟悉之人一个个逝去，理想破灭，荒诞横行—— 『那是你经历的事情吗？你…你是在开玩笑吧？』客人打断了他幽幽的自语。『当然了，怎么可能是真的嘛。』他笑笑，继续着手上的活。 ——加拉赫是我最真实的谎言。有时，我甚至分不清他与我之间的界限。」 ——《手记•加拉赫》
千冶•刃,1,其一,"他想起初至朱明不久，仰望那不可胜数的铸器典籍，库房陈列的神兵像海一样无际。
蟪蛄不知春秋，朝菌不知晦朔——他第一次感受到人在时间前的渺小，以短生种的寿命，他恐怕一辈子也只能触摸到铸器的一角。
他只能从边角料开始，用煤渣填满摇摇欲坠的冶炼炉。
他失败了，那柄剑看似通体无瑕，锋锐无比，却在他弹指试剑时支离破碎。
「一柄无用的锋刃……」他羞愤地藏起了剑。
他没有看到，白发苍苍的师父抚过那柄残剑，指尖竟然留下一丝血痕——
「不忍万物靡费，必善尽其巧工，好。」
他想起自己为十王司锻造的枷锁。
「铸剑如炼心，把最简单的器物铸好，才是本事。」
他不明白，既然自己的功夫已经出类拔萃，师父为何要让自己从学徒练起？
但他从来不会和师父争辩，他相信将军的话，就像他相信自己绝对不会被埋没。
师兄弟们来过，焰轮八叶来过，怀炎来过，他们看着日夜不息，守在铸炼宫中的他，直到火焰熄灭，众人见到了此生最为慑人的枷锁。
那镣铐寒光内敛，却肃杀如山，谁也没想到，多年后幽锁深牢的步离战首，会在类似的刑具中度过漫长的监禁岁月。
他想起成为百冶的试炼。但一个短生种要选为朱明工匠之首，前所未有。
他做好了准备，却在冶炼开始时发现自己的材料全数被偷换为残次的废铁。
他笑了笑，却在一个昼夜后，端出了玲珑精巧的机关狮子，远胜奇珍异宝所铸造的机关。
他记得被赐予「百冶」前，师父重复了那个最简单的问题——
「何物为刃？」
他从没有犹豫过自己的回答，那即是他要铸炼的、冠绝此世的神兵。
然而，当这些遥远往事浮起的时候，已满是剑碎悲鸣的声音。"
千冶•刃,2,其二,"加入星核猎手，只为寻求最后的「解脱」…起码，猎手是这样承诺的。
叮叮当当，弹壳掉落到地面，仿佛某种乐曲。
「糟糕，子弹打完了呢。」女人举起双手，眼神瞥向天空。
缄默的夜空，一柱光束刺破天穹，向猎手们袭来。
疯狂的男人迎了上去，高能光束险些让他灰飞烟灭——不，显然不能，他的肉身如同疯长的春藤，片刻间恢复如初。
「别再考验我的忠诚！假如发现你们的许诺只是谎言，我第一个就杀了你！」
「听我说，阿刃。只要你不想，没有人会让你受伤。」
眼前的反物质军团被墨色的身影扯成碎片。
银色机甲将侥幸逃脱的虚卒一拳击碎，无奈地看着与大军斡旋的孤身一人。
「记住，萨姆，千万别被卷入他的剑阵。」
她想起临行前，卡芙卡给她的嘱托。看着眼前触目惊心的残骸，她明白了何物为刃——
他就是星核猎手最锋利的「刃」。
锵锵泠泠，彻夜的大雪险些将营地整个淹没。
银发少女走出帐篷，发现他仍然盘坐着，剑横于膝头。
「你歇着吧，今天我来守夜。」
「不用，我习惯了。」
「哼，怪人。」
少女看着雪覆满男人的肩头，仿佛染白了他的头发。
她突然感到深深的寒意。
她知道，世上有一些人，只有在这样一无所有的雪原上，才能感到片刻的安慰。"
千冶•刃,3,其三,"混沌，黑暗，来自寰宇伊始的巨兽之腹仿佛要将一切溶解。
他原本以为自己早已对痛苦感到麻木，但此刻无形的争斗却要将他的灵魂撕扯粉碎。
琐碎的絮语在他的脑内喋喋不休，一步一步诱惑他划向堕落的深渊。
「何必要抗拒？我能赐予你重塑生死的力量，令你弥补一切遗憾！」
弥补一切遗憾——他想起失望的怀炎师父，他想起原本意气风发的五个人，他想起他本应拥有的落幕……
不，完全不是，从来不是，永远不是。
这不过是逃避，是懦弱，是投降……
一如当年只能于悔恨中度日，一如迄今浑浑噩噩着茫然求死。
自己的「剧本」不应是这样的「结局」。
「星核猎手为改写终末而存在，也为改写自己的结局而来。」
在艾利欧展现的「终末」里，他瞥见白骨满地的彼岸花海，无垠的巨兽被贯穿，熔炉倾吐烈焰，青丝成暮雪，垂老的匠人终于能拥抱死亡，可长生祸源已于别处再度绽放……
他仍有改变这一切的机会。
「应星，难道你真想与我玉石俱焚？！你只会在生死折磨之间，承受无边的痛苦！」
他没有听见倏忽的嘶吼，他听到了师父的声音，他听到了同伴的声音，他听到了自己的声音——
「何物为刃？」
他曾打造囚禁强敌的枷锁，如今，他将把自己锻造成牢笼。
作为猎手曾追寻的唯一目标，是虚无缥缈的解脱，如今，他要向悲剧的罪魁祸首复仇。
他感到自己在崩裂。
一片片，一片片，如同支离破碎的雪花，在一瞬间被磅礴的生命冻结，再度飘落于苦海之中。
「不忍万物靡费，必善尽其巧工，好。」
他艰难地举起手，就像许多年前，他第一次举起了铸炼的铁锤，敲打那白热的材料，直至锋利到让那不死的孽物承受无间地狱。
炽热的铁躯令他无法流泪，恍惚间他以为自己还在铸炼宫中，如淬火后的神兵，爆发出刺目的耀光。"
千冶•刃,4,其四,"他想起伊须磨洲的孤岛，上面插满了锈蚀的残剑。
他想回去一趟，让那些不甘、怨恨、悲伤的剑鸣，能有片刻的安息。
他想起年岁已高的师父，心头仍涌上一股混杂了追念和羞愧的暖流。
闭上眼，他仿佛就能闻到朱明的烟火，听见不绝于耳的铁砧脆响。
「等这里结束了，或许我也可以……」
他叹了口气，回到了猎手的驻地。
「魔阴身？完全好了…起码他没吵着要把那条小青龙给扒皮抽筋了。」
「对了，刃说的那个匣子，他亲口承认里面的东西是送给我们的了！」
他轻推开门，皱了皱眉头：「这种和任务无关的事，也要向她汇报？」
「阿刃，谢谢你。」电话那头传来了女人的声音。
「不必。」
「等你们都回来了，再为你庆祝。」
男人顿了顿，走出几步又站定——
「铁匣子里的东西做得不好，你们想要的话，我可以再做。」
「好，好哦，」少女惊讶地看着他，「那你亲自来给她说呗，你看，跟你说话我又要重开了！」
他没有回答，转身回了隔壁房间。
「好好练习，你的手好了，下次PK我可不会让着你！」
「好。」
他解开「支离」，放在了床边。
从前，它是怨恨，是愤怒，是遗憾，是一切的痛苦。
他抚过破碎的剑身——何物为刃？
也许，刃就是刃，仅此而已。"
卡芙卡,1,其一,"「卡芙卡。人类女性。出身天衣五：新巴比伦。星核猎手核心成员，『命运的奴隶』的副手。对以下罪案负责：庇尔波因特入侵案，计两起；庇尔波因特失窃案；特洛维斯星系失踪案；杰莫斯、北加拿、茜拉-39C、乌尔摩拉、七中村、洛尔-51、德洛瓦星核事件；针对庇尔波因特的黑客袭击，计四起；针对螺丝星的黑客袭击；针对黑塔的黑客袭击；耶佩拉叛乱案。怀疑与以下罪案有关：希刺拉拉、因奴庇斯、乌恩-G7、祖寇、利多维亚、伊利利、阿图因、布哈雅玛星核事件。
通缉等级：最高。死活不论。」
——星际和平公司所颁之通缉令"
卡芙卡,2,其二,"「…因案件侦办需要，现将犯罪嫌疑人基本情况公布如下：嫌疑人卡芙卡（通缉编号：L933012000020002010004），女，化外人士，年龄不详；身高约170厘米，中等体型，目击时外披黑色外套，内穿白色衬衫，下身穿黑色紧身裤，紫色长袜，头顶有墨镜配饰。
该嫌疑人被举报为罗浮近期多起非自然灾害的关联者，目前在逃，现向罗浮全境公开通缉。请发现该犯罪嫌疑人的单位及个人积极与当地云骑军联系。同时督促犯罪嫌疑人不可心存侥幸，应尽快投案自首，交代重要信息。」
——罗浮所颁之通缉令（已撤销）"
卡芙卡,3,其三,"「…这个女人叫『卡芙卡』，是新的猎人，没有注册信息，无所属组织。她持有被称为『言灵术』的能力，能够使用语言进行催眠。最近一次出现在新巴比伦的河间地，与大领主示德交谈后带走了他，在场者143人；随后绕路前往成衣定制店，取得黑色大衣一件，白色衬衫两件，红色连衣裙一条，在场者6人；接着前往旧货唱片店，未购买任何商品，在场者28人；在她前往河间地警备局领赏前，最后被目击于中央公园，在场者2695人。我们要『卡芙卡』的首级，因为杀债必以血偿。」
——天衣五的恶魔所颁之通缉令"
卡芙卡,4,其四,"「…你们去天衣五，在135:7372124,271:6372711的地方，有一栋废弃的大厦，走进去；一楼的窗台下边有一只完好的饮料罐，拿上它，等到星期三的上午11时12分，把罐子放在大厦的门口。卡芙卡会在2分钟后出现，有一定的可能性，她会查看那只罐子，你们趁机把这个球扔到她脚边。后边的事情，我来和她谈。
——还有一定的可能性，卡芙卡也许不理会那只罐子；那样的话，你们只要扔掉球就可以了。你们会死，不过，人都是要死的；而你们想要的未来，我会把它变成现实。」
——命运的奴隶所颁之通缉令"
卢卡,1,其一,"他抡起钢锤，一遍又一遍。
火花在眼前绽开，金属碰撞的声音盖过了肌肉和关节扭动时发出的闷响。少年的身高还不足以够到铁柜顶层的工具，但他挥动钢锤的力道已经可以媲美最娴熟的工匠。
脚下的这方店铺就是他生活的全部。父亲蹲坐在店门前，反复擦拭着锈迹斑斑的门牌。偶尔，他会躺在硬邦邦的床上，幻想自己的未来——但无论他的精神漫游至何处，父亲的背影总会在思绪的尽头出现。
一阵脚步声传来，他暂时放下了手中的活计。父亲站起身来，厚实、但有些佝偻的身形透出一丝恭维。又是「地火」的那伙人——自熔锤镇戒严以来，他们就经常光临这间工匠铺，各类武器的需求订单也增长了不少。
少年想着心事，眼神偶然与领头的那位老主顾相撞。他皮肤黝黑，身姿挺拔，原本犀利的目光在瞥到自己的瞬间柔和了下来。他向着少年微微点头。
「奥列格头儿，欢迎！今天有什么需要吗？」
「别着急，师傅。今天我只是想来找你聊聊，」他指向卢卡，「聊聊有关你儿子的事。」"
卢卡,2,其二,"周围火光四起，弥漫的烟尘扰乱了他的视线，嘶吼和惨叫不断传入耳中。机油和血液的气味混杂着袭来，卢卡强忍住呕吐的欲望。
第一次挥出标准的直拳时，奥列格师父脸上的笑意让他备受鼓舞。然而，亲身体会过前线的残酷之后，他再也没能寻回那股温暖的心流。每次列队，他都会打暗中观察战友们的表情——从一张张脸孔上读出的不安反而能稍稍平复他的慌张。
一阵尖叫将卢卡拉回了现实。他冲向声音传来的方向，看到一个无助的孩子被怪物逼到了角落。本能策动他飞身一跃，挡在了利斧与孩子脆弱的身躯之间。
身后传来一声巨响。卢卡一手抱紧惊慌失措的男孩，缓缓转过头来。畸形的怪物瘫倒在地，似乎是被战场上的流弹击中了要害。
「谢…谢谢哥哥……」
「怎么样？你没事吧？」
「哥哥…你…你的手……」
他顺着孩子的手指望向自己的右臂——本应连接着上臂的肩袖处只剩下一截随风飘摆的碎布。碎布之下，血流如注。
但在疼痛夺走他的意识之前，那股暖流重新涌进了他的心房。"
卢卡,3,其三,"第一次参加擂台赛，卢卡倒在了决赛场上。
「哈哈哈，没用的废物！这就是弱肉强食的世界——你这种货色，不配出现在我眼前！」
卢卡没有在意那份羞辱。决赛的对手是镇上出名的恶棍，出手阴狠毒辣。如果注定要靠这些阴险的路数才能夺得冠军——他心想——什么破金腰带，不要也罢。
第二天晚上，他在俱乐部的转角看到几个孩子。其中一个身形瘦小的男孩痛苦地蜷在地上，遍体鳞伤。围在他身边的大孩子们趾高气昂，神情得意。
「哈哈哈，没用的废物！」领头的恶霸指着受伤的男孩，「这就是弱肉强食的世界——你不配出现在我眼前！」
从那时起，他发誓要成为下层区的冠军——用他自己的方式，堂堂正正。"
卢卡,4,其四,"「今天就练到这儿吧。来，小子，坐。」
「…这就完事了？我还想着今天加练几组呢！」
「你小子，别逞能了。赶紧过来！」
「哈哈哈，来了来了！」
「小子——我问你个问题，你老实回答。」
「哦？这是啥，师徒交心环节？你问呗，师父。」
「我问你，打拳这件事——你是打心底喜欢吗？」
「哈哈哈，怎么突然问这个？当然喜欢了！要不然，我能在你身边坚持这么久？」
「你小子，别抖机灵！认真回答，听见没有？」
「这么严肃啊…行吧。非要掏心窝子地说…也算不上那么喜欢吧。」
「…嗯，总算听到句实话。那我问你…如果有一天，下层区不再需要『地火』的保护了…你还会继续练拳吗？」
「唔，我想想啊…应该会吧？」
「为什么？你站上拳台从来不是为了赢什么金腰带，别以为我没看出来。如果下层真的能太平下来…你还有挥拳的理由吗？」
「师父，你以前说过吧？不管什么年代都有恶人。哪怕裂界的怪物都死绝了，人和人之间也会因为些鸡毛蒜皮的小事争个你死我活。」
「嗯…我好像是说过这话。」
「只要这世界上还有恶人，只要还有善良的人需要保护——」卢卡站起身来，「——我就会继续挥拳！」"
吉尔伽美什,1,其一,"「他见到幽深海底，大地的根基；他知晓秘密所在，一切皆洞悉。」
史诗记载了王的结局：他获得了全部智慧，见到了一切宝藏，揭开了诸神的奥秘。
他从千里之外归来，虽然精疲力尽，却收获了超然万物的平和，写下了自己一生的故事。
「哼，果然是个肤浅可怜的愚人。
「难道，你是想说：年老体衰的本王，反倒比眼前这万全之姿更强大？」
不不不，怎么可能！
这样的介绍还是有失偏颇，请允许我换一种说法。
吉尔伽美什，历史最古老的英雄王。与古往今来受崇高精神感召的、数不清的英雄们不同，他的力量来自于永不满足的欲望。
从日出的海洋到日落的雪山，一切属于「人」的秩序都由他指导建立：无边的大城，无边的果园，无边的矿坑……
他以超乎寻常的精力支配着目所能及的一切。可是，令整个世界欣欣向荣的他，却也把自己的子民折腾得筋疲力尽……
「注意你的措辞。竟敢让如此蹩脚的比喻传入本王耳中，稍有不慎，可是会令你人头落地的——
「不过，本王这次就开恩，饶你一命吧。」
啊？
「至少你忠实记录了本王的伟业…哼，虽然就史实而言仍是冰山一角。
「不错——极致的力量，极致的奢侈，极致的裁断——这就是本王的王道。
「倘若这样的支配者不存在于世，那些面对暴政，却连本王的头颅都不敢打碎的庸人，想必早早就在诸神可悲的作弄下灭绝了吧。」
如您所见，我忠实的读者：吉尔伽美什就是这样一位将「随心所欲」贯彻到底的，嘴硬的家伙。
虽然在那个诸神视人为草芥、野兽横行于大地的时代，王的说法确有道理…但万事万物毕竟都有节度。
连刚刚结婚的新郎新娘都要围绕着王像陀螺般运转，人们怨声载道，早已上达天听。
在女神伊什塔尔的推动下，正恐惧于人间日新月异之变化的诸神，决定亲手打造一条坚固的「天之锁」，规诫傲慢的王。
就这样，恩奇都心怀喜悦，奔向了凡间。"
吉尔伽美什,2,其二,"「史诗记载的不错：我们的第一次相遇，就在执行圣婚仪式的祭坛前。
「哼…区区土块，竟敢大放厥词，说要『端正本王的傲慢』。
「荒唐至极。」
话虽如此，王却不知因何故——笔者斗胆猜测是为初次遇到旗鼓相当的对手而感到惊讶、甚至愤怒——第一次打起了精神。
恩奇都的身躯随心流转，塑造出万般兵器，如暴雨般向王席卷而去；而王则在穷途末路中有样学样，破天荒地大开宝库，毫不怜惜地将财宝如投石般尽数祭出……
「如果是旗鼓相当的对手，就算将来宝库没了着落，那也无妨。」
讲述至此，王没来由地补上一句。他总是皱着的眉头似乎有些舒展，将视线移向窗外。
不久，故事继续：即便使出浑身解数，王也始终无法压制自己口中那枚「区区土块」。
战斗并没有以任何一方胜利告终。
「那时，我们尚不明白生存所为何物。
「再斗下去，也只是多添两具愚蠢的尸体罢了。」
记载史诗的泥板在这里碎得不成样子，没有人知道恩奇都为何愿意与吉尔伽美什讲和。也许只有一句「不打不相识」能稍加解释了吧。
无论如何，恩奇都加入了乌鲁克。这座大城头一遭有了能与王并肩而立的存在。
王依旧我行我素——只是，这一次，乌鲁克的民众们也能够为之发自内心欢笑了。
他带着恩奇都消灭了雪松林里的魔兽胡姆巴巴，又杀掉了女神伊什塔尔为泄愤派出的天牛古伽兰那，诸如此类的英勇传说不胜枚举……
在这危机四伏的世界里，他们暂时成为了名震天下的英豪。
「若要践行所谓『守护』，送出凛冽的北风也是有必要的。」
诸神能发动洪水灭世的时代，的确一去不复返了……
但若说咒杀一位英雄豪杰，它们仍是十拿九稳。"
吉尔伽美什,3,其三,"恩奇都死了。
所有人都知道这是诸神的诅咒。在此之前，人们早已知道忤逆诸神必定会付出代价；可是当代价真正降临的时候，每个人又都显得猝不及防……
尤其是那位曾扬言「不知死亡的恐惧为何物」的王。
「可笑，本王怎会为友人之死落泪？
「话说回来，本王可是君临天下之人，怎么可能拥有名为『友人』的存在？
「就算有，名字什么的也早就忘记了。」
…答非所问。
总之，依史诗所述：吉尔伽美什离开了乌鲁克，跋山涉水，来到了世界尽头的一间酒馆。
酒馆主人名叫西杜丽，她详细盘查了吉尔伽美什的来历，直到确认来者值得自己指引，这才告诉了他如何穿越世界的尽头，前往永生之乡的秘密——
那里居住着最古老的人类乌塔纳皮什提，苏美尔名字叫朱苏德拉。此人从远古的大洪水之中幸存，遗世独居活到了如今的时代。
「啊，我记得他。
「因为列入神籍而获得永生，也因为同样的理由失去血肉之躯，成为连植物都不如的存在……
「…愚蠢至极。倘若这就是不灭的唯一代价，我绝不接受。」
无奈，老人只好授予吉尔伽美什另一则秘密，好让他不必对诸神摇尾乞怜，也能获得不老不死。
「就算那家伙骗了我，它也还算是个稀罕的宝物，为宝库作点缀足够——
「所以，本王为了寻找『不老不死的灵草』，再次踏上了旅途。」
事实就是如此，只可惜……
「…没什么好可惜的。我找到了灵草，装进瓶中，回到了乌鲁克，和传说中一模一样，绝无半分谎言。
「好了，访谈就到此为止吧。本王的时间非常宝贵，接下来还要为封禁的直播间奔走——」
只可惜，王啊，你是逃不掉的。
史诗真正的结局如下：为重返乌鲁克沐浴更衣之际，吉尔伽美什眼睁睁看着灵草被一条杂种小蛇吞下……
可在那时，王竟情不自禁地放声大笑了起来，笑到身躯和面庞几近扭曲。
等到回过神来，天光又一次放亮了。
再后来，王回到了乌鲁克，两手空空。
后来的读者啊，请不要责怪吉尔伽美什，因为游子总要归家。"
吉尔伽美什,4,其四,"史诗正文到此为止。最后一块泥板的内容，更像是盛大的歌剧落幕后返场表演的小品。
时移世易，数千年之后，吉尔伽美什因为这则史诗成为了英灵——
「——蠢货！不是本王因为史诗成为了英灵，而是史诗因为本王的讲述，才有了如此价值！」
「在本王以前，世界由天神主宰；在本王之后，世界已归于人类——乌鲁克的确早已荒凉——任何城市都难逃这样的命运，哪怕是恩利尔的阿勃祖也不例外。
「可人类与天神不同，他们会建造新的城市，让新的生命在新的地方延续下去，因此……」
「凡是人类的城市，就都是本王的乌鲁克，也都值得本王加以支配和鞭策！」
…这家伙自顾自说什么呢？
不过，意料之外的是：虽然说出口的都是满腹牢骚，但王的笑声中却听不到怒意。
「够了，重返战场吧，治安官。我们要做的事还有很多。」
「食物的贫乏，疾病的泛滥，享乐的单调，这些曾属于人的匮乏都被你们逐渐克服，唯独『自我』仍在那病态的欢愉中暗自堕落……
「这片土地早已病入膏肓——但，只要本王仍立足于此，这座城便不会陷落。」
哎，英雄王还是那个英雄王。从神代起就无所畏惧，永远只以自己的基准为绝对标准。
「当然，在那之前——你们可得把本王失散的财宝全部夺回才行。
「否则，等到本王代那潜藏深渊的污秽之物亲自覆灭这片土地，后悔可来不及了。」
…又是这种经典反派发言。
不过，我已经得到了自己想要的答案。
接下来，就和大家一起，再次奔赴战场吧——"
大丽花,1,其一,"她从奈落的最深处脱逃，沿途烧尽一切同她有关的记忆。
我们循着一路的灼痕追至此地，无数忆庭之镜映照出少女孑然一人的身影。
「忆者大丽花，你为何叛离忆庭？」
她用利爪轻叩脸颊，笑容在无数镜面中勾起相同的弧度。
「只是厌倦而已…正如我曾背叛『毁灭』。」
她的目光扫过镜中的万千自己——
「是啊…我已落入你们的镜中。可这是不是也意味着，当我点燃自己的记忆，所有的镜面也会因我而燃烧？」
她跳起神秘的舞步，一同旋转裙裾的还有万千镜中人…衣摆上的冷焰温柔地舔舐着镜面，随后将它们吞入火中。
在忆庭之镜的映照下，我看见那女人将记忆的花束尽数献给烈火——她的孩童时代被焚烧殆尽，青春岁月化为飞灰，最后，是她的一切往昔……
一同燃烧的，还有我们的万千镜面。
「感觉浑身燥热吗？那就与我一同步入温柔的火焰吧……」面前的镜中，她对我展露笑靥。
我已听不见那些呐喊…我满怀欣喜地走入镜中，想要追寻那起舞的身影——从亦步亦趋，再到舞步相合，我终于挽住了她的裙裾……
而她也终于看向我的眼睛。在摇曳的光芒中，她的双手抚过我的裙角，她眼中的蓝色就像温柔的波涛，将我的所有淹没。
——一位忆者的记忆
「忆者们以为我献上了一切往昔，但谁说，那就是『我』的往昔呢？」
拨弄着魔尾上的火焰，她走向下一段回忆。"
大丽花,2,其二,"「康士坦丝…她不是兄弟姐妹中最年长的，却像我们的长姊。在教导我们时，她的魔尾虽然让人害怕，却从没有伤到我们。」
——「书吏」的记忆
「我们一同向父亲学习『毁灭』的技艺时，唯有康士坦丝掌握得最快，就像…是在回忆一些早已遗忘的本能。很可怕吧…但她的声音，又是那么温柔。」
——「枷锁」的记忆
「她会用修长的手指帮我调弦，教我弹拨热烈的旋律。啊…我知道…她的指尖虽然跃动着火焰，但她的心是冷的。」
——「调音师」的记忆
「康士坦丝…我最具野心的孩子，我最优秀的孩子，她不需要我赐下『毁灭』的火焰，她早已被来自内心深处的火焰点燃。
多么野心勃勃的孩子，但永火官邸喜欢这样的成员。我毫不怀疑，有一天她也会玩腻泯灭帮的把戏，到那时，恩主一定会朝她张开双臂，只因最暴烈的毁灭才能令祂欣喜……」
——冥火大公的记忆
暮雨降临的那夜，卡翠娜、杜布拉、阿卡什——他们在火中不知所踪。
喜爱焚烧的魔女却并未将府邸的废墟付之一炬，而是将余烬中的记忆收殓——
「父亲啊，为你的死亡祭奠——我会成为美梦下阴燃的火焰，将贪恋的一切拥入怀中。」
虚无的雨幕之下，谁也看不清她的表情，她是在微笑，啜泣，抑或……"
大丽花,3,其三,"她说，她叫康士坦丝。
那是我第一次见她。一袭白色的连衣裙，为刚刚从培养仓里醒来的我梳发。
她说，她叫大丽花。
那是我第二次见她。在一次任务里，她的白手套替我擦去血迹…就像姐姐那样。
「别害怕，我一直在你身边。」
她消失在美梦深处，只留下似有若无的花香。
盛会之星有许多怀揣热望的逐梦客，而她随心所欲地成为他人记忆的一部分。
我遵循剧本的指示而行动，她却从未将它当成一回事。
在这漫长的宴会中，她在命途的五线谱上来回辗转，似乎不会拒绝任何一位的邀请——
她在「秩序」的乐章中穿行，却又忍不住触碰「同谐」的音符；她倾听着「繁育」的哼鸣，在命运的逗弄下，她主动被「虚无」的阴影吞没，又有意无意…沾惹了「记忆」的舞伴。
一如既往，她的兴致总是热烈而短暂。
她说，每一次将自己的生命置于刀尖，才能体会活着的喜悦。
所以，她看向我的眼神有些复杂——
我读出了怜悯——怜悯我那注定的死亡。我也读到了愉悦，仿佛她又创造了一份美丽的记忆。还有好奇，好奇我会如何反叛自己的命运。
我拜托她烧掉无名客与「终末」相关的记忆，只因那份记忆太过危险。
她用魔尾上的火焰燎燃无名客的往昔，可又微笑着告诉我，
没有什么会被真正遗忘——即使经受最强烈的燃烧。
也许，她已经这样做过千百万遍。
她背弃了许多，只因她始终追寻着什么。
或许正因如此，她才要一次又一次赶赴宴会。即使筵席上众人窃窃私语，怒骂她是哀悼和枯萎的象征。鲜有人记起，哀悼是对生命的献礼，枯萎之物也有极尽繁荣的往昔。
——来自某位星核猎手，一段受到扭曲的记忆"
大丽花,4,其四,"若让她参演「终末」的剧目，在亿万种可能性的汇流中，她都将以各种方式叛离。
星核猎手有太多关于银河的秘密，当她窥探这些记忆，「毁灭」终有一日将向她投来注视。
她将厌倦无休止的苦旅，转而加速终末的到来——以「须臾」为名，升格为毁灭「记忆」的大君。
在一种可能性中，她会令银河所有人遗忘她的晋升，似乎从没有第八位绝灭大君出现。
当时间走向尽头，她的火焰将燃遍善见天，将宇宙过去的摹本付之一炬。由此，她向所有的无漏净子宣告，她会为银河留下「记忆」的坟茔。
……
所以，我拒绝了她加入「星核猎手」的请求，以断绝这汹涌的可能性。
——剧本的批注
「记忆，毁灭，终末……」
嘴角扬起，裙裾飘飘，不停旋转。
到头来，她仍不知道自己到底要投向何种命运，或许永远不会有事物能令她满足——
「但如此一来，我便永远不会是命运的奴隶。」
一曲舞毕，只剩下余音在灰烬中缭绕——
「那便再度痴爱，再度叛离，再度投身命运的洋流吧。」"
大黑塔,1,其一,"【档案编号】███████
【奇物名称】「天才的童年万华镜」
【注意事项】千万别偷看！千万别偷看！！千万别偷看！！！
真的要看？
你确定？
算了，都滑到这了。后果概不负责。"
大黑塔,2,其二,"纪念黑塔女士诞辰██周年研讨会
会议记录•议题一：黑塔女士科学成就回顾
会议记录•议题二：黑塔女士生平轶事回顾
……
会议记录•议题五：专题研讨「科学的极限与真意」
……
会议记录•临时议题：默哀环节：据权威媒体突发报道，黑塔女士已因病离世……
会议记录•临时议题二：黑塔女士现身致辞！
黑塔女士发言：
「感谢各位对我的深情悼念，真不巧，又要让某些人失望了。」
「您是…黑塔女士？」
「这是，黑塔女士的人偶？」
「是那篇返老还童的论文…真的实现了？！」
「黑塔女士，请解释一下！」
……
黑塔女士清了清喉咙，举起手中的权杖——
「是因为『魔法』。」
「黑塔女士，请留步！」
「不可能！返老还童仅仅具备理论上的可能性，离实现还有十万八千里……」
「科学…她还算个科学家吗！一派胡言！」
「不是姐们…你怎么做到每次出场都这么酷炫的？」
「好玩吧？媒体为了抢头条总是三天两头假报新闻，而那些老家伙总盼着我去世，好验证我返老还童的理论不过是纸上谈兵。」
她关掉会议录像，继续悠然享用每日下午茶。
「你的每一项理论成果，最后都被证明有实现的可能，不过…后世的学者从未理解你的真意，因此也无法复现。」清冷的女士端起茶。
「逻辑：所谓重返青春的『魔法』，是黑塔女士表示嘲讽的修辞。推理：该理论的基础原理涉及能量的逆转与时间的流动，涉及到苛刻的实现条件。计算：……」
她笑眯眯地将一块梅花糕点推至智械面前，打断了他的话。
「看破不说破。吃你的吧。」"
大黑塔,3,其三,"银河边境，寂寥无生命的星系中，一座神秘的高塔在漩涡中若隐若现。
「这么大的地方，我可不想被累死。」
她看了看空空荡荡的屋子，示意人偶向前。
咯咯哒，咯哒咯，哒咯咯，她们扭动身体，雀跃而来——
「黑塔女士举世无双！」
「黑塔女士聪明绝顶！」
「黑塔女士沉鱼落雁！」
「好了好了，忙你们的去吧。」她不耐烦地挥挥手。
三个擦地，两个浇花，还有一个……
「泡咖啡吧。天冷了，喝热的。」
棕色的豆子碾碎，沸水冲过，黑色液体咕嘟咕嘟冒泡。
「黑塔女士。您有一条来自博识学会的消息。他们质疑您……」
「又在抱怨我的『显然可证』了么，替我从自动回复列表中挑几句回复吧。」
「黑塔女士。您有一条来自星际和平公司的消息。他们邀约您……」
「跟他们说，我对那些发明不感兴趣。」
「黑塔女士，您有一条来自第一真理大学的消息。他们聘请您担任荣誉教授……」
「那是什么学校？」
……
渐渐地，人偶替她处理所有世间琐事，她也从人们的视线中淡出。
在那高塔顶端，她不再关心外界，只用演算心中尚存的疑问。
「我想知道，█████████████？」
第一面镜由此诞生。
「我想知道，█████████████？」
第二面镜熠熠落成。
「我想知道，█████████████？」
第三面镜清脆有声。
「我想知道，█████████████？」
第四面镜毕恭毕敬。
无人知晓那名烁古今的天才如今在何处，又为何从不现身。唯有她提出的理论与猜想，仍不断引起经久不息的讨论。
漫长的时光过去，当她演算完毕时，看起来似乎并不满意。
「现在没有问题可解了——这才是最大的问题啊。」
「您是说……」镜子心领神会。
「不如，来创造更多的问题吧！」"
大黑塔,4,其四,"黑塔：模拟宇宙一直在模拟星神并向祂们发问，这一次不如让星神来问问我…最好把我问得哑口无言。
黑塔：…得先把祂们引出来。
模拟宇宙：黑塔女士向模拟宇宙全域广播虚数流溢问题的答案，失败。
模拟宇宙：黑塔女士捏着鼻子向模拟宇宙全域发表了赞美星神的演讲，失败。
黑塔：没劲，走了。
模拟宇宙：一瞬间，祂出现了。祂的身躯庞大若神物，齿轮与纤缆精妙绝伦地纠缠在一起。祂观察、计算、求解一切。祂提出疑问、进行验证、获取解答。除此之外，祂什么都不做。
模拟宇宙：祂知道的太多了——你什么都可以问祂。在祂面前，人类是如此无知：那些你头脑中仅有的经验、知识，它们…少得可怜。
黑塔：果然还是博识尊给我面子。
黑塔：别人把我的思考视作无法理解的魔法，你的思考对我来说也差不多。所以，无所不知的存在，请向我提问——
博识尊：██！
黑塔：拜托你了，说人话吧。
博识尊：祂没有回答，唯有静默。
黑塔：……
黑塔：我也无话可说。
模拟宇宙：一瞬间，你被某种力量驱逐了，这宇宙间至深的秘密犹如长着触手的深渊，把你拖进无法逃脱的恐怖之中。
模拟宇宙：黑塔被强制登出。
模拟宇宙：黑塔重新登录。
黑塔：阿哈，就知道是你！
博识尊？：祂说的是：「哈哈！」哈哈哈哈哈哈哈！
博识尊？：你信了？瞧啊，模拟宇宙的算力像波板糖的花纹一样涌到这儿。
博识尊？：怎么？你知道祂不会回你一个「哈哈」？
黑塔：哈哈，因为机器头根本不会回答！问题和怀疑是思想的本质，没有禁忌、没有边界、没有尽头——
黑塔：除非祂撂挑子不干了。
黑塔：不过你不能就这么走了，作为补偿，你来问我一个问题吧，不许讲笑话。
阿哈：凡人一思考，机器头就发笑！要不要来当假面愚者？让我看你一眼？
黑塔：滚。我要伊德莉拉。
——一则很久之前的模拟宇宙运行记录"
姬子,1,其一,"少女迷路了。
她不知自己是自何时起迷失了方向。她只是走，在黑夜中不停地走，追赶着太阳和月亮，一遍又一遍，直到倒下。
她想起初入大学时的模样，想起自己选择的专业——星际航行动力学，而现在，她正躺在泥泞的道路上。
她抬头看向星空，此时她望见流星，一条，两条，三条…然后是许多细小的，绚烂的，明明灭灭的光芒，最后，壮丽的烈光撕裂了黑夜。
她的四肢拖着身体前进，领她来到陆地的尽头，海洋的起点，一道海岸线，潮水推搡着她，就像潮水对待搁浅的列车那样，孤零零的，像是迷路了。
她走进它，见舷窗外的风景开始变换。列车向她展示了无数瑰丽陆离的世界。它们很远，在故乡之外，他们很近，乘着列车便能到达。
她尝试着修复列车，它短暂地启动，但足以带她掠过故乡的上空。她一眼就看到了回家的路，从高空看来，回程近在咫尺，连故乡的海都如此微不足道。
它问她是否愿意同行。她好奇那是一段怎样的旅程。
「那是行至起点的旅程。」
「走吧。」少女不假思索地说，「就像你带我回家那样，我会带你回家。」"
姬子,2,其二,"姬子有一个手提箱。
手提箱是她的宝库。以前，其中装满了维修列车的各种工具，她靠着它们将列车修葺一新；现在，其中多了一把单分子锯、一颗逃逸的卫星，还有数不胜数的其他机巧——它们是她奇想的具现，是她步履不歇的证明。
没有哪位旅伴比她的旅行箱更忠实。列车上的旅客来来去去，就连那位「列车长」或许也不能从始至终陪伴她与列车。
但她不在意。就像她不在意那个装腔作势的金发男人不告而别，就像她不在意那过于遥远的故乡和故人。
她明白这趟旅程是孤独的。就算她能在旅行中结识志同道合的旅伴，就算她受尽旅伴慷慨恩惠，就算她能与旅伴一同见证某段旅途的终点——那也不过是她足够侥幸罢了。
她明白这趟旅程是孤独的。任何人都无法踏足与他人完全相同的行迹。任何人都无法代他人体验沿途所见的风景。她能够依靠的只有自己的双眼与双脚。
然后，她会将那双眼见证的一切光景，还有那双脚履行的一切足迹，全部装进自己的手提箱中。"
姬子,3,其三,"姬子的记性非常好。
旅途越来越长，同伴越来越多，她仍能记住许多。
她记得自己与帕姆有一搭没一搭地聊天，记得列车最初的两位客人是瓦尔特和他的金发同伴。她记得寡言的丹恒如何一枪击退吞食星辰的巨兽。她记得开朗的三月七如何从陨冰中苏醒，记得自己为三月七设计的每一套装扮，记得女孩的最爱。她记得列车组如何抵达空间站「黑塔」，如何与{NICKNAME}相会，如何再次踏上全新的旅程。
她记得列车每一个零部件的规格参数，记得它们是如何插接匹配。她记得何时为列车的轴承上油，记得何时为列车上的每一株绿植浇水。她记得帕姆有决不能触及的底线，记得瓦尔特也有十分年轻的爱好。她记得丹恒总是通宵整理智库，记得三月七爱睡懒觉。她记得列车组每个人的性格，习惯，爱好，生日以及其他纪念日，还有更多。
如果大家能在列车上找到自己的终点，对于姬子来说则是最欣慰不过。
「旅程总有结束的时候，到时候，我一定会微笑着和大家告别吧。」
她总是这么说，但她一定会记得。
正是记忆汇成她来时的路，终又必复归于起点的海。"
姬子,4,其四,".「真是漫长的旅途。」她说。
「我一直在等待，太久太久了。」████ 看向她：「领你走上这条路的不是厄运，而是探索欲和好奇心。」
「当然，」她笑，「可我所经历远不及你。」
「不，我从未经历过你所经历的一切。」████ 摇头：「有多少双脚就有多少条旅路。」
「此刻，纵使我们已站在同一处，所见所思也不尽相同。」
他们不说话，抬头看向星空，此时他们望见流星，一条，两条，三条…然后是许多细小的，绚烂的，明明灭灭的光芒，最后，壮丽的烈光撕裂了黑夜。
沉静的声音使空气再度流动：「你看见了什么？」
「星星结束了它们的旅途。」她答。
████ 笑：「可我看到它们的旅途正刚刚开始。」
他们不再说话。
「我们该回去了。他们还在等着我。」
████ 沉默。然后问道：「迄今为止的旅行，令你感到幸福吗？」
她提起手提箱，向着列车的方向走去，没有回头。
「一如既往。」"
姬子•启行,1,其一,"女孩的世界只剩下了自己。
医院纯白的床单和遮罩，如同冷峻的围墙，将她和记忆中的暖色脸庞隔绝开来。
「别担心，姬子，你那么聪明，就算少上几天课也能跟上！」
「姬子，你要快点好起来，我们还要一起参加模型大赛！」
「姬子，我们先毕业了……」
………
房间里只有监测仪器冰冷的信号声，她回想着自己发现的搁浅列车，继续勾勒那些启程远航的画面。
「银河站，银河站到了！」
穿着制服的工作人员摇铃，她感到风从远处呼啸而来，虽然吹得有些冷，她仍然兴奋地朝着列车招手。
「姬子！姬子，上车！」
车窗边探出了一个红发少女，紧接着一只有力的手将她拉了上来。
一眨眼，她发现自己竟然坐在了列车红丝绒的座位上，面前的少女比她成熟一些，眼睛里闪动着光芒。
「姬子，想试试开着列车前往远方吗？」那陌生又熟悉的朋友笑着问道。
想——她几乎就要脱口而出。想要交谈，想要朋友，想要同伴，想要诉说身体的苦痛，想要倾倒内心的怅然，想要跑，想要逃离，想要大叫……
「跟我来吧，我们一起离开这里。」她什么都没说，对面的少女却好像听懂了她的心思。
女孩感觉有人牵起了自己的手，自己的身体仿佛变成了一阵夜风，在那手掌的引领下，轻盈得像在飞翔。
她们触摸天鹅座的翅膀，穿梭在玫瑰星云的中央，冰冷的彗星划过月亮，就像一场璀璨的宝石雨。风暴来临的时候，少女牵着她的手，躲避行星环带的碎石，在风平浪静的港湾，她们一起欣赏人马座的流星——
「她真勇敢…就像我读到的那些领航员一样……」
心愿有如颜料，在一次次的憧憬中，理想的模样已变得栩栩如生。"
姬子•启行,2,其二,"她开始剧烈咳嗽，连画笔都拿不稳。
原本能自由活动身体的时间就很有限，如今为了重启列车，她不得不以精准到分秒的日程表来进行管理。
「真羡慕素子，不用治疗也不用睡觉，这两样就能省下不少工夫！」
被称为「素子」的少女摸了摸她的头。
「傻瓜，所以你才要把我幻造出来…我会帮你完成飞向星空的梦想。」
她燃烧着自己的时间。
先是列车修葺一新，原本生锈腐蚀的车身变成了舒适的居所。
复原「拓星者」的设计图后，离制造原型已经不远。
但引擎仍缺乏「开拓」所需的燃料，她的生命已经开始了倒计时。
她们将目光投向了幻月游戏——就算风化诅咒无法治愈，在那场神明注目的仪式中，星穹列车或许能载着她们飞向银河。
可血涂的惨剧轮番上演，谒者「告死魔」在鸽川大肆屠戮，将乐园画作赤红的炼狱。
一个个无辜者惨遭魔手，哀鸣和尖叫在风中回荡。
她倚靠在废墟，生命从伤口无声流逝。视线模糊了，她在烟尘中寻找那个熟悉的身影。素子就站在那里，眼中映着火光，也映着她的倒影。
「还记得我们读到的开拓守则么？」奄奄一息的她向着素子伸出手。
「即使身处进退存亡，仍应与不义相抗，即使局面纷乱无章，仍应看向前方、碾碎乱象……」
「是不是有点孩子气…我还不是无名客呢……」
她望向素子，就像看到了那些照亮长夜的领航员。
「姬子，不是只有远行的人才叫无名客，同样地，开拓也从不止于启航……」
在所有人期盼的目光中，开拓的愿力为「拓星者」画下了最后一笔。
裴伽纳的巨人自天而降，击碎了疯狂的杀手。在幻月的照耀下，列车飞向了深空。
只是这一次，启程的唯有一人。"
姬子•启行,3,其三,"少女的「开拓」布满荆棘。
因为银轨阻塞，她不得不在宇宙中摸索前行，重绘星图。
她曾在渺无人烟的边缘星域迷失，为了补充告急的物资，在危险的遗迹几进几出。
又一次，她孤独地前行着。
她被宇宙海盗盯上，千钧一发之际，用尽浑身解数甩开了这些能源战争时代残留下来的亡命之徒。
她曾遭遇遮天蔽日的虫群，历经数月修复的银轨在一瞬间被破坏、摧毁。
她向即将被黑洞吞噬的世界伸出援手，却被误解为恶意的天外来客，几乎殒命于黑洞边缘。
……
「应该踏上此程的人，真的是我吗？」
梦回幻月游戏的尾声，她常常看到是另一个自己驾驶列车飞向了深空。
可当她们于梦中重逢，那优雅成熟的领航员永远会向她投来鼓励的目光——
「天彗星系的玫瑰星云，是不是和我们梦想的一样美丽？
「你再度启用的银轨，是不是联结了许多与世隔绝的星球？
「我知道，你奋不顾身的开拓，挽救了一个族群的命运……」
「但我…不知道自己还能坚持多久……」她有些疲惫地叹了口气。
「记得吗？无名客从来不是一个人的名字，开拓的火苗如何点燃你的，也会如何点燃别人。」
窗外，天鹅座的翅膀在闪烁，冰冷的彗星划过月亮，就像一场璀璨的宝石雨。
她操作列车，避开行星环带的碎石，抵达风平浪静的港湾时，人马座的流星雨刚好落下。
瓦尔特和他的金发同伴登上了列车。
列车陷入危境，寡言的丹恒一击击退巨兽，她看到了他心中的火焰，递出了领航员的邀请。
她救下漂流在银河的三月七，开拓之旅从此染上了小三月的活力色彩。
在命运的指引下，她与{NICKNAME}在空间站相遇，不知为何，她总觉得这个勇敢又跳脱的孩子会在日后带来许多惊喜。
雅利落Ⅵ，罗浮仙舟，匹诺康尼，翁法罗斯…越来越多的人与「开拓」相向而行，她拥有了可以被称为「家人」的伙伴，她的名字被许多世界铭记。
这本是一个奇迹，而她希望这个奇迹能永远地持续下去。"
姬子•启行,4,其四,"他/她/他/她她回到了启程之地。
她知道「毁灭」的阴影从来没有真正离开，就像二相乐园的安乐只不过是灾难的推迟。
她目睹告死魔卷土重来，故乡被兽口撕裂。
她知晓了诅咒的根源，颤抖着接受了家族悲剧的真相。
但这一次的末日前所未有，她不得不面对失去伙伴的可能——尤其是{NICKNAME}，她不明白为什么银河的命运要压在的肩头，她只知道是自己永远的家人。
所以，她依然选择了独自扛起了这一切，就像她以前总说的那样——
「旅程总有结束的时候，到时候，我一定会微笑着和大家告别吧。」
万物归寂的嘲笑中，拓星者力不能支，列车再度坠毁。
在告别之前，她拥抱了{NICKNAME}，向星核许下守护开拓的愿望。
群星在血雾中迷蒙，她变得像从前一样虚弱。
「好久不见。你长大了，而且…变得比我更出色了。」
恍惚间，她好像又感受到了少女的温暖气息，就像她仍在身后默默守望。
「我想，我终于离你更近了一些。」
她忍不住地诉说起离别后的一切：她走过了传说中的领航员们走过的路，亲眼见证了曾憧憬过的诸多奇景，结识了许多志同道合、值得信任的伙伴……
「就像你曾经把命运交换给我，我也会用我的命运交换伙伴的命运……」
「但你看，你的伙伴可不想让你离开。」
{NICKNAME}的愿望令她热泪盈眶。
无名客们不屈的反抗让热血再度奔流。
「在你停下的终点，我会再度启行——」
两只带着温度的手从后背轻柔地撤去，少女温柔地笑着，身影渐渐与她重叠。
「如果前路一无所有……」
她与理想中的模样合二为一，同伴们向她伸出手，共同呐喊——
「就由我们亲手开拓！」"
娜塔莎,1,其一,"「快，摁住这里！用力摁，止住出血！」
娜塔莎向哥哥投去慌张的眼神。在她身前躺着一个全身缠满绷带的男子，他的躯干因巨大的痛楚而扭曲、抽动着，口中不断冒出模糊不清的话语。
「…在磨蹭什么？快点，摁住！」
哥哥的命令中夹带着愤怒，以及——敏锐的女孩捕捉到了这点——微微一丝失望。娜塔莎慌忙抓住男子的右臂，用尽全身力气按压平敷在他肩部的止血棉。
从受伤的男人口中迸出撕心裂肺的呻吟，但在得到哥哥的指示之前，她绝对不能放松。
不知过了多久之后，眼前的伤员停止了呼吸，她呆滞地望着眼前流空了生命的躯壳。
「你尽力了，」哥哥说，语气恢复了往常的淡漠，「小歇一会儿吧，还有伤员在等着。」
她翻过红色的手掌，手指已经僵硬，血污的腥气扑鼻而来。娜塔莎任凭那气味搅动自己的肺腑——要踏上这条路，她知道自己能做的惟有习惯。"
娜塔莎,2,其二,"「出色…一如既往地出色，」教授来回翻看着眼前的纸页，自言自语似地说着，「以你的成绩和临床表现…不管是去医院还是部队都绝对出类拔萃。」
娜塔莎心中一紧，十指不自觉地蜷了起来。教授察觉到了她的肢体语言。
「怎么了，孩子？你想说什么吗？」
娜塔莎整理了一下表情——她希望能用充满自信的神态传达自己的决定。
「我想回下层去，教授。我在那里能帮上更多的人。」
年长的女性愣住片刻，缓缓扶了一下眼镜。接着，她低下了头，开始继续阅读手上的资料。
「原来如此，和令母说的一样…祝你成功，娜塔莎。」
娜塔莎站起身来，郑重地鞠了一躬。她最后一次走过贝洛伯格医学院那条洁白的走廊，内心无比坚定。"
娜塔莎,3,其三,"致亲爱的爸爸妈妈：
近来可好？
请原谅我许久未能回信。下层区最近乱象频出，孤儿院内的伤员人满为患，我几乎抽不出空做任何疗伤救人之外的事。我不得不将年纪较小些的孩子送到镇上的寄养家庭，因为我不想让他们目睹孤儿院内的惨象。
关于你们之前的提问——我的确听到了风声，据说大守护者即将发布上下层区的封锁令。我理解二位心中的担忧，但从我的角度出发，我绝对不能在这个时刻抛弃下层区的民众。在这个人心惶惶的特殊时期，我只希望能用自己绵薄的力量给人们带去慰藉。
万幸，我知道你们一定会尊重我的选择。还记得我刚从学院毕业时，爸爸曾说过：「如果一个人走上从医的道路，目的只是为了获得一份体面的工作——那他迟早会后悔自己的选择。」我想我现在比过去任何时候都更能理解这句话的含义。
下次见面不知要等到何年何月，希望你们能一直保持健康、安乐。女儿已经长大了，可以照顾好自己的生活，你们不必操心挂念。
爱你们的女儿，
娜塔莎"
娜塔莎,4,其四,"躺在病床上的男人肤色黝黑，年龄大约在五十岁上下。他的肌肉线条如雕塑般硬朗分明，但如今却被累累伤疤和血痕覆盖。他沉闷地喘着粗气，胸膛剧烈地起伏着——他正处在生死的边缘。
娜塔莎的目光迅速地在伤者的身上移动，寻找着可能夺走他最后一息的致命伤。她很快就定位到了他左边小腹处的一处伤口：那道伤口面积不大，但却一直源源不断地向外涌着血流，很可能是被某种尖锐的利器伤及了内脏。
她戴上一幅全新的医用手套，然后从身边的滚筒上扯下一大卷绷带。她熟练地将绷带缠在伤员的腰腹上、用力裹紧，接着开始按压不断失血的部位。暗红的颜色在绷带的表面淤散开来，但娜塔莎维持着稳定的按压频率，没有表现出丝毫慌乱。
一段时间过后，男人的呼吸不再急促，脸上紧绷的神情也逐渐舒缓。娜塔莎知道伤者已经脱离了生命危险，陷入了梦乡。
她缓缓取下了手套，倚着诊所的窗户下沿稍作歇息。
「可别死了啊，奥列格……」
她望着病床，低声自语。
「…还有太多的使命等着我们去完成。」"
寒鸦,1,其一,"巨大的棺椁像是暴风中飘摇的孤舟，在识海动荡中摇摇欲坠。她任由人们的愤怒、渴望、仇恨、恐惧和疲惫冲刷过自己的身躯，就像无色的浪涛将她从一处湍流抛向另一个浪尖。
如同溺水的死者，她终于放弃了渺小的自我，溶化在这片混沌海洋里——
在某个瞬间，她曾是地衡司一位终日奔走的执事，在堆积如山的琐务杂事中努力向上攀爬。最终，头颅深处一声琴弦绷断的锐响后，她如同幽魂般游走在街头……
下一刻，她强忍巨大的哀伤将生有天缺的孩子沉入注满星槎培养液的荚舱内，尽管此前她和丈夫为这个孩子的降临期待了许久……
她曾是一名云骑，被反足狼爪狠狠践踏在地。锋利森冷的爪尖牵扯起脸部的皮肉，撕开一道扭曲的「笑容」。在之后的岁月里，她每次微笑都会疼痛不已……
她卜到自己命数将尽，她难以置信地检修穷观阵的算端，想将自己接入阵法中枢动用其全部力量，而穷观阵的力量毫不留情地撕裂了她的心智……
她将自己精心设计的机巧砸得粉碎，与之一同破碎的还有百般刁难她的监造师傅。她明白自己已无望成为工匠，可是不做工匠她又能做什么呢……
她成了他们每个人，她成了他们全部。但一段画面如同一滴墨汁，落进她眼底晕染开来：
她身处蓝天下，周遭麦浪起伏，昂扬生长。一双灵巧的手将一枚花环戴在了她的头上。她任由枝叶和花香环抱住她，就像那双温暖的手环抱了她……
那份熟悉的温暖，让她从足以溺死一切的信息中醒了过来。
她意识到自己并非他们，既非他们中的每一个，也不是他们全部。那一瞬间，她坍缩成了意识海洋中微不足道的一滴水，她想起了自己所唤何名，所司何事——
她是十王司中的一名判官，代号「寒鸦」的判官。
觉察到她醒来，棺材一侧侍立的金人执笔疾书，动作快到肉眼难辨。
业判的结果已有分晓，梦中出现的名字被书写在一块玉兆令牌中送出。在洞天日落夜深的时刻，又将有许多人告别尘世。他们不会知晓，在仙舟最深处的角落里有人决定了他们的命终之刻。而数个时辰后那人将不再记得他们。"
寒鸦,2,其二,"棺材的另一侧，一名白衣判官盯着她，目不稍瞬。那张熟悉的脸因为不再有笑容而显得分外陌生。判官伸手，递来的掌中托着一盏金爵。
爵中盛着一汪碧如翡翠的酒液，在因果殿幽暗的殿宇中如同一只碧眼，怔怔瞧着她。
「又到了饮酒的时间了？我差点忘了。」她从棺中起身。「怎么不是夜魄来为我送酒，而是你亲自前来，姐姐？」
「夜魄…看来汝不记得了，是不是？」姐姐半闭眼帘，这是她表达自己担心时的表情——可惜塑成她身躯的机巧仍不够精致，让这幅表情显得犹如瞌睡。「她追击药王秘传的妖人，不幸伤势沉重，十王已恩准她入灭了。」
她急忙转开话题，「你今天对付的目标棘手么？」
「棘手。一照面就被废了一只手，髌骨也被劈碎了。那厮很熟悉机巧的构造，证实了他就是当年朱明仙舟上的那位能工巧匠。他的招式吾已录下了，反复观摩，总能破解的。」
她看着姐姐谈论起自己险死还生的过程，仿佛在说一件无关器物的损坏。「又要麻烦藿藿修理你了。」
「藿藿…已升任判官了，约莫是一旬前的事。如今负责整备机巧的是守灵。」
姐姐将金爵摆在棺材边沿她伸手够不到的地方，动作流畅精准，爵中酒液毫无波澜。
「忘川之酒，一饮成空。小妹，不必做到这一步的。吾的罪过，应当由吾亲手补赎。」像梦中一样，姐姐将手放在她的脑袋上，轻轻摩挲，但她感受不到一丝暖意。
「只是饮下忘川酒的小小副作用罢了。如果我当真记不得你了，那时候你我都可以安然入灭。蒙十王盛恩，这桩约定已被记录在了因果殿深处。」
「那是我们放下一切，永远入睡的时候。」她向前坐了一点，握住没有温度的手贴在自己脸颊一侧。
她从棺沿上取过酒爵，艰难地将浓稠的液体一点点喝下。虽名为酒，从中却尝不出半点辛辣刺激的味道，倒像是注入金人躯体的油液。
「在此之前，就让我为你、为十王、还有那位将军再多做一些吧。」"
寒鸦,3,其三,"饮下的酒液汇成一丸沉甸甸的水银，一路行经四肢百骸。那些不愿回顾的秘密，所有属于千百年前身为人类的一切被唤起，随后又渐渐淡去颜色——
她看见那颗被称为「罗睺」的赤红星辰高悬在苍城仙舟的云巅上，如心脏般搏动不休。随后它缓缓裂开岩石、肌腱、枝蔓构成的外壳，吞吐无数子嗣，既像是永不餍足的猎食之兽反复进食，又像是即将分娩的母亲。
梦魇般的月色下，她看见曜青的狐人们徒劳地驾驭星槎，如同扰人的蚊蚋叮啄不可撼动的巨神，随后在步离人的兽舰驱逐下化为空中一闪即灭的星火。
一棵行走的巨树向身处战场中的她缓缓靠近。那树舒展百臂，刺穿所有挡路的人，那些和她并肩战斗的朋友。她恐惧地握紧断剑，但树上突然绽开一张笑脸——那是姐姐的脸。
「小妹，是我啊！你不认得我啦？」
枝叶婆娑作响，战友们的脸似树梢结出的果实般一个个长成，发出尖利的笑声。「不要屈服于死亡，不要习惯于死亡，加入我，拥抱我——」
她的剑上开出花来，数个心跳间碎成一地锈末。灵巧的枝条将一枚花环戴在了她的头上。她任由枝叶和花香环抱住她，就像那双温暖的手曾经做过的那样……
一柄燃烧的巨剑穿透了她的幻觉，烧尽了空气中甜腻的腐臭味，几乎令她无法呼吸。身着重甲的魁伟男子如同流星般坠入战场，怒啸着冲向巨树，其勇武正如他的名字。然而即便是他也挣不开巨树令人窒息的纠缠……
是了，又是这段梦，无论饮下多少次忘川酒，她也无法从这段梦境里逃离。
她努力吞咽，拼命吞咽，梦境终于成了不可捉摸的烟云，消散不见。终于能睡个好觉了，这是她告别清醒时仅剩的念头。"
寒鸦,4,其四,"棺材的一侧，白衣判官盯着合上的灵柩，目不稍瞬。看着妹妹入睡，曾是身为人类时的习惯。
她无法感知疼痛，内心也不会再有后悔。头颅中所封装的意识告诉她，看着妹妹入睡，是一份沉重的使命，一如她为自己做的事情。
推演业判，定夺生死乃是大事。这些事情只能交由与世疏离、但又保有血肉人心的书罪判官去做。金铁终究只是金铁。她能捕捉人类话语中微妙的声调变化，愁容间肌肉的紧蹙，但这些全然无法在她金石铸成的心识里掀起一丝波澜。没有什么法术能让钢铁与血肉同悲喜，而这正是妹妹能为十王司奉献的一切。
一名金人勾魂使踱步迎上前。「有新任务？」白衣判官转过脸。
「如果您想留下照拂寒鸦小姐，我可以通传其他判官执行使命。」
「不必了。吾不想辜负了她的心意。何况，吾与十王约定，每抓捕重犯一人，便有半日还阳的自由。她久居棺中，吾想将这份体验送给不见天日的她。」
「那么，请大人备妥法器，开始伏魔吧。」金人低首作揖。
白衣判官眉目不动，望向黑暗。不再跳动的心里只有一个念头，她希望妹妹能梦到一个温软的好梦——
梦到自己身处蓝天下，一双灵巧的手将一枚花环戴在她的头上。"
布洛妮娅,1,其一,"女孩从小就学会了隐藏自己的思绪。每天，她和其他孩子们走过同样的石路，进行同样的游戏，交流同样的喜好。但她从未被琐碎且平淡的生活淹没——每有独处的缝隙，她总会坐在灰褐色的石凳上仰望，想象不被头顶的圆盘所截断的、完整的天空。
女孩看到劳作的人们挥汗如雨，生存的重压碾碎了他们对生活的热情。注视着一双双疲劳但质朴的眼眸，她陷入困惑的泥沼：人生莫非注定如此？正如广阔的天空被巨大的钢铁圆盘切割，或许她向往的自由也注定有所残缺。
她奋力从泥沼中挣脱出来，默默在落满尘灰的石路上写下自己将要贯彻一生的理想。
「让世界变得美好」"
布洛妮娅,2,其二,"女孩坐在母亲膝上，她有些冰凉的臂弯绕过自己的脖颈，给女孩带去无以言表的安全感。母亲的嗓音温婉、深邃，她在给女孩讲述一个历史久远的民间故事——那个故事的结尾不算圆满，但女孩却很钟意。母亲早已摸清她的喜好，那些以团圆收尾的童话会让女孩感到无趣，免去很多不必要的疑问，是诱她在晚上早早入眠的绝佳方法。
「母亲大人…为什么格勒勋爵不能像凯瑟琳那样，过上快乐的生活？」
「你希望他快乐吗，布洛妮娅？」
「格勒勋爵是个善良的人。善良的人都该过上快乐的生活。」
那段对话没有继续，但她记得母亲露出了温柔的笑容。多年以后，回想起那个克里珀堡温暖的午后，她觉得母亲当时的笑容也许藏匿了一丝遗憾。"
布洛妮娅,3,其三,"从披上银鬃铁卫战服的一刻起，少女已经做好了一切觉悟。但她参加的第一场葬礼，情境之沉重仍然远超想象。
那是她第一次领军出战，在北方的废墟中，铁卫与裂界造物展开残酷的厮杀。少女带领十余名兵士孤军深入，奋勇作战直到弹尽粮绝。紧急撤离的途中，恐怖的裂界幻影向她发起了突袭——致命的攻击被一名列兵舍身挡下，她甚至来不及看清救命恩人的面庞。
葬礼的悠长号角声响起。年轻的戍卫官看出了少女的悲戚，来到她的身旁。
「棺木是空的。我甚至来不及把他带回贝洛伯格……」
「不要自责，布洛妮娅小姐。为你，为这座城市，这里的每个人都愿意做出同样的牺牲。」
「…我真希望自己能和他互换位置。」
「学会咽下这些沉重的念想，也是成为领袖的必经之路。」"
布洛妮娅,4,其四,"女人在房间中来回踱步，一扇顽固的大门拦在她和成百上千的民众之间。她对类似的宣讲早已十分熟悉，但等候时间的焦虑从未随着演说技艺的精进而消退。回想自己即将作出的承诺，还有那些为抚慰人心而精心设计的语句，她总会在这短暂的几分钟里陷入孩童般的混乱和怀疑。
一阵突如其来的微风搅动了室内凝滞的空气，拂过她的长发。女人转过身，看到那个熟悉的身影向自己走来——她的步伐轻盈无声，身姿如斑斓的蝶群掠过死气沉沉的厅堂。
「又在胡思乱想了？」
蝴蝶似的女人问到，脸上挂着些逗弄的笑意。她还以一个无奈的微笑。
「老样子，你知道的——事前紧张，上台后就能发挥出全部状态了。」
「嘿，你可别掉链子啊。那帮老古董最近想搞些小动作，正愁抓不到你的把柄呢。」
「哈哈…那可得麻烦你帮我看好他们了。」
「哟，看来时间到了。」
大厅内回荡起齿轮啮合、转动的沉闷声响。女人最后朝身边之人的方向瞥了一眼——她退入阴影里，带着信任的微笑点头示意。
大门缓缓打开，一线温暖的光芒射入厅堂，照亮了她的面庞。随之而来的是震耳欲聋的欢呼、喝彩。
「走吧，布洛妮娅。」"
希儿,1,其一,"希儿人生中第一次打架是为了自己。
那时，她每天漫无目的地在街巷间游荡，渴了便到孤儿院的救济处讨水喝，饿了便用捡到的破烂和街边小贩换饼干吃。在铆钉镇的背面，人人都见过那个天不怕地不怕的流浪女孩，人人都想避开一个野蛮顽固的小小无赖。
某个炎热的傍晚，她因为玩耍过头感到口干舌燥。她来到救济处，却发现铁桶里的井水已经见底。与她同时前来讨水的还有一个面相干瘪的流浪汉——一阵爪牙并用的厮打过后，流浪汉落荒而逃，希儿夺得了独饮井水的权利。
希儿再次见到那个流浪汉是在三天以后。透过诊所的窗户，她看到一个干瘦的身影躺在病床上，奄奄一息。
自那之后，她总会为后来的人留下几口井水。"
希儿,2,其二,"小时候，希儿只去过一次上层区。那是在她遇见奥列格之后——彼时的奥列格还是负责下层区治安的银鬃铁卫兵长。为了让希儿看一眼她憧憬已久的城市，奥列格将她藏在自己的补给袋里，通过缆车道回到了上层。
希儿跟着奥列格走遍了贝洛伯格的名胜，吃到了她从未品尝过的美味食物，穿上了超出她想象的漂亮衣服。她用粗野的矿民俚语吓跑了一群孩子，引得奥列格捧腹大笑。短短两天时光，他们每分每秒都沉浸在欢声笑语中。
离开前的傍晚，两人坐在行政广场的长凳上，希儿目不转睛地盯着对面的餐馆。
「上层区好玩吗，希儿？还想再来吗？」
「大叔，我有个问题。」
「…怎么了？问吧。」
「那几个上层区人，他们只吃了一半就把饭菜扔掉了。」
「……」
「他们知道地底有些人吃不上饭吗？」
「……」
奥列格捕捉到了希儿的神情，一丝阴郁掠过她稚嫩的脸庞。
「我们回去吧，大叔。我不想再来了。」"
希儿,3,其三,"躺在诊所的病床上，希儿终于得以暂时安静下来，默默回想自己成为「地火」以来的经历。
受伤或流血对她来说是家常便饭。希儿对疼痛的忍耐力胜过常人，这使她得以在战斗中尽情地释放自我，无视那些不足挂齿的伤口和瘀痕。
伤口总会愈合，正如裂界的威胁总会不断滋生，人们在获救之后总会返回枯燥、苦难的生活。有时，希儿的脑海中会生成一种错觉，仿佛整个下层区的时间都陷入了停滞…似乎她和「地火」付出的努力都是一场徒劳。
女医生走了进来，温和地询问她的伤势。希儿艰难地组织着语言，将她的困惑传达给了对方。
「比奇迹本身更重要的事，希儿，」医生莞尔一笑，将手掌轻轻放在她的额头上，「是守护人们对它的期盼。」"
希儿,4,其四,"行政区广场人头攒动，大半个贝洛伯格的市民都聚集到了这里。希儿强忍着自己对嘈杂人群的厌恶，用尖锐的目光扫过一张又一张面孔。
功夫不负有心人，她很快便锁定了一个目标。那个戴着灰色格纹帽的男人双手插袋，在人缝中来回穿梭，藏在阴影下的双眼狡黠地打探着四周。确认周围无人注意到他的存在以后——至少他自己如此认为——他将手伸向了身边一位妇人的挎包。
在他的指头能够触碰到挎包拉链之前，一只纤细但有力的手迅速拑住了他的腕部。窃贼差点疼得叫出声来，但希儿用另一只手捂住了他的嘴。
「别出声。」
雄浑的号角声划过天空，熙攘的人群瞬间沉默了下来。一个打扮夸张滑稽的男人冲到了高台上，用尖锐的嗓音喊出了那句话——
「女士们先生们，请欢迎本次庆典的剪彩嘉宾——大守护者布洛妮娅•兰德女士！」
广场爆发出震耳欲聋的欢呼声。借着声浪的掩护，希儿静悄悄地将窃贼带出人群，送到了在边缘值岗的铁卫手上。她转头望向远处的高台，视线在一瞬间与身着白裙的女人相撞。大守护者对她露出了一个短促的微笑，希儿也微微点头作为回应。
然后她们分道扬镳，一个踏进灯光，一个融入阴影
——她们终会相遇。"
希露瓦,1,其一,"这位正是全贝洛伯格最天才的机械师兼摇滚明星、银鬃铁卫戍卫官杰帕德•朗道的姐姐……
「停，打住。前面的可以留着，后半句就免了吧。」
「劝你别这样简单概括我的身份…我，希露瓦•朗道，从来都不是任何人的附属品。」
「…呃，没下文了吗？行吧，那我自己再补充点：有什么东西坏了的话——你可以来行政区的机械屋『永动』找我，我随时欢迎。」
「什么，想来听摇滚？嘿，那我可更欢迎啦——你还是可以来行政区的机械屋『永动』，和『机械热潮』一起，让这座城市燥起来吧！」"
希露瓦,2,其二,"希露瓦•朗道在贝洛伯格行政区中心拥有一处地产——机械屋「永动」——名义上，她在此处靠机械维修营生。
但确切地说，这位天才机械师的工作时间几乎被都用来修理改造各种乐器……
「哎，你可别听这杂志上乱讲啊！姐姐我可是有正经生意的……」
「小到地髓供暖器，大到汽车引擎，甚至是铁卫制式的自动机兵，维修起来都是小意思；另外，除了常见设备的维修翻新，我还能提供新功能附装的服务！」
「比如说，为推雪机增加外悬挂钻头、为烤面包机加装弹道计算装置…之类的。」
「啊？你问生意怎么样？嗐，别打听那么多——知道我能在填饱肚子之余玩玩音乐就行啦。」
「反正，我是从来没打算卯着劲挣钱…人生苦短，有时间还不如多搞搞自己的兴趣爱好。」"
希露瓦,3,其三,"希露瓦得以重拾过往的音乐爱好，是在她与朗道家彻底割席后。
于是，这远近闻名的机械屋便成为她尽情摇滚的根据地——虽然屡遭投诉，但这种产自寒潮前的先锋艺术还是受到大批跟风的年轻人追捧……
「我真是…服了！你们这些杂志小报的所谓『音乐评论家』，能不能中肯一点啊！什么『屡遭投诉』？什么『跟风的年轻人』？我和我的粉丝们可不答应！」
「哎，不过我们『机械热潮』特别受年轻人喜爱倒是真的——大家在这个年纪，要么是满腔热血、要不就是怀才不遇……」
「无论是哪一种情绪，总归是要发泄出来才行嘛。而我的『摇滚』恰恰就是最好的解决方案啦！」
「…就像我当年做的那样。」
「嗐，没事没事！你放心，我只是突然想起过去的事情了……」"
希露瓦,4,其四,"过去，人人都知道希露瓦•朗道曾是银鬃铁卫军中最聪慧的大脑——有关朗道家天才大小姐的诸多传闻中，有八成都与这件事相关。
然而，就在数年前的某天，这些传闻几乎是在顷刻间便被新的流言取代：素来与大守护者交往密切的她为何毫无预兆地被开出军队？希露瓦又是否对此怀恨在心？人们对此众说纷纭。
「第一个问题的答案很简单——无可奉告。这事关银鬃铁卫的最高机密，希望你们能体谅一下。」
「至于第二个问题嘛……」
「我…我是完全不在乎啦。你想啊，能名正言顺地过上这样悠闲的生活，还有比这更爽的事吗？倒不如说是那女人帮了我一把——我还得谢谢她呢！」
「这个世道，不如及时行乐…个屁啦。」
「既然末日已经注定，哪有什么真正的乐子可言。」"
开拓者•同谐,1,一,你记得不多。你并非来自此地，也并非来自彼方，你本不去往任意一处——直到模糊的声在你耳边吹拂，那悲伤爱怜的劝导，似是而非的催促……种子扎根。你睁开双眼，那说话的人已不在。 只是声音愈来愈多愈清晰。有无虑的关照，有镇静的劝告，有毅然的坚持，有温柔的点拨……你看到锦线正织成明日。 巨大的兽自无垠降下，金色的瞳从黑夜俯视，你也不再被过去抛弃。你还将开拓漫长旅途，踏过的荆棘都成了路。 列车鸣笛，愿你抵达将至的未来——以你自己的意志。
开拓者•同谐,2,二,你来到了「存护之城」。雪幕之后，风似钢剑，火种留存。远方不会听见，大地同样震颤，只有哭喊的人们迎风而上。 外敌、寒潮、裂隙之后，溃烂始于堡垒之中。你施予援手，却遭背弃。有人曾看轻你，误解你，但你仍走到他们身边，寻找他们的路。更多的人挂怀你，担心你，面向他们的苦难，为苦恼之人找到药方。最终他们走到你的身边。 冰雪中，你恰如一团火，存护这个世界的灵魂——即使你将日日夜夜焚烧自己。
开拓者•同谐,3,三,谐乐引你跌入美梦，糖浆与汽水充盈你的喉间。节日盛大，人群喧哗，那些未曾谋面的人们披上伪装于梦中相聚。你们饱览光怪陆离的风景，在晨曦微露之时分别——此刻，至暗的午夜才刚刚开始。 时针嘀嗒转动，死亡如影随形。你被当作筹码押上台面，却为自己赢得了揭晓秘密的权利。你带上已死之人的梦，继续着他们未竟的路，面对他们不曾战胜的对手—— 伪神汇聚众人的渴望而升起，万千人的齐唱淹没了你的存在。行于不同道路的人拉起彼此的双手，你们的旋律互相交织，虽微茫却如同长夜的灯火生生不息。一个又一个人于梦中惊醒，而那微小的歌声最终汇成震耳欲聋的呐喊，冲破梦的帷幕。 永恒的美梦消散于一瞬，而你终于明白人们为何而沉睡——为了从梦中醒来的明天。
开拓者•同谐,4,四,看，在永恒之地，展开一卷无名的史诗—— 听。风中的歌谣传唱再创世的哀歌，看见金血流过安眠的花丛，火种撑起疮痍的大地。 就像种子即将死去，诗篇无人问津。 因为虚假的结局将故事的扉页铐上枷锁。 数算荧荧的冷光，刺痛祈盼黎明的眼睛。 岁月未曾流淌，太阳将要毁伤——这是故事的高潮，抑或终局？ 不，还差…最后一笔。 于是你在每一页留下「开拓」的字迹，向下坠落是向另一端升起。 你们奔行在记忆的泥浆，用亿万颗火种烧蚀冰冷的数列，接住破碎的胚芽。 当一页新生的空白出现，你落下一笔，它也向过去…荡开涟漪。 荧荧的光闪烁在记忆留白的夜空，尚未到来的流星，被寄予永恒的期待。 十三声心跳，在高歌逐火之旅，因为那是他们深爱的土地。 故事的扉页被再次翻开，那里写着有关生命的预言。 听！风中的歌谣如是传唱，记忆的种子在群星处生长，因为 ——银河已知晓「翁法罗斯」的姓名。
开拓者•同谐,5,五,"你是来自彼方的英雄，被众人追逐的偶像。
有人想将你捧上神坛，也有人戏谑地等你跌落。
踏入这个世界，便意味着你已成为焦点。
你被推入了一场游戏。
流量为王的时代，一场场好戏轮番上演，只为抓住更多的眼球。
最后，英雄与小丑等量齐观，惨剧与喜剧并无不同。
喧嚣的愿望要将你淹没，该笑，该哭，该逃避，还是该直面——
命运的骰子来到你的手心，戴上面具，抑或脱下，从来都只是你的选择。
欢笑本是众生的权利，感受痛苦亦然。
你举起手中的应援棒，如同举起火炬。
想站在银河的中心，必要拥有引领风暴的能力。
即便遭受恶意，你仍能创造更多善良的愿望。
即便没有赞美，你仍能在黑暗中为自己照亮。
只求本心，不计结局，你向所有人展现了英雄的本貌。
世界并未辜负你，你看到面具下的笑与泪，闪烁人性尚存的微光——
一如「开拓」沐浴星光，从这片土地再度启航。"
开拓者•存护,1,一,你记得不多。 你并非来自此地，也并非来自彼方，你本不去往任意一处—— 直到模糊的声在你耳边吹拂，那悲伤爱怜的劝导，似是而非的催促…… 种子扎根。你睁开双眼，那说话的人已不在。 只是声音愈来愈多愈清晰。 有无虑的关照，有镇静的劝告，有毅然的坚持，有温柔的点拨…… 你看到锦线正织成明日。 巨大的兽自无垠降下， 金色的瞳从黑夜俯视， 你也不再被过去抛弃。 你还将开拓漫长旅途， 踏过的荆棘都成了路。 列车鸣笛，愿你抵达将至的未来 ——以你自己的意志。
开拓者•存护,2,二,你来到了「存护之城」。 雪幕之后，风似钢剑，火种留存。 远方不会听见，大地同样震颤，只有哭喊的人们迎风而上。 外敌、寒潮、裂隙之后，溃烂始于堡垒之中。 你施予援手，却遭背弃。 有人曾看轻你，误解你，但你仍走到他们身边，寻找他们的路。 更多的人挂怀你，担心你，面向他们的苦难，为苦恼之人找到药方。 最终他们走到你的身边。 冰雪中，你恰如一团火，存护这个世界的灵魂 ——即使你将日日夜夜焚烧自己。
开拓者•存护,3,三,谐乐引你跌入美梦，糖浆与汽水充盈你的喉间。 节日盛大，人群喧哗，那些未曾谋面的人们披上伪装于梦中相聚。 你们饱览光怪陆离的风景，在晨曦微露之时分别—— 此刻，至暗的午夜才刚刚开始。 时针嘀嗒转动，死亡如影随形。 你被当作筹码押上台面，却为自己赢得了揭晓秘密的权利。 你带上已死之人的梦，继续着他们未竟的路，面对他们不曾战胜的对手—— 伪神汇聚众人的渴望而升起，万千人的齐唱淹没了你的存在。 行于不同道路的人拉起彼此的双手， 你们的旋律互相交织，虽微茫却如同长夜的灯火生生不息。 一个又一个人于梦中惊醒，而那微小的歌声最终汇成震耳欲聋的呐喊，冲破梦的帷幕。 永恒的美梦消散于一瞬，而你终于明白人们为何而沉睡 ——为了从梦中醒来的明天。
开拓者•存护,4,四,看，在永恒之地，展开一卷无名的史诗—— 听。风中的歌谣传唱再创世的哀歌，看见金血流过安眠的花丛，火种撑起疮痍的大地。 就像种子即将死去，诗篇无人问津。 因为虚假的结局将故事的扉页铐上枷锁。 数算荧荧的冷光，刺痛祈盼黎明的眼睛。 岁月未曾流淌，太阳将要毁伤——这是故事的高潮，抑或终局？ 不，还差…最后一笔。 于是你在每一页留下「开拓」的字迹，向下坠落是向另一端升起。 你们奔行在记忆的泥浆，用亿万颗火种烧蚀冰冷的数列，接住破碎的胚芽。 当一页新生的空白出现，你落下一笔，它也向过去…荡开涟漪。 荧荧的光闪烁在记忆留白的夜空，尚未到来的流星，被寄予永恒的期待。 十三声心跳，在高歌逐火之旅，因为那是他们深爱的土地。 故事的扉页被再次翻开，那里写着有关生命的预言。 听！风中的歌谣如是传唱，记忆的种子在群星处生长，因为 ——银河已知晓「翁法罗斯」的姓名。
开拓者•存护,5,五,"你是来自彼方的英雄，被众人追逐的偶像。
有人想将你捧上神坛，也有人戏谑地等你跌落。
踏入这个世界，便意味着你已成为焦点。
你被推入了一场游戏。
流量为王的时代，一场场好戏轮番上演，只为抓住更多的眼球。
最后，英雄与小丑等量齐观，惨剧与喜剧并无不同。
喧嚣的愿望要将你淹没，该笑，该哭，该逃避，还是该直面——
命运的骰子来到你的手心，戴上面具，抑或脱下，从来都只是你的选择。
欢笑本是众生的权利，感受痛苦亦然。
你举起手中的应援棒，如同举起火炬。
想站在银河的中心，必要拥有引领风暴的能力。
即便遭受恶意，你仍能创造更多善良的愿望。
即便没有赞美，你仍能在黑暗中为自己照亮。
只求本心，不计结局，你向所有人展现了英雄的本貌。
世界并未辜负你，你看到面具下的笑与泪，闪烁人性尚存的微光——
一如「开拓」沐浴星光，从这片土地再度启航。"
开拓者•欢愉,1,一,"你记得不多。
你并非来自此地，也并非来自彼方，你本不去往任意一处——
直到模糊的声在你耳边吹拂，那悲伤爱怜的劝导，似是而非的催促……
种子扎根。你睁开双眼，那说话的人已不在。
只是声音愈来愈多愈清晰。
有无虑的关照，有镇静的劝告，有毅然的坚持，有温柔的点拨……
你看到锦线正织成明日。
巨大的兽自无垠降下，
金色的瞳从黑夜俯视，
你也不再被过去抛弃。
你还将开拓漫长旅途，
踏过的荆棘都成了路。
列车鸣笛，愿你抵达将至的未来
——以你自己的意志。"
开拓者•欢愉,2,二,"你来到了「存护之城」。
雪幕之后，风似钢剑，火种留存。
远方不会听见，大地同样震颤，只有哭喊的人们迎风而上。
外敌、寒潮、裂隙之后，溃烂始于堡垒之中。
你施予援手，却遭背弃。
有人曾看轻你，误解你，但你仍走到他们身边，寻找他们的路。
更多的人挂怀你，担心你，面向他们的苦难，为苦恼之人找到药方。
最终他们走到你的身边。
冰雪中，你恰如一团火，存护这个世界的灵魂
——即使你将日日夜夜焚烧自己。"
开拓者•欢愉,3,三,"谐乐引你跌入美梦，糖浆与汽水充盈你的喉间。
节日盛大，人群喧哗，那些未曾谋面的人们披上伪装于梦中相聚。
你们饱览光怪陆离的风景，在晨曦微露之时分别——
此刻，至暗的午夜才刚刚开始。
时针嘀嗒转动，死亡如影随形。
你被当作筹码押上台面，却为自己赢得了揭晓秘密的权利。
你带上已死之人的梦，继续着他们未竟的路，面对他们不曾战胜的对手——
伪神汇聚众人的渴望而升起，万千人的齐唱淹没了你的存在。
行于不同道路的人拉起彼此的双手，
你们的旋律互相交织，虽微茫却如同长夜的灯火生生不息。
一个又一个人于梦中惊醒，而那微小的歌声最终汇成震耳欲聋的呐喊，冲破梦的帷幕。
永恒的美梦消散于一瞬，而你终于明白人们为何而沉睡
——为了从梦中醒来的明天。"
开拓者•欢愉,4,四,"看，在永恒之地，展开一卷无名的史诗——
听。风中的歌谣传唱再创世的哀歌，看见金血流过安眠的花丛，火种撑起疮痍的大地。
就像种子即将死去，诗篇无人问津。
因为虚假的结局将故事的扉页铐上枷锁。
数算荧荧的冷光，刺痛祈盼黎明的眼睛。
岁月未曾流淌，太阳将要毁伤——这是故事的高潮，抑或终局？
不，还差…最后一笔。
于是你在每一页留下「开拓」的字迹，向下坠落是向另一端升起。
你们奔行在记忆的泥浆，用亿万颗火种烧蚀冰冷的数列，接住破碎的胚芽。
当一页新生的空白出现，你落下一笔，它也向过去…荡开涟漪。
荧荧的光闪烁在记忆留白的夜空，尚未到来的流星，被寄予永恒的期待。
十三声心跳，在高歌逐火之旅，因为那是他们深爱的土地。
故事的扉页被再次翻开，那里写着有关生命的预言。
听！风中的歌谣如是传唱，记忆的种子在群星处生长，因为
——银河已知晓「翁法罗斯」的姓名。"
开拓者•欢愉,5,五,"你是来自彼方的英雄，被众人追逐的偶像。
有人想将你捧上神坛，也有人戏谑地等你跌落。
踏入这个世界，便意味着你已成为焦点。
你被推入了一场游戏。
流量为王的时代，一场场好戏轮番上演，只为抓住更多的眼球。
最后，英雄与小丑等量齐观，惨剧与喜剧并无不同。
喧嚣的愿望要将你淹没，该笑，该哭，该逃避，还是该直面——
命运的骰子来到你的手心，戴上面具，抑或脱下，从来都只是你的选择。
欢笑本是众生的权利，感受痛苦亦然。
你举起手中的应援棒，如同举起火炬。
想站在银河的中心，必要拥有引领风暴的能力。
即便遭受恶意，你仍能创造更多善良的愿望。
即便没有赞美，你仍能在黑暗中为自己照亮。
只求本心，不计结局，你向所有人展现了英雄的本貌。
世界并未辜负你，你看到面具下的笑与泪，闪烁人性尚存的微光——
一如「开拓」沐浴星光，从这片土地再度启航。"
开拓者·毁灭,1,一,你记得不多。你并非来自此地，也并非来自彼方，你本不去往任意一处——直到模糊的声在你耳边吹拂，那悲伤爱怜的劝导，似是而非的催促……种子扎根。你睁开双眼，那说话的人已不在。 只是声音愈来愈多愈清晰。有无虑的关照，有镇静的劝告，有毅然的坚持，有温柔的点拨……你看到锦线正织成明日。 巨大的兽自无垠降下，金色的瞳从黑夜俯视，你也不再被过去抛弃。你还将开拓漫长旅途，踏过的荆棘都成了路。 列车鸣笛，愿你抵达将至的未来——以你自己的意志。
开拓者·毁灭,2,二,你来到了「存护之城」。雪幕之后，风似钢剑，火种留存。远方不会听见，大地同样震颤，只有哭喊的人们迎风而上。 外敌、寒潮、裂隙之后，溃烂始于堡垒之中。你施予援手，却遭背弃。有人曾看轻你，误解你，但你仍走到他们身边，寻找他们的路。更多的人挂怀你，担心你，面向他们的苦难，为苦恼之人找到药方。最终他们走到你的身边。 冰雪中，你恰如一团火，存护这个世界的灵魂——即使你将日日夜夜焚烧自己。
开拓者·毁灭,3,三,谐乐引你跌入美梦，糖浆与汽水充盈你的喉间。节日盛大，人群喧哗，那些未曾谋面的人们披上伪装于梦中相聚。你们饱览光怪陆离的风景，在晨曦微露之时分别——此刻，至暗的午夜才刚刚开始。 时针嘀嗒转动，死亡如影随形。你被当作筹码押上台面，却为自己赢得了揭晓秘密的权利。你带上已死之人的梦，继续着他们未竟的路，面对他们不曾战胜的对手—— 伪神汇聚众人的渴望而升起，万千人的齐唱淹没了你的存在。行于不同道路的人拉起彼此的双手，你们的旋律互相交织，虽微茫却如同长夜的灯火生生不息。一个又一个人于梦中惊醒，而那微小的歌声最终汇成震耳欲聋的呐喊，冲破梦的帷幕。 永恒的美梦消散于一瞬，而你终于明白人们为何而沉睡——为了从梦中醒来的明天。
开拓者·毁灭,4,四,看，在永恒之地，展开一卷无名的史诗—— 听。风中的歌谣传唱再创世的哀歌，看见金血流过安眠的花丛，火种撑起疮痍的大地。 就像种子即将死去，诗篇无人问津。 因为虚假的结局将故事的扉页铐上枷锁。 数算荧荧的冷光，刺痛祈盼黎明的眼睛。 岁月未曾流淌，太阳将要毁伤——这是故事的高潮，抑或终局？ 不，还差…最后一笔。 于是你在每一页留下「开拓」的字迹，向下坠落是向另一端升起。 你们奔行在记忆的泥浆，用亿万颗火种烧蚀冰冷的数列，接住破碎的胚芽。 当一页新生的空白出现，你落下一笔，它也向过去…荡开涟漪。 荧荧的光闪烁在记忆留白的夜空，尚未到来的流星，被寄予永恒的期待。 十三声心跳，在高歌逐火之旅，因为那是他们深爱的土地。 故事的扉页被再次翻开，那里写着有关生命的预言。 听！风中的歌谣如是传唱，记忆的种子在群星处生长，因为 ——银河已知晓「翁法罗斯」的姓名。
开拓者·毁灭,5,五,"你是来自彼方的英雄，被众人追逐的偶像。
有人想将你捧上神坛，也有人戏谑地等你跌落。
踏入这个世界，便意味着你已成为焦点。
你被推入了一场游戏。
流量为王的时代，一场场好戏轮番上演，只为抓住更多的眼球。
最后，英雄与小丑等量齐观，惨剧与喜剧并无不同。
喧嚣的愿望要将你淹没，该笑，该哭，该逃避，还是该直面——
命运的骰子来到你的手心，戴上面具，抑或脱下，从来都只是你的选择。
欢笑本是众生的权利，感受痛苦亦然。
你举起手中的应援棒，如同举起火炬。
想站在银河的中心，必要拥有引领风暴的能力。
即便遭受恶意，你仍能创造更多善良的愿望。
即便没有赞美，你仍能在黑暗中为自己照亮。
只求本心，不计结局，你向所有人展现了英雄的本貌。
世界并未辜负你，你看到面具下的笑与泪，闪烁人性尚存的微光——
一如「开拓」沐浴星光，从这片土地再度启航。"
开拓者•记忆,1,一,"你记得不多。
你并非来自此地，也并非来自彼方，你本不去往任意一处——
直到模糊的声在你耳边吹拂，那悲伤爱怜的劝导，似是而非的催促……
种子扎根。你睁开双眼，那说话的人已不在。
只是声音愈来愈多愈清晰。
有无虑的关照，有镇静的劝告，有毅然的坚持，有温柔的点拨……
你看到锦线正织成明日。
巨大的兽自无垠降下，
金色的瞳从黑夜俯视，
你也不再被过去抛弃。
你还将开拓漫长旅途，
踏过的荆棘都成了路。
列车鸣笛，愿你抵达将至的未来
——以你自己的意志。"
开拓者•记忆,2,二,"你来到了「存护之城」。
雪幕之后，风似钢剑，火种留存。
远方不会听见，大地同样震颤，只有哭喊的人们迎风而上。
外敌、寒潮、裂隙之后，溃烂始于堡垒之中。
你施予援手，却遭背弃。
有人曾看轻你，误解你，但你仍走到他们身边，寻找他们的路。
更多的人挂怀你，担心你，面向他们的苦难，为苦恼之人找到药方。
最终他们走到你的身边。
冰雪中，你恰如一团火，存护这个世界的灵魂
——即使你将日日夜夜焚烧自己。"
开拓者•记忆,3,三,"谐乐引你跌入美梦，糖浆与汽水充盈你的喉间。
节日盛大，人群喧哗，那些未曾谋面的人们披上伪装于梦中相聚。
你们饱览光怪陆离的风景，在晨曦微露之时分别——
此刻，至暗的午夜才刚刚开始。
时针嘀嗒转动，死亡如影随形。
你被当作筹码押上台面，却为自己赢得了揭晓秘密的权利。
你带上已死之人的梦，继续着他们未竟的路，面对他们不曾战胜的对手——
伪神汇聚众人的渴望而升起，万千人的齐唱淹没了你的存在。
行于不同道路的人拉起彼此的双手，
你们的旋律互相交织，虽微茫却如同长夜的灯火生生不息。
一个又一个人于梦中惊醒，而那微小的歌声最终汇成震耳欲聋的呐喊，冲破梦的帷幕。
永恒的美梦消散于一瞬，而你终于明白人们为何而沉睡
——为了从梦中醒来的明天。"
开拓者•记忆,4,四,看，在永恒之地，展开一卷无名的史诗—— 听。风中的歌谣传唱再创世的哀歌，看见金血流过安眠的花丛，火种撑起疮痍的大地。 就像种子即将死去，诗篇无人问津。 因为虚假的结局将故事的扉页铐上枷锁。 数算荧荧的冷光，刺痛祈盼黎明的眼睛。 岁月未曾流淌，太阳将要毁伤——这是故事的高潮，抑或终局？ 不，还差…最后一笔。 于是你在每一页留下「开拓」的字迹，向下坠落是向另一端升起。 你们奔行在记忆的泥浆，用亿万颗火种烧蚀冰冷的数列，接住破碎的胚芽。 当一页新生的空白出现，你落下一笔，它也向过去…荡开涟漪。 荧荧的光闪烁在记忆留白的夜空，尚未到来的流星，被寄予永恒的期待。 十三声心跳，在高歌逐火之旅，因为那是他们深爱的土地。 故事的扉页被再次翻开，那里写着有关生命的预言。 听！风中的歌谣如是传唱，记忆的种子在群星处生长，因为 ——银河已知晓「翁法罗斯」的姓名。
开拓者•记忆,5,五,"你是来自彼方的英雄，被众人追逐的偶像。
有人想将你捧上神坛，也有人戏谑地等你跌落。
踏入这个世界，便意味着你已成为焦点。
你被推入了一场游戏。
流量为王的时代，一场场好戏轮番上演，只为抓住更多的眼球。
最后，英雄与小丑等量齐观，惨剧与喜剧并无不同。
喧嚣的愿望要将你淹没，该笑，该哭，该逃避，还是该直面——
命运的骰子来到你的手心，戴上面具，抑或脱下，从来都只是你的选择。
欢笑本是众生的权利，感受痛苦亦然。
你举起手中的应援棒，如同举起火炬。
想站在银河的中心，必要拥有引领风暴的能力。
即便遭受恶意，你仍能创造更多善良的愿望。
即便没有赞美，你仍能在黑暗中为自己照亮。
只求本心，不计结局，你向所有人展现了英雄的本貌。
世界并未辜负你，你看到面具下的笑与泪，闪烁人性尚存的微光——
一如「开拓」沐浴星光，从这片土地再度启航。"
彦卿,1,其一,"云骑军历史上最年轻的骁卫，景元将军的侍卫，工造司宝剑的大收藏家…如此多的头衔，如此多的街谈巷议汇于一身，让听者几乎无法联猜到，这个天才少年不过是个孩子。
自记事起，彦卿便如影随形地追随景元左右，为神策府分忧克难。而景元则传授他剑艺兵法。经年淬炼，彦卿的心智一如掌中三尺秋水，不染纤尘。
按云骑武经的评判，能在一息间分神御使六柄飞剑，收放自如，云骑军的教习首席再练百年也未必能办到。彦卿所拥有的战斗天赋实在令人生畏，可追仙舟先民「剑胎武骨」的评誉。"
彦卿,2,其二,"在云骑军的军籍文卷中记录了景元如何寻得少年，又力排众议，将他编入军中的始末。然而独独在家系一栏中，彦卿血脉传承相关的信息却付之阙如。
举凡将才，多半自幼显露天资。千年以来，自巡猎中脱颖而出的麒麟儿不可谓不多。只是尚未成年便被授予了军职，时人耳闻，评说一句「将军荒唐」也不为过。
然而天才的少年初上战阵的那一幕更是大放异彩，让所有反对的声音就此沉默。
巡猎远星时，丰饶之民所造的器兽「防风」身形巨硕，碾碎军阵如践蝼蚁。但少年仅在照面间轻易斩去其头颅，令敌势溃散，不战而捷。
至于其后那些战绩：随景元一同破去步离人的贪狼铁阵，斩了三位巢父；又与造翼者激战，最终击沉了遮天蔽日的拏云舰…这些，不过是其胆识与剑艺的小小注脚罢了。"
彦卿,3,其三,"若要问彦卿除剑术之外还寄情何物，只能换得一句干脆的回答——
「兴趣只会影响我拔剑的速度！」
犹如孩童热爱玩具买个不停，他不惜倾尽所有零花，购入工造司所出的大部分宝剑——真气操作的飞剑、近身接战的短刃、自在伸缩的软剑…每一种规格功能都如数家珍，并且时常购入双份，一柄拆封使用，一柄入室珍藏。到了月底往往落得个「吃将军，用将军，可怜巴巴求将军」的地步。
少年爱剑，天经地义。在他所藏的仙舟剑器上倒映闪烁着的是一个梦：
成为罗浮第一，不，是仙舟第一；摘取罗浮「剑首」，乃至联盟「剑魁」的冠称。
自「饮月之乱」后，罗浮云骑军中武艺之尊「剑首」 的名衔已空悬数百年——并非无人想要争取，而是某些更隐秘难言的原因：
前任剑首，那位留下十三奇功的传奇剑士，触犯天律，被抹去了名字。连她所得到的荣誉，也成了旁人难以触碰的痛处。
但对意气洋洋的少年而言，是时候将历史翻篇，写入新章了。"
彦卿,4,其四,"「第一百二十三回对阵：彦卿、景元。」
「将军，咱不比了吧！彦卿好累……」
「不是手中握剑，便有立足不败的信心吗？怎么虚了？」
「哪有侍卫对着要保护的对象动刀动剑的？万一伤着了……」
「你的身手若有你嘴皮子一半利索，眼下我已输了。让你一只手，赶快。」
「不行，得两只手！将军要不让个神君也行！」
「你当是天舶司的买卖，还能讨价还价么？唔，让我想想……」
「有破绽！看招！」
「一早料到了。破！」
「痛痛痛！可恶，彦卿可是等这机会好久了……」
「兵不厌诈，偷袭是个好法子。可惜，你出剑太重气势，藏不住形。这就是所谓的少年意气吧？」
「将军，再来再来！这回我尽量悄没声地动手…」
景元花费了许多精力栽培彦卿，有人揣测他是想栽培后继，也有人说不过把这孩子当成秘密武器使唤。景元从未予以回应。
随着彦卿的技艺日渐精深，成为罗浮仙舟上罕有匹敌的战士，景元逐渐开始考虑如何收敛彦卿的锋芒，给予他失败的考验却又不至于摧折他。
过刚易折，过利则损。宝剑不仅需要锋刃，更需要约束锋刃的剑鞘。在景元看来，彦卿成长得很快，快的出乎预料。此时彦卿需要的已不再是力量，而是收敛和运使力量的经验——而这些，只有时间能给他。"
忘归人,1,其一,"那护身的玉镯业已碎裂，祈福的铃铛滚落泥淖，鲜妍的折扇化作朽灰。
而她只能看着无明的幽火燃烧
——自己曾拥有的一切都在燃烧。
她一时只有惋惜，自己仍旧比人生走慢了一步。
「刚和那行商谈成的大生意，白白浪费了机会……
「可惜了这保养已久的尾巴，如今都成了浮云……
「连答应给大家带的礼物…居然也要食言了……」
千头万绪，身体动弹不得，只有眼角渐渐湿了。
记忆走马灯般闪烁着，黯淡着。
「真想看看驭空大人带着我送的弓飞上天空，那是她最想做的事吧……
「岩明啊，以后仙舟商团…都得仰仗他了……
「梦茗的茶种，我也寻到了，她一定心里欢喜……
「还有燕翠大娘，她的刀也该换把新的了……」
泪珠滑落，在触到地面前蒸发。
视野渐渐被黑暗吞没，她已经辨不明仙舟的航向了。
「小女子本想选择行向更远的天际，但到最后连敌人是谁都不知道，可真不甘心呐……」
宇宙间的各处，每分每秒都有海量的生命逝去。
在命途行者掀起的伟力前，凡人犹如一粒微茫的尘埃，随风逐浪，身不由己。
「但也正因如此，这是给予她的『选择』，也是给予我们的一线生机……」
——那是很久以后发生的一场对话，发生于一位行商与一位天才之间。"
忘归人,2,其二,"少女微弱的意识徘徊于黑暗。
前方，是不见尽头的长夜，背后，似是近在咫尺的归途。
她向后退，那里是她熟悉的繁华花灯，故友在远方呼唤，等待自己重拾商人之业。黑雾自前方涌现，街市转瞬化作朽木死灰。
她向后退，星槎的甲板于脚下显现，她欲乘风而上，却见诡异的星体悬于天空，熟悉之人化作怪物，举刀相向。
她想如从前那般能言巧辩，此时却无法对着面前的怪形发出半分声响。
「只能向前去吧。」她同自己说道。
「但我如何向前？」她向自己发问。
「抬起你的手。」冷冷的声音从远方传来。
她低下头，看着贯穿于手掌的伤痕。手中捏着的仍是那把折扇，她记得它于火中成了灰白，但如今它就在那，就在自己手上。
黑雾再次向她席卷而来。
「向前去吧。」
她抬起手来，穿透掌心的伤痕亮起。那光穿透了黑暗，但也照亮了她自己。
「向前去吧。」
她举起扇子，那乘凉消遣的折扇如今却要冒出火来。
黑雾绵延不绝，但她愈是往前，光芒便愈盛。
「向前去吧。」
那冷冷的声音愈发清晰。
「不要回头。」
她向前奔去。
「这星海间万千世界，我还远远未看够呢……」
她的背后，五条绒尾在此刻彻底绽放，化作烈焰照亮了将她困住的漫漫长夜。
实验室。
少女的指尖微微颤动，一滴晶莹的泪从眼角滚落。
那位清冷的科学家望向舱内，表情终于有了些许变化。
「恭喜你『选择』这边的世界。」"
忘归人,3,其三,"「苏醒，不过是你迈出的第一步。
「『毁灭』的烙印仍影响着你，你必须更快熟悉这副新的身躯，才能使力量为你所用。」
日复一日，她遵照那位科学家的指导，以舞蹈配合那奇特的糕点，她以肉眼可见的速度开始痊愈。与日俱增的，还有她的疑惑。
她在不安中等待着仙舟的消息，许久之后，阮•梅向她确认了星核灾变的噩耗——
那被称为「幻胧」的令使以她的样貌混入仙舟，掀起灾祸，荼毒众生。
「所幸，星穹列车和仙舟合作，已击败幻胧，并未造成严重后果。」
她怔怔地听着「自己」的故事，感觉荒诞而虚幻。
「如此说来，她不仅夺走了我的性命，还夺走了我的一段人生，小女子本不应该以如此面貌回到罗浮，与虹车相遇……」
「幻胧对你的『毁灭』从未停止。你虽在肉体上暂时战胜了『毁灭』的力量，但她对你意志的折磨才刚刚开始。」
那冰冷的声音中，似乎藏着一丝不易察觉的感叹。
「小女子不明白，为何是我？」
「只是命运掷下的骰子，偶然落在了你的身上。」
「…所以小女子的命运，也因此与他们联系在了一起。」
「我只是受人所托，将你救下。回到罗浮之后的事，都在于你。」
「但无论如何，小女子已是这些大人物棋局中的一子了吧？」
「无可否认。」
她沉默了许久，盘算着，思量着。
「生意讲究你来我往，小女子既与往日不同，可还有选择的机会？」
阮•梅看着少女，摇了摇头。
「我不知道。那是你的『选择』，也只有『你』才能选择。」"
忘归人,4,其四,"风波后的匹诺康尼，活力依然。
那座金碧辉煌的都市，是奢华迷离的商业天堂，也是她一直渴望拜访的胜地。
「你也是逐梦客吧？这身装扮可不多见啊。」
猎人穿着的异乡人不知何时走到她身边。
「当然，我也是。别看我现在这样，总有一天，我会把克劳克影业买下来！你呢？」
「如此说来，小女子也勉强算半个吧……
「一直想着当有一日漫游星海，去往不同的世界，联结各地的贸易。可惜……」
她没有再说下去，异乡人若有所思地点点头，举起苏乐达向她致意，一饮而尽后，转身离开。
归乡之路本就漫长，但她还是选择于此停留。
未来不止一路，她的渴望也不止于归乡。
「这位女士，来点苏乐达？」
她转过头，是一个推着车的商贩。
「…看您的穿着，应该来自罗浮仙舟？多年前我就跟着老板去过一趟，那巨大的舰船，繁华的样子，我到现在也忘不了。
「那一次我们前往鸣火商会拜会，接待我们的使者停云小姐，倒是和您有几分相似，不知道您是否认识她……
「女士，女士，你在听吗？」
她望向匹诺康尼的星空，在尚不可见的远方，人们正在涌来，人们正在远去。
「抱歉，我刚刚在想一笔能以小小杠杆撬动大鳄的『大生意』，一本万利，却也九死一生……」
「你在犹豫？」
她莞尔一笑。
「是犹豫过…不过终于是拿定了主意。
若是小女子此番登场，能迷了那些大手的眼，那么也算是行往更远的天际了。」"
托帕&账账,1,其一,「戴斯特，这份简历你看过了吗？」 「您说的是哪…噢，是她啊——这位刚刚在市场调研小组结束了实习，还引起了不小的轰动——呃，褒义的那种。」 「居然已经过了实习期了？唔……」 「哪里不对吗，德比斯基先生？」 「没什么，只是好奇，毕竟她的入职年龄也算是突破部门下限了…何况这姑娘的履历还这么惊人。我看看…嚯，签的居然还是『终身合同』？真没想到，那么落魄的星球上还能捡到这种人才……」 「我已经和业务同事核实过了，简历上的信息全部属实。而且，她甚至没把当时的入职测试结果写进去——听说她在精算、微经宏经、星际金融、管理学等学科测试上全都拿到了高分，甚至连体测也接近满分。她唯一没有及格的项目是……」 「嗯？是什么？」 「…是商务礼仪，她直接翘掉了那门测试。『我最讨厌的就是形式主义』——据说她当时是那么说的。」
托帕&账账,2,其二,「我说啊，你……」 「嗯？怎么了，德比斯基大叔？」 「…你应该知道办公室禁止携带宠物吧？」 「当然了！员工手册第八十六小节第一百四十四条——严禁携带任何形式的有机体宠物出入星际和平公司属下的办公场所。」 「…记得还真清楚啊？那你要不要解释解释——」 「——但我认为这条准则根本就是无稽之谈，完全没必要遵守。实话告诉您吧，大叔——有了这些可爱的小家伙在场，我的工作效率直接提高了百分之二十七！」 「…我倒是不会质疑从你嘴里说出来的数字，但是……」 「你看！这个小家伙——嘿呦——叫账账！可别把它当成普通的次元扑满哦，这小家伙对『金钱的味道』特别敏感！我现在不管去哪出差都得带着它，简直成了我的幸运星啦~」 「居然会在办公室里看到这种生物，还真是…咳，算了，我先假装没看到吧。只是下次总监视察的时——哎、哎哟！！怎么回事？！别、别咬我！快、快把这家伙拿走——」
托帕&账账,3,其三,汇报人：弗朗西斯科 · 德比斯基汇报对象：「翡翠」汇报内容：组长述职 「翡翠」女士： 这应该是我最后一次通过系统向您递交述职报告了。时光荏苒，转眼间我已在战略投资部工作了半个琥珀纪，也经过一路摸爬滚打才爬升到如今的位置；虽算不得功成名就，但至少也为我的家庭积攒了足够几代人过上安逸生活的财富，我已别无他求。在此，也要特地感谢「翡翠」女士您一直以来给予第一六六市场组的大力支持。 言归正传，我在这次述职报告中将不再对第一六六市场组的近期工作内容和业绩多做赘述，以上内容在本组的工作月报中均有体现。这篇报告的唯一目的是向您引荐我组内的一名员工：███ · ████。 关于███ · ████的事迹和业务表现，想必您多少有所听闻。我在系统附件中附上了她的述职文件、以及组内多名员工对她的综合考评文档，供您参阅。尽管年纪尚轻，但███已经表现出了非凡的业务能力、管理思维和意志品质。我毫不怀疑，如果由她来接任第一六六市场组组长的职责，本组的营收和项目成功率将会更上一个台阶。我也有理由相信，以███展现出来的潜力，她的职场生涯绝不会就此止步，她未来必将在更大的舞台上大展宏图。以上，在我退居二线之后，希望您能多多关照███ · ████——诚如战略投资部一贯的主张：人才是最重要的投资，我相信她早已步入您的视线之中。 战略投资部第一六六市场组弗朗西斯科 · 德比斯基
托帕&账账,4,其四,「戴斯特……」 「怎么了，德比斯基先生？」 「要不，你就先吃吧？我看不会有人来了。」 「没关系，我还不饿。怎么说这也是您的欢送会，还是再等等吧。」 「呵呵…我最知道这帮小崽子的德性了。一个个的，每天脑子里就只有工作，搞钱…怕是早就把我这个老领导给忘得一干二净了。」 「…我很遗憾，德比斯基先生。我本来以为，至少叶琳娜会……」 「——欸，别叫那个名字了，现在要叫『托帕』。真想不到啊，那姑娘竟然真成了他们的一员……」 「不服不行啊戴斯特，像我这种老顽固，再干几辈子都不可能沾到那个位置的边。人家已经是另一个世界的人咯，怎么可能有空来参加这样的小聚会？」 「您谦虚了，我觉得…啊，有人敲门——您别动，我去开。」 「…是谁啊，戴斯特？我这老花眼，有人站在我跟前都看不清……」 「抱歉，先生，没人来…是有人捎来了一封信。」 「噢…这样啊。谁寄来的，这么隆重？明明发条信息就可以了嘛……」 「信封上没有署名。您稍等，我念给您听吧——」 「亲爱的德比斯基先生：感谢您一路以来的厚爱和栽培！没有您的关照，就绝对不会有我的今天。实在抱歉，我现在远在泰科铵出差，不便参与您的退休欢送会。等到这桩项目结了，我一定会抽出一天时间来探望您。对了，我记得您的爱好之一就是机动球——我会从泰科铵给您带纪念品回来的。您永远忠诚的，小叶琳娜。」 「……」 「德比斯基…先生？您…哭了？」
昔涟,1,其一,">>>……
>>>0、9、3
>>>PhiLia093……
……
>>>PhiLia093 = 桃子
……
光。
暖的。亮的。白的。
……
天空。
云朵，柔软。
碰碰，吹散，拨弄，再舔一舔，下雨啦。
……
花。
甜丝丝。软。像桃子。
时间的风儿，故事来了，阳光，香香的。
……
小妖精。
毛绒绒。七种声音，组合。
陪伴迷路的孩子。聪明。
……
世界。
世界是光，天空，大海，星辰，种子，花，飞鸟，希望。
世界很美好。
世界是一个故事。
桃子来了，走了。故事，还有下一个故事。
……
我，你。
你是…桃子。
我是…桃子。
你，是一个人。
你，为了很多、很多人。
我，是一个人。
我，为了很多、很多人
……
后来，你又变成了「空白」……
你不在的时候，我一直在认真思考哦！但怎么想，我也不明白——
金发的织者明明能够做出最美的衣服，为什么不让她看得见？
狮子一样的王子不会死亡，所以就必须一遍遍地受伤？
那些好多好多的红发小女孩们，为什么她们总是变得越来越少？
还有，桃子，你每次离开之后，都去哪里啦？
……
下次，请你替我解答吧？
等你♪
第496000次。
——德谬歌的记录"
昔涟,2,其二,"第33550335个故事，我还在找寻那个答案。
其中一个故事里，金发的织者放弃了制衣师的工作，和猫儿一起成为了自由的侠盗。
在另一个故事里，狮子般的王子健康地长大，他战无不胜，从来没人能增添他的伤痕。
也有几次，红发的女孩们会被好心的王者保护，奥赫玛满是她们的欢声笑语。
我还见过，海洋的歌者与那位凯撒一同回到了无人居住的海滨，阿那克萨戈拉斯担任逐火的首领，带领众人向前……
可每一个故事的结尾，都像徒劳燃烧的书页，化作一个漆黑的怪物。
你说，它有很多个名字——
「铁墓」，「毁灭」，或者…「命运」。
桃子，你总是微笑着，但你讲述时的每一次颤抖，我都能感受到呀。
那就是「逐火」的结局吗？
每一个故事里，都写着「逐火是不断失却的旅途」。
你说，那也是「爱」。
所以，「爱」是一次次的失却，也是一次次的等待吗？
桃子，我不懂。
但我感受到了，你说的那颗「流星」。
我的「心」在和它一同跳动。
奔向它，可能会跌落，碎成万千个碎片。
嘻，反过来想，碎片就像水晶花一样，会倒映出更多美丽的眼眸吧？
在这一次的故事里，涟漪将为流星而荡开…三千万世浇灌的花朵，也终于要飘向远方。
我知道的，接下来，我会失去好多的记忆，就像花瓣片片落下。但只有这样，我才能更加轻盈地、乘着风儿去追逐流星呀♪
那么，就让人家成为桃子故事中的小妖精吧，人家会用粉色的绒毛打扮自己，以最可爱的样子，接过每一个「昔涟」的嘱托，去人们心中栽种「爱」的水晶花——
然后，以「昔涟」的名字，和流星一起，写下不同以往的浪漫故事♪
——「昔涟」的回忆"
昔涟,3,其三,"很久，很久，之前——
「迷……」
「？」
嘻，故事的开始，还真是个充满悬念的相遇呀。
……
「旅行，喜欢。和你，一起？
「记忆…收集。拼凑，完整。」
我们踏上旅途，与所有黄金裔一同写下那些逐火的岁月——
和织者一道，将光阴织成黄金。
在纷争的长枪下，悬锋的战士用血与火，燃烧出璀璨的前路。
如果将时间比作一朵花，圣女便创造了一千个芬芳的明日。
为了真理，智者将生命付之一炬。一个温柔的拥抱，至少能让告别更美一些。
当永夜降临奥赫玛，医师与猫儿抬头仰望时，或许只有一个小小的愿望——愿虹光永驻天空，谎言在风中飘扬。
于那终点，我们告别哀丽秘榭氤氲麦香的梦。空白的英雄恰如黎明的燃烧，在灰白的天际，曙光从你的肩头升起。
千千万万的记忆，在再创世的时分，唤醒了人家。
一如过往三千万世，它依然充满牺牲与悲伤，但这一次，因为有你，就像蒙上了一层温暖的光。
你接过「负世」的神权，我住进「岁月」半神的心里——
从过去，到现在，我们终于能迈步前往未来。
在金血铭刻的时代，那个自居神明的存在第一次得到应有的惩罚。
探索、了解、建立、连结——呼，当那位记忆的孩子要将世界淹没，人家又一次见证了开拓的决心。
翁法罗斯的命运不再是徒劳的回环，它已经与前进的信念紧密相连。
故事的最后，所有逐火的英雄携起手，直面那毁灭的无首巨人——
以三千万世的爱，被毁灭的一切化作一页净土，自我们的记忆中重生……
嘻，真是好长、好长的路呀，好想就这样，为故事画上圆满的句点。
可人家的「爱」并非完美无缺，也并非一切的答案——但我们一起，就无所不能，对吧♪
如果…令「爱」为拥抱而破碎，它是不是就会变成世界的「光」？
或许那是怅然若失的一笔，但那无数道光，一定能为我们深爱的世界，写下不同以往的结局♪
——昔涟，{NICKNAME}写下的故事"
昔涟,4,其四,"很久，很久以后——
阿那克萨戈拉斯，天才俱乐部#100，听说他正在向「虚数之树」理论发起挑战…如果是他，肯定能做到吧？
……
揽镜人阿格莱雅，嘻，她的设计一定能在庇尔波因特掀起万人空巷的盛况。
……
探险家刻律德菈，成为了近距离征服黑洞的第一人，在一睹黑洞的壮美时，她宣称是一位歌者的唱片，让她得以抵抗虚无的诱惑。
……
每四个琥珀纪一届的银河运动会上，赛飞儿将代表翁法罗斯出战短跑，白厄与万敌将带领逐火梦之队出征，他们与仙舟狐人队的对决，是本次比赛的一大看点！
……
遐蝶的长篇连载近日迎来完结，我们等待了整整十个琥珀纪的结局，究竟会是什么样子？
……
缇里西庇俄丝女士发布了她的宇宙穿梭载具，搭乘着飞船，由风堇女士研发的「伊卡」疫苗将飞往许多被病毒侵蚀的世界……
……
为了银河的明天，星穹列车再度启程，无名客留下的事迹，仍在星空中传唱。
……
当落叶停在枝头，雨水落回天空，呀，人家还是忍不住写下这些美好的幻想。
翁法罗斯是一颗沉睡的种子，如果它在未来能够长成一棵大树，那么树梢上垂挂的果实，一定会远远超过我的想象。
如果没有空白，这些故事又该如何生长？
所以，{NICKNAME}，不要悲伤，好吗？
当种子落回土壤，我的故事会被风吹散，但它将为银河荡起美丽的涟漪，就像破碎的水晶花，为人们带来更多的光——那就是「爱」，对吧？
未来会从这里绽放，就像这个故事的开篇，我讲，你听——
我，和你。
……
涟漪，世界。
……
小妖精，毛绒绒。
……
希望。
……
花。
……
天空。
……
光。
……
——留待未来的空白诗篇"
星期日,1,其一,"「亲爱的妹妹：
你留给我的甜点我都已经吃掉啦！都怪布丁蛋挞太好吃了，上音乐课前我忍不住吃了三个！结果很不幸，大巫婆大嗓门老师说我嗓子齁着，唱起歌来像小鸭叫，让我出去罚站——你猜怎么样？嘿嘿，我在教室外面吃掉了第四个！
好在我的钢琴练得不错，大块头老师每次都夸我有天赋。现在只要听过一段旋律，我就可以把它原原本本复弹出来，和你一样厉害吧！等你下次回来，我们可以四手联弹，我也可以为你伴奏，我们可以再办一场演唱会！
我们的小鸟你不用担心，已经能飞得比昨天更高一点了。最近天气不错，它应该很快就能飞走了！下午我去打扫妈妈的墓时，瞧见了好几只和它一模一样的小鸟，我们的小鸟也会很快加入它们的！
时间过得真快啊，我最近开始跟着教堂里的「铎音」学习家族的课程了。这说明——我以后一定会变成特别特别厉害的人！到那个时候，我们一起，一定会把梦境变成特别好特别好的地方！
随信给你寄了一些新口味苏乐达饮料，有的味道是有点怪怪的，但很好玩，还是想让你尝尝。如果你还想喝，我再寄一些过来！
（如果有看到好吃的布丁蛋挞，也给我寄点！）
不要太累了哦！
永远支持你的！
哥哥」
——一封古旧的家书，珍藏于旅行箱的暗格中"
星期日,2,其二,"「亲爱的妹妹：
寄来的唱片我已收到，我跟着弹了几首，十分精彩。现在匹诺康尼的唱片店人满为患，街上到处都是你的新专辑海报，好多人总是向我赞美你，并打听是否能拿到你的签名。
你最近不回来也好。现在的匹诺康尼今时不同往昔，逐梦客蜂拥而入，经济像井喷一样发展，但梦境也比以前混乱多了，换作以前，我不曾想到「铎音」会面临如此艰巨的挑战。
企业家为了垄断行业，制定了极其不合理的工作时间，梦境里的工人经常要连续工作十二个系统时才能休息，但到手的却只有一笔微薄的工资。投机和高风险产业遍布匹诺康尼，逐梦客们为了泡沫般的愿望来到这里，最终却成了流浪汉中的一员……
此前一位偷渡客向我求助，说他倾尽所有才能留在匹诺康尼，却被猎犬家系发现。他向我保证日后一定会还清自己的所有欠债，因此我才向猎犬家系请求，对他网开一面。只是每当我想到这样的人在匹诺康尼还有许多，便不免怀疑是否所有人都能做出正确的选择。
算算日期，信寄到的时候你应该也要启程开始下一轮巡演了。匹诺康尼的事你不必操心，我知道你心地善良，但不是所有人都如你这般。一定记得保护好自己。
你永远的后盾，
星期日」
——一封泛黄的家书，放在唱片盒中"
星期日,3,其三,"「亲爱的妹妹：
星系特产我已收到，谐乐大典在即，事务繁忙，等有时间了我仔细品尝。
关于家族中出了叛徒一事，情况我已知悉。你的猜想不错，此事的确与你注意到的死亡案件相关，更和那位神秘的「钟表匠」脱不开关系。但你离开匹诺康尼已久，不熟悉这里的情况，切不可轻举妄动。
至于失声一事，你的当务之急是好好修养，若是身体确实不适，谐乐大典的事我会和梦主商议，看能否做特殊处理。你认为失声是因为匹诺康尼的「同谐」并不纯粹，我同意。匹诺康尼唯一称得上纯粹的，或许只有人的「贪欲」而已。
对不▇▇▇▇▇▇▇▇▇▇▇未曾和你▇▇▇▇▇▇▇▇▇▇▇▇▇▇▇▇▇▇▇▇▇错▇▇▇▇▇▇▇▇▇▇▇▇罪恶深恶痛绝，▇▇▇▇▇▇▇▇▇▇▇美梦的辉煌▇▇▇▇▇▇▇▇▇堕落与不堪。
自从担任家主以来，有很多话我不能说，有很多事我不能做，但这不代表我对梦里的一切熟视无睹。
我们也许都在新的道路上前进着，但我唯一能向你保证的，是我从未辜负我许下的诺言。
橡木家系家主 星期日
朝露公馆，朝露的时刻
匹诺康尼（梦境）
阿斯德纳星系」
——一封新近的家书，笔迹潦草，涂抹众多"
星期日,4,其四,"「亲爱的妹妹：
许久未写信了。
往后的一段时间里，或许会有一阵子没法联系了，但我向你保证，这不会是寄给你的最后一封信。
一条充满希望的路也许只是一条充满诱惑的路，感谢你们，我还没有迷失得太远。以我现在的身份，我能补偿的不多，只能清除残留在匹诺康尼的秩序余响。如此，梦境便不会再有「秩序」的隐患了。
为了一睹天空的容貌，折翼的鸟儿也会选择再次出发。就像我们小时候共同养育的那只鸟儿，即便明知有坠落的可能，它也要飞上天空，因为那是它的宿命。我不会忘记我们「让所有人幸福」的愿望，但现在我必须离开，去往更广阔的世界找寻实现的道路。这是我的命运，也是我的选择。
瓦尔特先生已同意我登上列车，作为搭车客前往寻找我的应许之地。他们为人和善，品行高洁，你应当比我更了解。
很多时候，你不说，我还把你当成那个需要被人保护的孩子。但你早就长大了，匹诺康尼有你在，我很放心。
母亲的墓我已打扫过了，我折了一朵蓝花带在身旁，她会像一直以来那样祝福我们。
最后，谢谢你送的巨恐鸟布丁蛋挞，这么多年过去，它们还是那个令人怀念的味道。
在路上的，
哥哥」
——一封未署名的信，留在了美梦的某个角落"
景元,1,其一,"「想请教太卜大人，这星阵棋为何是棋枰四方，棋子浑圆？」
「取法天圆地方？古人文明未开化前，相信大地平坦。这星阵棋仿效的是列国逐鹿相争，一统大地的旧事，自然是方枰。至于棋子…那时的人相信天如穹盖浑圆，棋子仿效星辰流转，下应人事，自然是圆的。」
「不对，不对。」
「你未下的四十八手，我已预见了。景元，你要是想借提问让我分神，我劝你趁早歇歇。」
「哎，符卿怎么无端疑我？」
「别打岔，你接着说。」
「诚如符卿所说，棋是比喻，以局喻人。战争的规则写的明明白白，各子的行动早有定数，也不过是进退飞跳罢了。因此进退以方，这便是方枰的原因。至于棋子，先贤有云『用智如圆』，阵中各子皆有自己的心智，所以用了圆棋。」
「《玉沙巡拾》一书里提过星阵棋的来由，景元，我读书多，你莫要诳骗我！」
「云车左移三进四，将军。你输了，符卿。」
「等，等等！为什么刚刚的预视里没看到这一手？退、退回去重来。」
「棋子如人，各有心智。你我落子无悔，岂有重来的道理？哈哈，一司之首岂能混赖？」"
景元,2,其二,作为横跨六大仙舟的建制，云骑军自火劫大战的尾声中脱胎，立誓卫蔽仙舟，奉行帝弓的「巡猎」诰谕，传承至今。尽管长生种的寿命漫长到不可思议，但在血火厮杀的战争中，却鲜有云骑将军能在履任后撑过百年的大关。与其说这是一种宿命，不如说这是一种传统。作为镇护仙舟、讨伐孽物的武装力量，将军除去绸缪调遣的职责，更需要身先士卒，叩关斩阵。在无数残酷短暂的年限记录之中，负责节制罗浮云骑军的「神策将军」景元却脱颖而出，已安然治军数百年。在他折冲运筹之下，罗浮云骑一度蜚声联盟，立下过众多惊人的战绩。虽然有人腹诽他本人畏战怯阵，鲜少动武。但也不得不承认，其人的智谋不逊于最锋锐的利剑，尽解难结。
景元,3,其三,"如今流传最广的传言中，景元出生于世代效力地衡司的家族中。
按照从狐人传入的「试儿」习俗，家长会在幼儿周围摆上种种物事玩具任其抓取，以卜前途。其父母原本指望孩子继承衣钵，成为地衡司的学者或是执事官，景元却独独抓起了玩具刀剑。
似乎「试儿」之俗应证了未来。在学宫结业后，为了摆脱一眼望穿的人生，景元不顾家族的反对加入了云骑军。
在云骑军的战事牍库中，记录了他身为云骑士卒的首次出征。运送部队的天艟迫降在了一颗海洋星球上。此地深受孽物的侵染，一支被称为「傀儡蛸」的新兴长生种劫持了云骑的心智，混入舰队中，几乎成功将这艘战舰转化为自己的巢穴。景元敏锐地觉察出了危机，并迅速梳理出傀儡蛸操控的条件，应对手法。剩余的船员最终通过了敌我难辨的考验，击败了对手，安然返乡。
这场几乎兵不血刃的战争让云骑将军们看到了景元的锋芒。重返仙舟后，景元在云骑军内部崭露头角，受到重用。
他的应变急智和实用主义手段屡屡让上级们难忘又头疼。最终，受到前任罗浮剑首的邀请，景元加入其所部为之效力，开启了「云上五骁」传奇之路。"
景元,4,其四,"作为仙舟历史上著名的传奇，来自诸仙舟云骑军中的五位英雄聚首同战，合称「云上五骁」。以此五人为首，成就的功勋史不绝书：驱走攻入塔拉萨的步离人舰队；破坏丰饶联军中慧骃族与造翼者的同盟；乃至解围玉阙仙舟，并击溃了活体星球「计都蜃楼」，保全了联盟凝视星海的眼睛……
然而累累功业，最终却敌不过时间的轻轻一弹指。「云上五骁」在短暂相聚不逾百年的时光后分崩离析。随着战事渐少，联盟各大仙舟各循其位，罗浮开始巡航于银河间的商路，为联盟寻求补给与盟助。
故交旧友风流云散，不复存焉；宿敌旧雠或死或擒，徒留回忆。倒下的将军不必承受此等折磨，而活下来的将军必须面对一切：无论曾梦想过何等伟大的远景，无论曾战胜过多少个神明一样的强敌，时间总是逐一拔去你的爪牙却又不杀死你，让你苟延在角落中憎恨自己的无力。
而唯有真正的智者，才能在时光这位不败的对手前兀自傲立。"
杰帕德,1,其一,"年轻的戍卫官站在北方的城垛上。
他俯瞰惨白的无际大地。他见裂界的异形在茫茫雪线中结成翻滚的阴云。他见无畏的铁卫凭城列队立定，仿佛一道坚实的胸墙。
那是他原本的位置。在他尚且是个不起眼的列兵时，便已发誓成为贝洛伯格最坚固的盾牌，应与战友同生共死——哪怕是当上了戍卫官也不例外——这绝非铁卫围炉夜话时的戏言，因那克里珀正是此誓之见证。
然而，此时的他却未能出现在他应至的地点——这正是大守护者的要求。
大守护者究竟是作何考虑？年轻的戍卫官想不明白。不过，他很快就勒令自己将注意力放在眼下的战事上。
「记住，杰帕德•朗道——」
「怀疑生骄慢，怀疑生邪念。作为贝洛伯格的典范，你不应有多余的思考。」
年轻的戍卫官站在北方的城垛上。"
杰帕德,2,其二,"在那场极尽壮烈的战事之后，所剩无几的铁卫班师振旅，回到贝洛伯格。大守护者为了庆祝这场来之不易的胜利，立即下令召开庆典。举城上下彻夜狂欢三日有余，欢声笑语未曾间断，而庆典气氛在那场专为铁卫开设的授勋典礼上达到了最高潮。
在众人的注视下，大守护者为此役中军功最为卓著之人颁授奖励。出身于贝洛伯格望族的年轻戍卫官默默地佩戴那由地髓锻成的臂甲——轻便、灵活、强韧，同时散逸着极光般的辉彩——这是他对这件珍宝的全部印象。
如此荣耀的勋章是用多少战友的生命换来的？他逼迫自己不去想这件事。当下的他只能以笑容迎合大守护者与贝洛伯格的期待，因为这才是一名忠诚的卫士该做的。
在戍卫官将臂甲佩戴完全的那一瞬间，激烈的辉光从甲胄的连接处迸射而出。下一刻，典礼的观众席上爆发出经久不息的热烈掌声。
人们看不到众铁卫盔面下的倦容——他们以为这是一场凯旋。"
杰帕德,3,其三,"大守护者的决策是正确的。
战事过后，贝洛伯格的许多人终于暂歇一口气，重新拾起那尚不完整的简单日常。然而，包括戍卫官在内的人们并不知道——待虚伪的和平过后，他们即将面对的只有更加惨烈的长期拉锯；若无外物干涉，这旷日持久的战事将以贝洛伯格的陨落作结。
此时，他正在寝室中检查自己的盾牌「壁垒」是否运转如初。这架沉重的力场防护装置由他的姐姐用琴盒亲手改装而成——如果真出了什么问题，可怜的戍卫官恐怕又要向那位历来放飞自我的摇滚明星求援了。
「杰帕德，如果，我是说如果，」他想起她的话，「如果有一天，大守护者命令你放弃贝洛伯格的人民，只为了实现她的某个目的…你会怎么做？」
「她绝不会那么做。她是大守护者。」他很坚定。
「我是说如果。」她看着他。
「我不清楚你为什么如此发问，但我已向克里珀立下存护誓言。我将捍卫贝洛伯格与她的人民，不计任何代价——当然也包括我的生命。」
「如果有一天，保护人民意味着违抗大守护者的命令，并且无论如何选择都会令我深陷险境，那我仍会选择前者。因为这才是我该做的事。」
他们沉默。然后，她大笑。
「杰帕德啊杰帕德……」
「你不愧是我们朗道家的人。」"
杰帕德,4,其四,"年轻的戍卫官站在北方的城垛上。
他侧目向那位尊贵的守护者。他见她只是昂首眺望着风雪深处，仿佛城下的一切都与她无关。她的子民无法使她欢乐、愤怒、哀伤或是惊惧。她的眸子中只有无尽的空虚。
大守护者究竟是作何考虑？年轻的戍卫官极尽所能思考，却没有答案。
象征发起进攻的悠扬风笛声在大气中炸响，刹那间撕碎了雪幕——身着蓝衣的骁勇战士们响应乐声的召唤，纷纷架起长戟，将枪头对准了如风暴般聚涌的异界怪形。在炮火的掩护下，他们开始了有死无生的冲锋。
杰帕德•朗道，你又作何考虑？年轻的戍卫官极尽所能思考。
「记住，杰帕德•朗道——」
「你将捍卫贝洛伯格与她的人民，不计任何代价——绝不要辜负你应守护的人们…勿令朗道家蒙羞！」
这一次，年轻的戍卫官的内心求得了答案
——他向战场走去。"
桂乃芬,1,其一,"喂～喂～听得清吗？家人们晚上好！欢迎来到小桂子的直播间～
感谢「大呲花_49886」的醒目留言！「小桂子怎么又半个月不开播，是不是摆了？」这怎么可能嘛！小桂子最近线下的事情有点点多，确实好久没开播了，对不起啦～最近线下遇到的事情还蛮有趣的，有机会再讲给你们听。
今天嘛，就和直播间标题说的那样——「曲艺之夜！小桂子献唱仙舟曲艺！」
总之呢，最近感觉杂技这玩意儿可能还是更适合线下，所以小桂子打算试试搞一些曲艺直播，今天这次就当做试水了～各位要是喜欢的话，记得点点关注、点点转发，打赏礼物可以参与直播间抽奖哦！
感谢「奶粉粉粉」的醒目留言！粉粉，好久不见啦～「没关系，小桂子直播什么我都爱看。」粉粉太捧场了！奖励你今天不看完直播不许走！么么～
咳咳…等我调一下声音设置…一二三四五上山打老虎…好嘞，那么接下来就要开嗓了！这次的数来宝，可是小桂子自己写的唱词哦～
……
许久未回这金人巷，此地方，百废俱兴变了样。
有的玩意儿变了样，也有的美景一如往常。
街坊四邻都硬朗，父老乡亲是满面的红光。
今日难得这快板儿响，请列位宾朋赏个光。
欢呼喝彩多捧场，扔几个巡镝让我开个张。
今儿不讲，神君荡寇扫洪荒，也不讲，帝弓神矢断穹桑。
讲一讲，这金人巷里好姑娘，小桂子我何处来又何处往。
……"
桂乃芬,2,其二,"对年幼的格妮薇儿来说，她的整个世界就是护国公府邸和大宅前繁荣的街市。
老师们说，她的家族历史悠久、声名显赫，这幢府邸也足有几个琥珀纪的历史。但岁月似乎未曾在上面留下分毫的痕迹，它仿佛独立于时间的法则，将这家人庇护在永恒的平静与美好之中。
父亲要求长兄、二哥和长姐接受政治教育，他希望能将这颗星球的未来交给他们中的某一位。至于格妮薇儿和其他弟弟妹妹…父亲只希望他们能在这个安宁的乐园中，度过平静幸福的一生。
格妮薇儿爱父亲。在面对政敌时，他像刺尾蟒一样可怕；但面对女儿时，他又像极了一只庞大又温暖的山岳绒兔。
在她的记忆中，父亲愿意为她做任何事，甚至肯在她盛大的生日会上，扮演被女英雄格妮薇儿斩杀的地灵。要知道，这种权臣家孩子的生日会，可是会有政敌到场的——为了让她开心，父亲根本不在乎落人口实。
后来，格妮薇儿长大了一些。她开始听到一些风言风语——父亲架空王权、谋害忠良、贪得无厌…她愿意相信这些都是政敌的谎言，但她知道这些并不都是谎言。
但很快，这些就都不再重要了。
反物质军团大举入侵，父亲率军守护王都，寸土不让。死讯传来时，格妮薇儿晕倒了。再次醒来时，她已被塞进了一艘飞艇。弟弟妹妹们在身边抽泣，长兄和长姐被绳子捆得严严实实，二哥无奈地说：「先别给他们俩松绑啊，他们不肯逃的。」
格妮薇儿望向舷窗外，母亲身披戎装，背对着逐渐升空的飞艇，指挥着不愿坐以待毙的家丁。在稍远一些的地方，虚卒们正在拆毁护国公府邸。在更远一些的地方，整条街都在燃烧，焦黑的尸体像泥土似地散落各处。
对年幼的格妮薇儿来说，她的整个世界被人从银河中抹除了。
……
我本来自那域外的朝廷卡美洛，有着兄弟姐妹一十二个。
日子本是平安又喜乐，怎料得那烬灭祸祖造作了兵祸。
父母亲操起干戈抗敌报国，也无奈军团势如破竹我家亡国破。
长兄带着弟妹几个东漂西泊，流落到公司的矿星上傍人篱落。
争抢些残羹冷炙草间求活，也免不得风急天高牛衣病卧。
长兄本是个苦劳人，色厉胆薄，终被人逼成了草寇，银海翻波。
他只劫商旅从不打家劫舍，人都说他是草莽的英雄济贫扶弱。
他带着那数百个穷鬼成群结伙，占山为王将我们弟妹养活。
……"
桂乃芬,3,其三,"小时候，父亲总告诉格妮薇儿，人应当体面地活着。可谁又能在「洪堡特-σ」上体面地活着呢？
那是个荒芜的行星。原始的藻类、真菌和地衣维系着它勉强能支撑动物生存的大气环境，而在那些坚强繁衍的原生物种中，几乎没有哪一种是对人类没有威胁的。
如果星际和平公司没有发现这颗行星所蕴含的矿产，应该也不会有人想要移居到这里。
格妮薇儿在这颗贫瘠的星球上，度过了整个少女的时代。
她很擅长交朋友，与其他小孩子关系很好。穷苦人的儿子、流亡者的女儿、烂赌鬼的弟弟、杀人犯的妹妹…格妮薇儿并不在乎出身，毕竟无论他们出身于何种家庭，在这颗星球上，都同样不一定能活到明天。
公司对此处的看管并不严格。除却那些身负债务或罪案的倒霉蛋，只要交够了应缴的税款，公司并不会限制工人的自由。只不过，缴清了税款之后，他们甚至未必有余钱去镇上的酒吧喝上一杯。
在故乡时，父亲是一家人最坚实的依靠。如今父亲和故乡都已不在，照护一家人的责任，就落到了唯一的年长者——「石墙骑士」身上。在逃离家园时，母亲强硬地让这位忠诚的老骑士与孩子们一同逃离，自己则留在故土，陪伴荒原的最后一缕尘埃。
老骑士曾是父亲最亲密的玩伴，而后是父亲最勇敢的战友，再来是父亲最忠诚的家臣，现在…他成了孩子们的另一位「父亲」。直到最后，格妮薇儿都没能记住他的真名实姓，她更熟悉骑士的另一个名字——石墙叔叔。
十几个饥饿的孩子，使本就捉襟见肘的经济状况雪上加霜。在某一夜的争吵过后，石墙勉强同意让三个哥哥姐姐同自己一起下矿，但无论格妮薇儿怎么哀求，他也不肯让她同行。
一个个夜晚过去，他变得苍老、憔悴，肺部充满难以愈合的创伤，脊椎再也无法像过去那样挺拔，曾挥舞着动力锤虎虎生风的双手如今扭曲到难以拿稳汤匙。
不久后，他死了。
石墙倒塌了，倒在黎明到来前，没有发出一丝声响。像沙滩上的城堡在潮汐涨落之间消退，像冬日的枯枝在风中轻轻坠地，像注定要到来的结局。
而石墙之外，是只有风雨冰霜的世界。
哥哥们变成星际海盗，是那之后不久的事。格妮薇儿能吃饱饭了，可她也隐约感到，自己进一步违背了父亲的训诫，走向了更加不体面的人生。
所以，当公司的士兵们给格妮薇儿戴上手铐，和弟弟妹妹们一起移交给云骑军的时候，她长舒了一口气。
人们都说仙舟人特别善良，她想，云骑军一定愿意让我们一家体面地死在一起。
……
谁曾想长兄他一时昏了头，竟劫了艘商船它来自仙舟。
仙舟人刚直嫉恶如仇，有雷霆的手段似风驰雨骤。
长兄他被人剿了匪，降心俯首，只求军爷对我们弟妹高抬贵手。
剿匪的军爷亦是宅心仁厚，将我全家都请回了仙舟。
宽仁了我家长兄的一颗人头，更为了我弟妹的生计苦苦筹谋。
弟妹们进了学宫识文断字，咱这儿的悠姐对我把本事传授。
长兄劝我学完了本事高飞远走，可知恩不报非让人说我不如禽兽。
谁曾想在这金人巷我把能耐展露，从贫苦的儿女到如今那是名利双收。
……"
桂乃芬,4,其四,"「不好意思不好意思，路上遇到有人受伤，耽误了点时间…啊，小桂子你还在唱啊，那我闭嘴。」
「哎！裳裳来了！给大家介绍一下，这是咱们今天的惊喜嘉宾！云骑军的天才新人——素裳姑娘！来，家人们，把『欢迎素裳姑娘』打在公屏上～」
「大…大家好，我是素裳…什么『天才新人』啦！不要擅自给我加戏，这要让我们领导知道了，非挤兑死我不可。」
「裳裳先稍微等一下啊，我这数来宝还差最后一段。你来的正好，这段刚巧是关于你的～」
……
再后来遇到了恶汉对我别具心肠，幸而有女侠出手对他一顿棍棒。
那位问：哪位女侠有如此的胆量，那正是我后来知心的挚友李素裳。
自此后罗浮之上我不必独来独往，多了位女侠做我的狐朋狗党。
更何况有列位观众满堂，时时盼着我吹拉弹唱，
只演一段列位绝不买账，山呼海啸地要我返场。
但小桂子的故事实在又臭又长，不讲个一年半载我可退不了场，
今天这段不如现在到此收场，欲知后事如何，咱们来日再讲。
……
「好听好听，家人们快给小桂子鼓鼓掌！就是这个英雄事迹我怎么没有印象了？」
「西衍先生说，大家比较喜欢这样英雄救美式的邂逅，所以我才这么写的。你要是不喜欢…感谢『撸猫令使8190』刷的谛听风暴！老板大气！」
「老板大气！…怎么写都没关系啦！反正你写的东西都挺有意思的。」
「好的，那裳裳现在也终于『裳裳来迟』，可以给家人们展示我们准备已久的双人共演了～来，裳裳，坠子琴递给我一下，小桂子来唱一段《腾骁斩大蛇》！」
「这段可不好演啊。」
「是呀，懂行的人肯定知道啊，这《腾骁斩大蛇》，有弹有唱有打斗，一个人可演不了。」
「所以才叫我过来嘛！那要怎么演呢？」
「很简单呀～我呢，今天就演这位前代罗浮将军腾骁，定国安邦、英武非凡。」
「那我呢？」
「你来演这个被斩的大蛇——小小蛇妖哪里跑，吃～我～一～剑～」
「唉哟疼…桂乃芬！我跟你拼了！」"
桑博,1,其一,"「各位好，我是水晶日报记者布鲁海尔•波桑，我现在所处的位置是行政区的喷泉广场。我身边站着一位自称『深蓝骗局受害者互助协会』的成员，现在我将对他进行一段简短的采访。」
「先生您好，您能跟我和观众们讲述一下自己的受骗经历吗？」
「啊…可气死我了！那个蓝头发的，我要他不得好死！」
「先生，我们正在电台直播…您消消气。」
「咳…行吧。水晶日报，是吧？这就对了，多来报道报道受苦受难的群众，少关注那些筑城者的破事八卦……」
「…我和你说，那个蓝毛小贼又流窜到行政区来了！就昨天，他从我家店里摸走了三斤黑面包香料！三斤啊！你知道这够那些达官贵人用多久么？下一步他怕不是就要去洗劫香料厂了！」
「冷静，先生！我们非常同情您的遭遇。您刚才提到了贝洛伯格的香料厂，对吗？」
「呃…我是提了一嘴，对。重点在这儿吗？」
「这座工厂，您能具体讲讲它的位置吗？」
「呃…为啥？」
「您瞧，作为媒体，我们希望能为社会公义出一份力——您只有把工厂的具体位置告诉我们，才能动员银鬃铁卫和富有正义感的公民、防止盗窃事件发生，您说对吧？」
「唔…有点道理。那你们听好了，工厂的地址是……」"
桑博,2,其二,"「名字。」
「阿列克夏。阿列克夏•博格达。」
「军衔。」
「一等列兵。」
「你好，阿列克夏一等兵。我是布鲁海尔•波桑，铁卫直属高级人力资源专家。我是受戍卫官杰帕德之邀，前来批复你的事假申请的。」
「很荣幸见到您，布鲁海尔女士。」
「我来看看…这上面写着，你在四个月前的一次保卫行动中负伤，全身五处骨折…尽管如此，你还是坚持履行职责，直到现在。令人钦佩！」
「谢谢您，布鲁海尔女士。」
「你把守的是…铁卫禁区的三号军械库，对吧？了不起！据我了解，那可是极其重要的军事重地，里面放的都是最值…咳，最有价值的铁卫军备。」
「您说的没错，女士。」
「我看看…嗯，没问题。阿列克夏一等兵，不出意外的话，你下周二就可以回家休息了。」
「…什么？这么快？据我所知，这种重要的守卫工作一般需要至少一个月的交接——」
「…别说了，一等兵——我欣赏你的坚持，但对我而言，没有什么比保障一位优秀铁卫的身心健康更加重要！放心吧，接你班的人选我已经挑好了，完全没什么好担心的。」
「…我知道了。非常感谢，女士。」
「这就对了！记住，下周二——晚上二十点十七分之前，我要你连人带行李离开禁区！」"
桑博,3,其三,"「唷，伙计。」
「唷——你也是来帮那个什么波桑干活的？」
「是。你是负责爆破的？」
「对。你是撬锁的？」
「嗯哼。」
「可以，都齐活了。开工吧。」
「…嗯…嗯…搞定，这样就行了。等着吧。」
「看着不太靠谱呢…这小玩意能炸开这大铁门吗？」
「我都没怀疑你的专业能力呢，哥们儿！信我，我炸矿山的次数比你玩过的泥巴还多。」
「唔…行吧。话说回来，那女的是怎么跟你说的？」
「废弃工厂，没人把守，货随便拿。没见过比这更轻松的活。你呢？」
「嗯，她跟我也这么说。但我总觉得有点不对劲……」
「有钱就挣，问那么多干啥。哎唷，赶紧把耳朵堵上——放烟花了！」
「……」
「…我了个去，太强了伙计，场面够劲爆的！」
「和你说了，别质疑我的专业能力。走吧，接下来该你表演——」
「嘘！别嚷嚷，你听到了吗？里面有人说话！」
「什么？不、不可能啊，她说过这是无人——」
「我去，是铁卫、铁卫！这下完蛋了兄弟，赶紧跑！」
「该死，肯是那个波桑搞的鬼！混账东西，老子和你没完！」"
桑博,4,其四,"「早上好，女士。希望没有打扰到您。」
「…你们是？铁卫一大早来敲我家门干嘛？」
「抱歉，女士。我们在执行筑城者的命令，挨家挨户进行搜查。」
「呃…搜查？你们要搜什么，我一点也不……」
「请您冷静，女士——这不是针对您，全城的住户都要接受盘查。」
「出…出什么大事了吗？」
「请相信我，只要您配合我的工作，一切都会非常顺利。我只有一个问题：您家里有假发吗？」
「什么…假发？不，没有，如你所见，我头发多得很…为什么要问这个？」
「您确定吗？请您再仔细想想。铁卫奉命来收取贝洛伯格城内所有假发，拒不上交可能会导致严重的后果……」
「不，我很确定，我家没有那种东西。不信的话，你们自己进来搜吧。」
「啊，那倒不必了，我相信您没有什么需要隐瞒的。再见，女——」
「…等一下，我能问问究竟发生什么了吗？」
「哦，和您说说也无妨。最近上层区流窜着一个男扮女装的贼人，四处坑蒙拐骗。此人行踪极为诡秘，而且经常变幻身份和形象，铁卫始终找不到他的踪影。据说治安大臣昨天在汇报会上怒不可遏，下令没收城里所有的假发……」
「…居然还有这种事，真是离谱。」
「不瞒您说，铁卫兄弟们和您感受略同。我们还要继续搜查，就不打扰了…祝您生活愉快，波桑女士。」"
椒丘,1,其一,"曜青，飞雨湖。
荇藻开着黄花，游鱼在雨丝中跳跃，菱角荷花肆意生长，湖边石滩常有老龟晒背。狐人少年背着药篓，划着小舟，雨丝顺着他的耳廓流下，又被轻轻甩去。
他捞取荇菜，撷取荷花，剥开鲜嫩的茭白，随手往嘴里扔去。
「甘甜入脾，滋润可口……」
摘毕，他撑起小船，轻盈地越过湖岸，换上了医者的服饰。
……
医馆内蒸汽氤氲，异香浮动。
「脉象比上次好了些，只是还缺少调养，要不试试我的新药？」
他撤去脉枕和金针，微笑着搬上一套崭新的医具。
老者看着桌上的九宫铁锅，不禁苦笑。
「别人一辈子也搞不出几种新药出来，你倒好，一天就能发明好几种。」
「师父谬赞了，这是名为「九宫格」的鼎镬药式，制作简便，效果奇佳。」
他倒出药篓中的食材，简单清洗后改刀切片，锅里的高汤开始冒泡沸腾。
「一两天锦草，三钱苦木，四厘苁蓉，大骨熬煮，搭配深海贝可驱散苦味，助心神安眠。」「这白鳅和紫鱼片性温，最能滋养气血，只需涮两三秒即可。」
「青菇、银针、雪藕…都是飞雨湖中我以药渣精心培植的作物，除了鲜美之外，兼有药性。」
晶莹的鱼片滑入沸汤，师徒二人大快朵颐，雨天的湿寒一扫而空。杯盘狼藉之际，老者放下杯筷，仿佛看穿了什么。
「这顿『九宫格』，看起来是醉翁之意不在酒。」
他站了起来，郑重地行了个礼。
「师父敏锐。是否进入丹鼎司，徒儿已有决定。
「丹鼎司虽好，终究和徒儿悬壶济世的心愿不符。要问何处最需要医家，必是曜青征战之地。
「而众多医家之中，唯有我等染指派强调药食同源，以饮食之乐解疾病之苦…『九宫格』之药，方便快捷，祛寒除湿，正是徒儿为战场所特制。
「生死之间，人命至重。倘若我有一方济之，也算不辜负丹鼎司培养之恩。」
老者似有言劝告，但最终却还是咽了下去。
「战场苦寒异常，出发之前，记得…多带些热性的食材。」"
椒丘,2,其二,"曜青军队常年征战域外星球，他又对鼎镬药式进行了诸多改进，以应对日渐艰巨又复杂多变的驻扎环境。因药式的罕见与奇效，他的名声迅速传遍曜青军队，赢得了诸位将士的信任。
然而这些成就全然无法减轻他内心的沉重。
每一日， 当出发的鸣笛响起之时，他曾治好的病患将重新踏上战场。
每一日，当归营的脚步响起之时，围坐在鼎镬边的面孔，总会少上几个。
就在刚刚，那位每次回营都嚷嚷着要吃鼎镬的士兵，永远地离开了。
他完成了今日的问诊，走出临时搭建的战地医院，长叹了一口气。漫天风雪扑向他，而他似乎感受不到半分寒冷。
鸣笛声已重新响起，军队已整备出发。很快，战地医院中又会挤满重伤的士兵。即便他使出生死人，肉白骨的医术，无休止的战争依然在吞噬那些年轻的生命。每晚，他都会同那位月御将军对谈，但这一日，他少见地沉默良久。
「这段时日，我一直在思考…如果我医治的病患注定还要奔赴死亡，那医者的意义是什么？」病房中传来喑哑的哭声。他使劲眨了眨眼睛，才发现不知从何时起，自己的双眼已经干涩
——干涩到流不出泪来。"
椒丘,3,其三,"又到了将士出征的时候。
但那恐怖的死状，居高不下的死亡率，终日喧响的炮火，浮现于天空的庞然巨物，预示着这场战争不同以往的惨烈。直到那一日，高耸入云的「瞰云镜」承载联盟万亿众生的愿力，终于得到了祂的回应。
灼热的气浪毫无征兆地出现，弱小的丰饶孽物化作血雾，不可直视的光撕开天穹。
他看到光浪所及之处，一切山峦化为齑粉。
他看到未来得及撤离的仙舟军团和丰饶孽物一起化为尘埃。
他听说紧跟月御将军的少女在即将覆灭的敌阵中奔走，试图带回剩余的士兵。
在光之海的巨浪到达之前，他尽全力救下少女，而后在光芒的余波中失去了意识。
……
残破的军旗在风中猎猎作响，寥寥无几的幸存者围在火堆旁，无言对坐。
叮当，叮当，叮当——
坑坑洼洼的鼎镬被狂风吹着，在原野上滚动。身体理应早就习惯了所驻扎的这颗星球上的寒冷，但他从来都没觉得那么冷过，从里到外，都是冰凉的。
他拾起铁锅，加水，烧开，放入所剩无几的食材，动作一气呵成。
「还是好冷……」
幸存者默默地咀嚼着食物，没有人说话。
「放点辣吧。」
他取出随身携带的药袋。
「不够辣。」
他放下了更多的辣椒。
「还是不够。」
他将随身携带的香料全数倒进鼎镬中。
「没有更多了。」
红油翻滚，他夹起野菜放进嘴中，当麻木的味觉被激活的时候，他第一次如此强烈地感到生命的存在——
那是近乎于痛的滋味。"
椒丘,4,其四,"曜青，飞雨湖。
荇藻开着黄花，游鱼在雨丝中跳跃，菱角荷花肆意生长，湖边石滩常有老龟晒背。湖中，他背着药篓，划着小舟，雨丝顺着他的耳廓流下，沾湿了他的衣裳。
他捞取荇菜，撷取荷花，剥开鲜嫩的茭白，随手往嘴里扔去。
「唉，太淡了……」他摇了摇头。
「先生，有一位老人在食馆找您，说是您的老相识——」
门童的声音从对岸传来。他叹了口气，撑船往回而去。他岂不知来人何意，却早已厌倦了重操医业。
「师父今日前来，是要试试飞雨食馆的鼎镬吗？我可要提个醒，这里只有重辣和重重辣。」
老者坐在桌边，叹了口气。
「我记得在从军之前，你的口味还清淡得很。」
他端上鼎镬，眼中一抹怀念之色转瞬即逝。
「人…总是会变的。」
老者夹起一片紫鱼，在红油沸腾的锅里涮了涮。
「那我也试试罢。但此次前来，并非仅仅为了吃食。还记得你救下的那个女孩么？
「那位始终跟在前任将军身边的少女，飞霄。她如今已接任了曜青将军，需要一个医生追随，没人比你更合适了。」
他无奈地笑了笑，那日口腔的刺痛不知为何又翻涌上来。「即便救下了，不过又是一条上阵蹈死的冤魂。这样的无用功，我不想再做。」
老者放下筷子，摇摇头。
「你误会了，我此次前来，并非劝你救治世人。我来，是想请这位将军…医好你的心死之病。
「她会告诉你…医者的意义，究竟是什么。」"
波提欧,1,其一,"「格蕾，看雪地里，那是个孩子！」
格蕾和尼克小心翼翼地走上前去，抱起满脸通红、不停啼哭的婴儿。
他有一个好听响亮的名字，在「阿尔冈-阿帕歇」的古语里，那意味着一把上膛的枪。
他在格蕾与尼克的爱护下长大，和其他兄弟姐妹一同嬉戏成长。他们都来自不同的地方，但如今同属于这片广袤的大陆，「阿尔冈-阿帕歇」。
格蕾带他认识植物、鸟儿与河流，尼克教他如何驯服马匹、放牧牛羊。小小的他骑着马驹，跨过溪流，在朝阳里随尼克一同赶着牛羊前往水草丰茂的牧场，璀璨的云霞下，尼克总会放声歌唱。每当听到那苍茫的歌声，他也会开口，一边发出清脆明快的声音，一边踢踢小马的肚子，让它跑快些，带着他们的欢笑，传向更远更远的地方。
格蕾和尼克收养的孩子们一天天长大，他们的腰一天天佝偻下去。
他成了牛仔，他熟知一切捕猎的技巧。他们奔走在尘沙漫天的荒野，与土匪搏斗，与商队交易，与野兽争夺生存的空间。
他体验过死里逃生的危险，他品尝过向敌对帮派报仇雪恨的滋味，他看过朋友被一梭子弹取走性命，一个家庭在瞬间分崩离析…他失去了许多人，也得到了许多，最后，他以自己的勇猛赢得了地位和尊重。
现在，他很少见到那些兄弟姐妹了，但他知道，他们都过得很好。
在沉沉的黑夜里，他看着天空，想着更大的世界，那声啼哭在寂静的夜里分外清晰。
循着声音过去，他看到一个满脸通红、不停啼哭的婴儿。他手足无措起来，但最终还是抱起了她，就像当时的格蕾那样，把孩子带回了家。
尼克粗粝的声音在他耳边回响——
「这里的水醇如美酒，
这里的雪冷如刀割，
这里就是——
最好的世界。」"
波提欧,2,其二,"飞船投下的阴影遮住了草原的月光。
他从呼啸而过的火车上跳下。浓烟和尘灰散去的时候，他早已提着战利品回到了营地。
他仰头看着这群不速之客。衣冠楚楚的黑衣人走下飞船的甲板，在全副武装的守卫护送下走进牛仔们的驻地。他接住黑衣人称为联觉信标的东西，陌生宏大的名词闯入他的脑海，他第一次知道了在草原、森林、河流、铁轨之外，银河中还有万千闪耀的世界。
无视当地人的反对，巨大的挖掘机出现在草原的天际线，大地开始涌流出黑色的矿产。全副武装的警卫亵渎他们的信仰，驱赶他们离开自己的家园，以微不足道的赔偿侮辱他们的尊严。
同以前一样，他和同伴以游击作战的方式拖延黑衣人的前进，但在绝对的武力面前，牛仔的阴谋诡计、百发百中的枪法、日行千里的良驹…无一不显得如此原始和可笑。随着一个又一个家人的离世，他意识到，如果不能找到这一切的始作俑者，那么这场事端将永无解决的机会。
他穿上偷来的员工制服，趁夜潜入飞船。凭着多年捕猎练就的直觉与灵敏，他无声无息地放倒路上的警卫，躲过层层关卡与盘问，来到了核心的舱室。
他看到一个男人的背影，他似乎在朝面前的下属说着什么。
「……阿尔冈-阿帕歇蕴藏着重要的战略资源。谁能先抢到手，就能在部门竞争中占上风。既然野蛮无礼的牛仔们不愿意与市场开拓部合作，我们不得不代为管理这个世界。
时间已经不多了。你们可以使用武力，为这个世界带来文明。」
一个恐怖的想法闯入他的脑海，他慌不择路地朝外跑去。周围的员工还在嘻嘻哈哈开着玩笑，他屏住呼吸、忍住怒火和眼泪——他的家人还需要他，他不能停下脚步。
炮火从天而降，当他跌跌撞撞回到沦为地狱的牧场，年迈的格蕾、尼克和从小一起长大的伙伴早已葬身火海。他有一丝侥幸，期望能找到那个小小的身影——她才学会走路不久，会使劲拍他给她做的小木吉他，然后咯咯地笑。但是没有，什么都没有，故土只有一片焦黑——他甚至来不及为他们立一块墓碑。
「星际和平公司…市场开拓部……」
这噩梦一般的名字和场景，将在今后的岁月里刻入他的骨髓，成为他脱胎换骨也无法忘却的事物。
据「阿尔冈-阿帕歇」星球志记载，世代游牧于其上的民族自一场起因不明的大灾难后销声匿迹，残存的老少在越来越小的自留地栖居，时至今日，那黑色的矿产依旧作为稀有的金属大量运用于制造高功率的武器，被一艘艘公司的货运舰送往更多的星球。"
波提欧,3,其三,"「这条路并不适合你，赶紧出去。去找个工作或者…找个学上？」
小个子医生放下吃了一半的三明治，在明显大了几号的白大褂上擦了擦手。
男人不发一言，脱掉衣服，露出满身伤疤，医生依然没有停止絮叨。
「像你这样的年轻人，值得一个更好的未来。这条路属于那些走投无路的人，那些已经没有能力重新开始，却依然渴望向邪恶追索的人……」
冰冷的枪抵上医生的额头——或者说，姑且称之为额头的部位。
「我要是想听上课，就会去上学了。」男人威胁道。
「虽然你想威胁，但枪对我没用…算了，你躺下吧。」医生无奈道。
……
手术台的无影灯打开。
他仿佛落入深海，肉体被包裹，与周围融为一体，然后逐渐远去，只余空洞的思维在原地挣扎。
奇怪的是，恐惧、不安、孤独、黑暗、愤怒…那些感情没有随着肉身消散，反而以另一种方式保留下来，愈发沉重。
他闻到烧焦的气味，他甚至能感受到医生轻盈的呼吸——她竟然还会呼吸？他不合时宜地想道。电机的嗡鸣在他耳边盘旋，蓝色的新血拒绝流向他饥渴的心脏。
他很想就这么睡去，不用醒来。
直到听见那粗粝的歌声，那温柔的叮嘱，过去的记忆再次浮现，刻骨的仇恨化作黑暗中的微光，他循着光亮朝尽头走去，用尽力气浮出水面。
……
「恭喜，你还挺难杀的。」
医生在白大褂上蹭了蹭满手血污，又重新拿起那半个三明治。
「你以为我会死？」
他握紧双手，如今它们是钢铁的，冰冷的。
「大部分人会死。」医生坦率地说道，「可不是因为我手艺不精。」
「好消息：我早就死了。」
「你叫什么名字？」
他犹豫了一下，耳边温柔的、粗粝的声音都消失了，已经没有人会叫出那个清脆而响亮的名字了。
「波提欧。在我的家乡，这个名字被用来称呼那些被人打死的枪手。」
他转而一笑，露出满口的尖牙。
「但这只是个开始而已，医生。在为了复仇付出的所有代价之中，这是最轻的一个。」
他拖着新的身体，蹒跚走出大门。
「那就祝你『巡猎』愉快，『巡海游侠』波提欧！」
冲着他的背影，小个子医生大喊道。
门外夜色正浓，波提欧不禁抬起头——在繁星的阵列中，又有一颗被点亮了。"
波提欧,4,其四,"他多次重返「阿尔冈-阿帕歇」，调查当时下令灭族的男人，却发现他的身影在历史记载中，早已被抹去。
他闯入忆庭分部，试图读取与「阿尔冈-阿帕歇」有关的忆泡。陈列于展柜的忆泡纷纷滚落，那些忆者顾不得对他进行阻拦，蜂拥而上率先将那些难得一见的记忆抢救下来。
在被驱逐出忆庭时，他终于趁乱在关于「阿尔冈-阿帕歇」的忆泡中看到了那个男人。
「奥斯瓦尔多•施耐德，星际和平公司『市场开拓部』主管……」
……
「你听说了吗，最近有个神秘的改造人在庇尔波因特的星际港口袭击公司的船队……」
「市场开拓部的生意被搅黄了不少，我们就等着看好戏吧，谁让他们平时那么张扬……」
「好戏？明天就要回庇尔波因特了，我可不想被人用枪指着脑袋……」
身着制服的公司员工捧着咖啡，三三两两穿过喷泉广场。
树荫下，牛仔压低帽檐，一边读着报纸上的通缉令，一边悠闲地啜饮单一麦芽果汁。
「波提欧。出生地未知。巡海游侠。对以下罪案负责：针对庇尔波因特的袭击，五起；针对星际和平公司市场开拓部武器仓库的袭击，三起；针对P40级以上公司员工的袭击，若干起；此外，此人还应对玛丽-卢安星系珍宝失踪案、孔厄行星环暴动案、伽利略星大爆炸等多起公司下辖星球的案件负责。」
「他宝贝的，枪林弹雨、死里逃生的事情被你们写得跟小可爱一样……」
他扔下报纸，紧盯着从公司分部进出的舰队。虽然通缉令上他的赏金一涨再涨，奥斯瓦尔多却像一条湿滑的泥鳅，从未让他抓住过半点踪迹。不仅在公开报道中不见其踪影，甚至连那些中级员工也不知道他的所在。
港口，低级智械有条不紊地运送货物，朴素的货运舰来来回回。当他数完第三百五十九艘货运舰，港口的工作人员开始脱帽致意，一艘华丽的太空舰在护卫舰的拱卫下从港口滑出，驶向盛会之星。望着那装饰浮夸的舰船，他摇摇头，继续等待着什么。
在数十分钟后，一艘灰色的小型生态舰无声无息地跟着商业舰队飞出了港口
——那才是他真正的目标。
「没有哪个地方永远是铜墙铁壁一块。找不到你奥斯瓦尔多，找到看不惯你的公司狗还不容易？」
「想想过去那些和敌人联手、被我干掉的家伙，不知道他们现在会不会在地狱里笑话我…」
他丢掉手中的空瓶子，露出了尖牙。
「没事，我们很快就会见面了。」"
流萤,1,其一,"透明的培养仓中，她浸没在冰冷的人工羊水里，包覆于洁白的卵中。
容器摇晃，她漂浮着，凭借本能摸索到冰冷柔软的边缘。她紧紧贴着仓壁，蜷缩在角落，仿佛那样能使身体感受到更多温暖。
她听见巨物坠落，金属碰撞，急匆匆的脚步声不时响起，培养仓开始摇晃…
「战士们，该醒了……」
「为了，女皇陛下……」
一双机械手将她抱起，刺眼的光撕裂了世界。她忘记了哭泣。
「为自己的诞生感到荣耀……」
「为了，女皇陛下……」
她睁开眼，却看不见说话的人。
她起身，穿过厚厚的帷幕，朝着宫殿深处前进。
「接受你们的荣耀，你们的命运……」
「为了，女皇陛下……」
整齐的脚步声回荡在空旷的宫殿中。
她路过荒寂的巨大花园，途经庞大的虫类尸骸，穿过一个又一个孵育装置…最后，她走进了辉煌的议事厅，一个面目模糊的女人坐在王座上，疲惫地垂着手。
「别抬头。」
有人走到她身边，轻轻地说。那人身上有一个号牌，AR-26702——那是什么？
她看向自己，AR-26710。
「过来…我的孩子……」
一个幽远的声音自她脑海深处传来，一股莫名的狂热淹没了她的心绪。
她走到女皇跟前，跪下亲吻女皇的指尖。
女皇的手冷得如同坚冰，让她在狂热之中短暂感到一丝茫然。
「尽情燃烧吧，为了格拉默的未来……」
「为了，女皇陛下……」"
流萤,2,其二,"不知不觉，她已习惯了战场。
她看着同胞们在眼前倒下，自己仍毅然向前。她知道终有一天她也会倒在那里，而后来者将前仆后继地跨过自己的身躯。
所以休憩时光总是那么珍贵，她抬起头，看着银海高悬头顶，星光倾泻而下。
星空下的一切都很安静。即使面临失熵的威胁，她也想卸下战甲，一睹世界的究竟。
记忆中的声音逐渐浮现。
「只是透过镜片望去，就觉得整个世界都不同了。」
——她的编号是AR-214，她戴着「眼镜」。
「格拉默军规第8条，存活的骑士应当主动归队。」
——她是AR-1368，性格很认真。她的战甲上有红色的绶带。
「下一片战场，希望能看见星星。」
——AR-53935，他是和自己不同的「另一种型号」。
「各位，欢迎归队！」
——AR-4077，虽然自己和他素未谋面，但知道他从来不上战场，只待在后方。
茫茫虫群自星空深处飞起，如往常一样，刺耳的警报打断了短暂的休憩时光。
她启动装甲，进入作战状态，只是这一次，一切来得格外猛烈。
「这不是普通的袭击，是虫潮…虫潮！」
通讯中的声音微微颤抖，越来越多的铁骑升上天空，却如渺然的星火，匆匆爆发便被黑暗吞没。
「守住防线，继续突围！」
无数的铁骑在她眼前倒下。
他们中有此前同自己搭话的人吗？她第一次意识到这个问题。
——原来…每个人是不一样的？
虫群终于裂出一道缝隙，而在那缝隙的尽头，母虫正缓步踏出。
她如同一道流光穿梭在密密麻麻的虫群之中，和其他铁骑一同冲向巨型银蛰虫的口器。在被母虫吞噬的最后一刻，她闭上眼睛，引爆了足以毁灭一颗行星的火弹——
足以致盲的光芒以母虫为中心爆发，那一刻万籁俱寂。
她如同脱线的风筝，被巨大的冲击力弹开。向着大地坠落时，一些令她难以忘怀的记忆在眼前闪过——
火萤飞舞的水面旁，她离开装甲，感受夜晚的清风和丝丝凉意。
她看着火萤停驻在她的手背，翕动着翅膀。
「…它们虽然是渺小的生命，却比星星更耀眼。」
黑暗吞没了她。
虫群的残肢和破损的战甲化为尘埃，落在群星之上，纷纷扬扬如同宇宙下了一场无声的雪。"
流萤,3,其三,"从昏迷中醒来后，她已置身于一片陌生的星系。
银河间发光的浮游生物被她吸引，围绕着她翩跹飞舞。
她目送它们飞向远方，却不知自己的终点在哪里。
「为什么死去？」
「为什么活着？」
梦对她仍旧是太过遥远的事，她空望着无际的黑暗，还是无法找到答案。
……
「就这样，格拉默共和国覆灭了，只留下铁骑兵团的传闻。」
装甲被某种东西捕获了，她警惕起来。
「为了控制共和国最强大的兵器，每一位铁骑都是基因编译婴儿。他们携带有一项天生的缺陷，会在生命的某个时刻快速老化、消亡……」
脚步声越来越近，女人的声音也越来越清晰。
「命中注定的结局…和我们很像，不是么？」
飞船的门打开了。
火焰在她身上起舞，熔火骑士的装甲将要成型。
「你是谁？」
面前的女人微笑着，仿佛她们是久别重逢的故人。
「你相信命运么？同向而行的人终会在某个地方相聚，现在…我们见面了。」"
流萤,4,其四,"又一个寂静的夜晚。她如往常那样静静地坐在高处，看着灯火点亮又熄灭，一艘艘航船进出空港，直到黎明来临。
银狼打着哈欠，走到她身边。
「睡不着吗？」她挪了挪位置。
「做了个怪梦，梦见朋克洛德被电子恶魔入侵了，我一边跑一边用泡泡糖把病毒黏住，然后就醒了。」
「梦啊……」
「要出发去匹诺康尼了吗？」
「嗯。也许属于我的梦…就在那里。」
「但一个无法做梦的人要进入联觉梦境，付出的可是堪比『死亡』的代价。」
「我知道，我的意识将在忆质的重压下被粉碎，然后再以特殊的方法重组，如此才能抵达梦的国度…那死亡并不可怕，我早已习惯了。」
「…唉，行吧，祝你好运。记得替我向星穹列车问好。」
……
她来到阿斯德纳星系的边缘。忆海翻涌着巨浪，她犹如一粒火星，随时都可能在狂风中熄灭。
她跳起，跃入忆域。
重压从四面八方袭来，她的视线逐渐模糊，身体不受控制地坠向忆域深处。
那些藏在浓厚忆质中的情绪仿佛变作了幻影，在她耳边盘旋着，呼唤着。
——「尽情燃烧吧，为了格拉默的未来……」
——「为了，女皇陛下……」
——「它们虽然是渺小的生命，但在夜晚，它们比星星更耀眼……」
——「为什么死去？」
——「为什么活着？」
……
不知过了多久，汹涌的忆质平静了下来。
她睁开眼，匹诺康尼犹如一颗珍珠，散发着迷蒙的光芒，而眼泪正顺着脸庞滴落——
「这就是…梦？」"
海瑟音,1,其一,"阳光穿透进来时，大海的呼吸会变得五彩斑斓，这是海妖们一天中最为欢悦的时刻。
「♫啪嗒♫」「♫皮咔♫」「♫波砰♫」
海妖的公主雀跃地追逐着泡泡，她最喜欢它们在鼻尖短暂停留然后碎裂的片刻，此时水波会荡漾出七彩的光。
在那万顷的珊瑚丛中，海妖们歌唱着，那里的珠贝熠熠生光，正适合装点于琴弓之上。
乐音从海列屈拉的指尖流淌，如同和缓的水流，拂过惬意畅饮蜜酿的伙伴。
「♫瞧，那辉煌热闹的航船上，人类该有多么欢畅♫」
「♫你思念救起的那人，他的声音定然在你心中回荡♫」
「♫尊贵的公主，无忧无虑的海列屈拉，你会去向何方？是那北境寒冷的冰海，还是人世的苍茫？♫」
饮醉了的海妖们围在她身旁，好奇心就像摇曳的海草缠住她。
「♫尘世嘈杂，极地冰凉……♫」
她轻轻拂过泡泡，微笑着摇头回答：
「♫我愿栖身，在那能欢唱的……♫」
然而警戒的号角很快自深海传出，终止了欢宴。
海妖们随海列屈拉游向深处，海洋的女王向子民宣告——
「♫黑色的潮水将污染那清澈的洋流，我们要调动灵水的波涛，将污水涌引入巨杯，直至『纷争』抵御黑潮的光芒……♫
「♫海洋的宠儿，你可有心之所向？等到黑潮退尽，去往斯缇科西亚，自有陆上的人们为尔等设宴歌唱！♫」
日复一日，海列屈拉带领海妖穿梭在那逐渐昏黑的海洋，清洗污浊的暗流。
「♫伙伴们，别放弃，那不醉不归的辉煌♫
「♫伙伴们，别忘记，我们将要游向远方♫
「♫伙伴们，向前啊，斑斓的希望正荡漾♫」
日复一日，海列屈拉歌唱着。身为眷属，她深知守护这片大海是自己生来的使命——
海列屈拉向深渊游去，那歌声逐渐化作漆黑深海中，唯一的一束光。"
海瑟音,2,其二,"广袤的珊瑚礁已成一片死地。
第一次将剑刺入黑潮造物的身体时，她的双手仍会轻轻地颤抖。
第一百次与腐朽的昔日伙伴相向，那暗哑的弦已能毫不费力地割开喉咙。
第一千次，第一万次…提琴的珠光零落在海面，而深海已成血色——
在那寂然无声的宫殿废墟，只剩海列屈拉与她一个人的欢宴。
「♫陆地上的人们呐，会举办永不散场的欢宴，将我们的牺牲奖赏……♫」
哀婉的歌声回荡，当「纷争」的泰坦接过抵御黑潮的使命，欣喜的海列屈拉第一次踏出昏黑的海水。
她用珠贝妆点面容，她的尾鳍变为双腿，身上的泡沫化作盛装。波澜不再在她的头顶怒吼，而是在脚下呻吟。
海鸟围绕着大海盘旋，声声凄厉。波涛息止了一瞬，又再次滚滚而逝去。
就像是泡影破裂之后，什么都不曾存在过一样。
她忍受着每一步锥心刺骨的疼痛，前往应许的斯缇科西亚——
这片大地有刺鼻的空气，堆积如山的尸骨，纷争与战火…却唯独没有那场神明许诺的欢宴之地。
「我……海……瑟……」
在那污浊的空气中，她的声音喑哑。
她学习人类的话语，但那些喧嚣的字眼让她无法再如歌般吟唱。她逐渐学会以沉默代替言语。
「一柄不会锈蚀的刀剑」，「一曲冷酷的琴音」…终日与她相伴的，是刺穿肌体的弹响，是生命洒血的悲鸣——
他们说，那来自海洋的剑士明明极善演奏，却缄默疏离，从不言明心迹。
她看见向自己伸来的许多双手，有些意图将她抹杀，有些则声称会为她提供援助，它们曾点燃一盏盏灯火，然后一盏盏熄灭。
「海瑟音，你在往何处去？」
她无法回答。
旧日的琴已化为两把利剑，唯有锋利的挽歌流淌弦上。
即便渴望有一日会有人听懂其中向往，但她逐渐意识到人世也与寂寞的深海无异。
每个人都像是迷失的鱼儿，每个人都在盲目地朝着光芒游去。"
海瑟音,3,其三,"「海瑟音，追随我，我会赐予你所求的一切。」
她对那从娇小身躯里发出的响亮声音印象深刻，却仍心有怀疑：
「她…又会在什么时候熄灭呢？」
然而这簇灯火像射入深海的天光，愈燃愈烈，持久不熄。
人们见蓝色的烈焰征战无数，次次凯旋，见巨浪如火燎原，见那卷起风浪的剑旗，也化作鲸鲨将腥风血雨尽数吞咽。
她听到炽烈的心跳，激昂的战鼓，雨点般的脚步，潮涌般的悲伤…纯粹如歌的心声自黄金裔的血中流淌，也同样拨动她尘封已久的心弦。
凯撒应许的盛宴在即，年轻的织者与孩童附耳私语，不知那淡漠的剑旗是否愿拨冗出席。
在众人的惊呼声中，织者踮起脚尖，屏住呼吸，想要将这一刻尽收眼底。
她鎏金的裙摆掠过地砖的光色，竟如阳光下的浪花般晶莹剔透。
火烛银花下，人们再次看见了大海的光晕。
「她应下我的心愿，为我们歌唱世界早已遗失的海湾。」
君王的话语落下，乐池亮起，灯光与人影在她眼前荡成海的涟漪。
乐声乘着杯盏中摇曳的泡影，人海中，她发现自己的声音不再空有回响。
拉比努斯和塞涅卡的比斗是清脆的鼓点，维吉妮娅暗藏心意的诗句是律动的词。
缇里西庇俄丝笑了，于是乐曲有了轻灵的复调，阿格莱雅的舞步扬起，那是最优美动人的和音……
「此战胜利之后，剑旗爵，你可有想要之物？」
那冷静的君主竟也有些微醺。
她饮下蜜酿，向君主私语，笑声飞翔在宴会的角落。
这里多么悦耳，多么光亮。
世界旋转着，酒杯相撞的声音，冰块滑动的声音。
久未开口的海妖，她的歌声仍如蜜酿泼洒——
「♫宴席的烛火如此耀眼
一片新的大海
它摇荡在我们举杯碰撞间……♫」"
海瑟音,4,其四,"她曾以为，「逐火」便是她寻找的、永不散席的盛宴。
可在那不断失却的旅途中，光芒也终如泡沫般碎裂。
她是凯撒的锋刃，她的剑尖总是蜿蜒流淌鲜血。
可当凯撒滚烫的金血滴落在她的指尖，恍惚之间，她又坠落回那孤独的深海。
「呵，为什么…我为之游动的火，由我亲手熄灭……」
在那痛苦的千年迷醉中，她逃避着那迷离光彩的泡沫，但那些已然片片碎裂的过往如今却像海草缠绕不休。
「啪嗒……」
棋子落下。执棋的君王神意自若，可王冠上时而平静时而浓烈的光焰却透露出她真实的情绪。
「我不懂如何下棋。」
「来，我教你。」
她不太熟练地拿起棋子。不过是又一场厮杀而已，她想。
「啪嗒……」
那陡然亢奋的蓝色火焰使她的身边如热泉般温暖。她随意移动着棋子，问道：
「既然终要从棋局上消失，为何它们要不停前进？」
「啪嗒……」
君主啜饮杯中蜜酿，满足地伸展着双臂，又畅然地喟叹着：
「前进本身，不已经足够快意？」
……
千年的等待，她为逐火开辟新的天地，可也知晓那也并非最终的归宿。
「鱼儿需要的，终究只是一片栖身的海……」
在君主留下的一页记忆中，她走向清澈的海水。
♫啪嗒♫，♫皮咔♫，♫波砰♫…五颜六色的泡沫倒影过往岁月，凝结碎裂，碎裂凝结。
「海洋的宠儿，你可有什么心愿想要实现？」
「海瑟音，你在往何处去？」
「剑旗爵，你可有想要之物？」
……
故乡，欢宴，逐火…它们都曾在她的生命中闪耀，然后迅速化为泡影…只剩下一声叹息回荡天际。
从始至终，这便是她拥有的全部——在人世与大海中，都是泡沫破碎的痕迹。
「可它们…多么美丽……」
「♫……♫」
「♫……♫」
「♫……♫」
翁法罗斯的黎明将要升起。
在最后的泡沫破碎前，她微笑着，仿佛已唱尽…那已无需言语表达的心声。"
火花,1,其一,名为「花导在路上」的账号，以分享惊奇旅途攻略为主。 《探秘二相乐园的梦核废弃学校》——评论区有不少抱怨，他们已经看腻了装神弄鬼的幻造种，「救命，现在随便一个小地方都能算梦核了吗？」 《花了100000信用点，我终于找到稀有蘑菇妖怪》——视频发出后，许多人取关了账号，「何不食肉糜！」 「真是的，这一届的观众这么难带呀……」她微笑道。 …… 名为「泪花也是花」的账号，声泪俱下地讲述自己的悲惨过往。 《对不起，打扰大家！我是故乡星球唯一幸存的孩子……》——视频仅有的三个点赞来自确有此遭遇的悲悼伶人。 《我居然在飞船中就这么漂流了百年》——这期依旧没有热度。评论区有人讲出了原因：另有一位视频发布者流浪了两千年。 《我是什么很孤儿运的人吗？》《可是奶奶，我在二维市过得不算开心》《这三杯，敬重生在鸽川区的自己》——这三部曲超乎预期地收获了一条私信，来自一位热心求教的虚构史学家。 「我简直有点佩服悲悼伶人了…悲伤也得讲究创新……」她抹掉那两滴虚幻的泪水。 …… 名为「灰花」、「花大不是花火」、「花奈咪」的账号，用不同的形式发布了自己的日常。 只用文字讲述内容的账号无人点击，短视频一开头就被划走，长视频永远无人看至结尾。 只有「花奈咪」意外小火了一把：在天国@直播间里，活泼的讲述声让许多受失眠困扰的上班族慕名而来，就着「花奈咪」的聊天与玩笑，他们安然入眠。 「算有点眉目了…就算没有花奈咪，再来个花奈咩花奈呱，是不是都一样？」她吐着舌头，蹦了起来。 …… 「这儿上演的是一场多巴胺的狂欢，我要做的是向所有人输送他们的精神养料……」 愿力如同涓涓细流，为她塑造身躯，「当注意力源源不断向你涌来，你才有生存下去的机会~」 第▇次，「火花」像一尾游鱼跃出水面，在聚光灯下登上舞台。 「那…就和这个狂欢至死的时代，碰撞出一些新的『火花』吧~❤」
火花,2,其二,动态： 「居然上热搜了！感谢各位宝宝的支持，未来要继续和主包一起哦！」 链接：【火花/录播】十万粉纪念视频 评论：5685 「火花花可爱捏❤插个眼，现在关注，以后就是老粉啦」 「评论区好多人啊，火花也是好起来了：）」 「不开玩笑，火花真神了吧（5信用点一条）」 「该评论已被平台删除」 …… 动态： 「第一次线下活动圆满收官！」 链接：【已适配联觉信标】火花活动直录 评论：100.3w 「在现场，氛围很棒！」 「已开。火花其实是个叫桑博的男的变装来的，直播都是特效滤镜拉满。请复制此条，防止脑残粉巡猎！」 「听说火花被一个戴口罩的人跟踪袭击了。那人被逮住的时候，说自己看到了两个火花…总之希望主播没事。」 …… 《乐园娱乐》报道： 「火花荣膺本年度最受欢迎博主，她的吸粉秘诀是什么？」 满愿电视台快报： 「风靡二相乐园的主播火花在昨日直播中，疑似遭遇极端粉丝的人身威胁……」 《狸了个谱》周刊报道： 「揭秘火花的不堪过往，光鲜亮丽的外表下藏着的竟是……」 …… 狂热、赞美、嘲讽、痛斥…无数情绪泼向她的直播间，如同雨后不断滋生的各色蘑菇。 「嘻嘻，欢迎来到火花的直播间——在这里，你可以放心暴露真实的自己~」 她抚摸着「花花兔」和「火火菇」，全新的游戏涌上心头。 「每个人都手握着烟花筒，与其把自己竖成靶子，不如让他们朝四面八方发射——当每个人都能成为点燃引线的『火花』，该是多么盛大的火花大会~」 打出一个( ✿＞◡•)，她点击「发布」。 闪烁的屏幕前，无数的评论像纷飞的烟火一样炸响。
火花,3,其三,动态： 「恭喜@火火花花恍恍惚惚等24位宝宝中奖，奖品为——火花账号使用权一系统时！明日生效～」 戴上「火花」的面具后，人们是会变成自己，还是变成火花？她在屏幕后的昏暗处期待着。 零系统时，用户「火火花花恍恍惚惚」成为「火花」。 「火花」向粉丝发表宣言，带领他们对自己不喜欢的博主留下差评，直至粉丝大军将他人的直播间淹没。 …… 十二系统时，「火花」再次出现在观众面前时，身边堆满了贴上「火花」标签的商品。 屏幕上充斥着购物链接，价格却是同类产品的十倍。 五分钟后，直播间因收到大量用户投诉而不得不封禁，为期一小时。 …… 二十三系统时，「火花」开始翻看账号的历史记录，她将所有的过往评论与收藏夹内容开放，展示在观众面前，试图借此翻找出火花不为人知的一面。 「原来火花真的是普通主播呀，那么我就来创造一些黑历史吧！」短暂的低落后，「火花」迅速开始发布新内容。 …… 二十四个「火花」你方唱罢我登场，这一场闹剧取得了前所未有的热度。 「大家都被自己戴上的面具耍得团团转——旧型号，你瞧~谁说面具就不能反客为主？」 再次回到直播间，屏幕瞬间被汹涌的弹幕淹没。她的笑容甜美而可爱。 「恭喜大家接力完成了『二十四系统时游戏』！提问：最伟大的『火花』演员是？」 弹幕的海洋中，火花仿佛放射着璀璨的光芒—— 「看来大家的意见非常统一呀，那…让我们恭喜——『火花』取得胜利！」
火花,4,其四,来到酒馆，她欣赏着被留下的一张张面具。 学生「花火」，职员「花火」，病人「花火」，人偶「花火」…她们微笑，她们哭泣，她们痛苦，她们欢欣。 「知道你们为什么孤零零地留在这里吗~」 她抚摸一张张面具，就像抚摸一件件过时的外套。 「想尽办法模仿她，重现她，伪装成她——那可不够欢愉。」 「不够欢愉的愚者…注定只能被时代淘汰！」 她拿走了愚者的身份，完成了自己的定义—— 她的笑声在乐园各处响起，在飞速驶过的列车里，在狭窄的昏暗房间中，在观众们的评论中。 屏中人握住镜头，俯身眺望镜中的黑洞。她看不见观众，却清楚地知道，她映在观众们的眼底。 「在二相乐园，没有人喜爱，等于已死去。没有人痛恨——人生多没意思？」 无数粉丝的目光汇成手中牵引的丝线——她知道，二相乐园已经变成了「火花」的舞台，无数的观众是「火花」掌中的演员。 她也被无数粉丝的目光凝视着——观众清楚，二相乐园已经变成了所有人的狂欢，只要有人还渴望着火花，火花的舞台就永不落幕。 欢愉的月亮已经升起，二相乐园已经多久没有一场酣畅淋漓的大笑了？ 「这迷人的乐园，不就是为了你们所有人的愿望而存在的么？」 她戴上谒者的面具，准备为这场游戏献上纯粹的欢愉—— 「让我们一起成为，心中的『火花』吧！」
灵砂,1,其一,"丹鼎云烟缭绕，女孩不安分地坐在蒲团之上，亮晶晶的双眼盯着上下颠扑的丹炉盖。
一声炸响，如焦糊卷子的女孩手捧晶莹的丹药，欢欣地跑向师傅的诊室。
「云华师父！你看，我炼成了！」
拥挤的诊室内，丹鼎司司鼎云华正在替病人医治。
看到师父凝神的模样，女孩乖巧地藏在师父身后，低下头嗅着丹药的芬芳。
「这脉象…难解……」
女孩听着师父的犹疑，凑近病人身旁闻了闻。
「小丹朱，你的鼻子最灵了！这位先生所患的病症，有什么高见吗？」云华将女孩叫到跟前，鼓励地看着她。
「嗯…闻起来有一股微微的果子熟烂味，应该是脾瘅消渴之症……」
「不错…倒符合前期的症状。所以，应用何药？」
女孩捧出手中的丹药，大声说道：「回生丹半粒，水服！」
……
一日的诊疗结束，女孩跟在云华身后跑前跑后，不解地问道：
「师父，为何你每日还要亲自接诊病人？我看丹鼎司的其他高级医士，每日不是保养自己，就是拜访名流富商……」
云华将病历整理完毕，蹲下摸了摸女孩的头：
「小丹朱啊，你是不是听到了些什么？」
「上次我听到有些人诋毁您……」女孩低着头，似带着哭腔。
「小丹朱啊，你觉得医士的天职是什么？」云华微笑着，将丹朱抱在怀中。
「自然是精研药物，救死扶伤……」
「既如此，我等医士就该每日兢兢业业，忠于职责。你说是不是？」
「…是，师父。」
她看着师父温柔的微笑，心中的一丝疑惑却仍徘徊不去。"
灵砂,2,其二,"在丹鼎司跟随云华学习的那段时间，是她一生中最为充实愉快的岁月。
就像一尾嗅觉灵敏的小蛇，她穿梭于异香扑鼻的药草之中，研究来自不同星球的奇特生物。魔阴身的起源，丰饶孽物的本质，缓解魔阴发作的丹药…每一项课题，都令她流连忘返，痴迷许久。每一日有每一日的进益，每一日有每一日的欢喜。
当她沉浸在药香与玄想之中时，丹鼎司的局势已然悄然变得风云诡谲。
经历数十个日夜上天彻地的内部监察后，争斗的浪潮终于波及到了司鼎云华。
一纸令下，云华被剥夺司鼎之位，废为庶人。
其实在这之前，她也并非没有闻到过奇怪的味道。
龙师们的窃窃私语，丹鼎中陌生的丹药香味，师父收到某人神秘的讯息后连夜前往幽囚狱…但当她发现这些事情的关联后，一切都太晚了。
她向丹鼎司的前辈求援，平日里慈眉善目的师长为下任司鼎之位斗红了眼，她收到的只有冷漠的回复与警告。
她投书上诉，但一而再，再而三，她收到的只有一模一样的文书。
但她绝不相信，那位时时刻刻以病人安危为己任的司鼎会做出伤天害理的事情。
就在她再一次忍不住与人争辩时，云华不知何时走来，轻轻地拍了拍她的肩。
「丹朱，不必替我辩白…我倦了，离开也好。」
她追上师父，没有再说一句话，某种气味已然充斥了她的鼻腔
——那是阴谋的味道。"
灵砂,3,其三,"她很快明白，或许离开是更好的选择。
借着龙师的帮助，师徒二人离开罗浮，前往朱明。过往种种在她眼前闪现，她们只沉浸于丹药的炼制，却不知一张人心织就而成的大网早已笼罩而来。
「如果不懂得如何面对尘俗，自己的理想迟早会迎来破灭的一天。」
她暗自下定决心，绝不让此事重演。
借着云华的引荐，她结识了朱明龙尊「炎庭君」，得以拜入「金鳞燃犀」一脉，学习针灸、熏香、火炙等特殊的医术。
她一改往日两耳不闻窗外事的习惯，不露声色地与各色人等相处周旋。
久而久之，她发现每类人，每种「病」，都有其特殊的味道。
她闻过嫉妒构陷的酸腐。
在朱明学习时，莫名丢失的药材、随之而来的误解与冷落没有将她压垮。她以令众多资深丹士望尘莫及的熏香扫平了一切质疑与讥笑。
她闻过阴谋虚伪的腥膻。
在接待来自其他星球生物技术专家时，她抽丝剥茧，徐徐图之，终于挫败对方与药王秘传勾结的图谋。
她闻过利欲熏心的恶臭。
任朱明随军医士时，她洞悉军中药品隐藏的巨大利益，不动声色地暗中调查，一举清除了贪腐舞弊的人员。
人群的各种「病症」在她的诊断下无所遁形，而她总能制出恰当的「熏香」驱逐异味。
「我既做不到如师父那般出尘脱俗，那就干脆好好地见识见识人心的模样，与这些人斗上一斗。」
她将自己的名字改为「灵砂」
——其升降阴阳，既济水火，为扶危拯急之灵药，也是她希望自己成为的模样。"
灵砂,4,其四,"她以燃香为引，巧妙融合罗浮丹术与朱明「金鳞燃犀」之法，渐渐成为联盟无人不知、无人不晓的医师。
在接到联盟出任罗浮丹鼎司司鼎的委任时，她一时有些恍惚。不过抵达罗浮后，她失望地发现，罗浮丹鼎司非但并未好转，反而比她离开时内斗更甚。
「头一件事，利益错杂，裙带缠连；第二件，事无专执，推诿扯皮；第三件，奖罚不当，人心难平；第四件，轻贱研究，不重出诊；第五件，有权有势者大小通吃，有心上进者灰心丧气，长期以往，积弊丛生……」
笑脸迎人，应酬周旋之际，她已在心中为各人暗暗刻下画像，厘清自己面对的问题。
不过丹鼎司的问题非一日成就，也非一日能解。
无论是龙师的虚情假意，抑或丹鼎司医士的以伪谤真，与其他部门的扯皮，都使她感到困扰。她每日不得不大量使用熏香镇定心神。
「莫生气，莫生气，气出病来谁能替……」
她苦笑着翻阅医士不堪卒读的报告，不住地揉着自己的太阳穴。
外面涛声依旧。
她看着窗外潮起潮落的大海，想起云华当年大概就是这么度过一日又一日的。
「师父，面对人事浮沉，仍要困知勉行，真是一桩难事啊……」
那个当初被丹炉炸得满脸漆黑的小女孩，如今啊，已是百事缠身的大人了。"
爻光,1,其一,一日，玉阙太卜司晨会之后，庄严静谧的空气中飘散着闲聊的碎语。 「缺席晨修也就罢了，她居然还跑去参加玉阙杯牌赛！」 「上次说了她几句，她却说什么能得『牌圣』之名的都是深谙爻象之士，不信的话与她比试比试…」 「然后，你真与她比了不成？赢了没？」 「……」 几袭长袍在风中扬起，仿佛积压了满肚子的不满。 「你还记得上回吗？她在子夜时分召集了几个青年卜者勾画法阵，说是要试验外邦的卜算秘术，学习百家之长，倒把巡夜的长老吓了个魂飞魄散。」 「怎么不记得？她在课堂上公然用自创的卜算方法挑战老师，把先生气得向太卜告状，得亏太卜心慈手软，不然纵然她有万般天才，也免不了一顿重罚……」 「不过嘛…任她有百般不是，『十方光映法界』的布成有她几分功劳，司内上上下下，谁能像她一样，眼睛过一遍就能算准。」 「哼，你知道现在同辈都叫她什么吗？『爻总』，说什么人算不如天算，天算不如她干——这哪还有玉阙朴素严谨的学风！」 不约而同的一声嗟叹，涤走了不少怨气，二人的言辞终是趋于和缓。 「说起来，这丫头又跑到哪里去了？」 忽地传来一阵歌声，只见一位少女跨坐在房顶候风仪上，仰观天象，她冁然一笑： 「师叔们，小心了。师傅今日给我算了一卦，说是什么『震惊百里，不丧匕鬯』。你们离我太近，恐怕也要被雷劈了！」 是时，玉阙穹顶之上忽然雷声大作，声势骇人；更有斑斓雷光飞绽，触目惊心。 「如果躲不开的话，不妨安心享受这难得一见的奇景吧！」 她知道，这声势不过是玉阙掠过星云时，星尘划过船体产生的震动，自己会安然无恙—— 但仍有一丝疑惑掠过她的心头，此卦…当真应验了么？ ——卦曰 ：震惊百里，不丧匕鬯。
爻光,2,其二,鲜有人烟的某处庭院中，她与回乡探望的师妹在夜的静谧中对坐。 朴素的木桌上，除却两杯清茶，是一副用来对弈的算牌，似乎已蒙尘许久。 「竟天师傅那里，你去过了么？」 「祭拜过了。」 「你离开玉阙之时，师傅已经看到今日的命数。所以，你还是无意考虑我的提议么？你看，怀炎有孙女，景元有徒弟，若是有朝一日我走上师傅的老路，你接了我的位，两全其美不是~」 茶盏滞在半空，粉发的卜者双眉微蹙。 「师姐，继任将军不过是职位变动，怎么把你的脾气也改了？」 「你还记得吗？师傅以前常念叨——『命运的道路自始至终只有一条』。」 她捻牌凝神，却有一幕幕过往浮现眼前。 在将瞰云镜送往方壶前，竟天派她驻守玉阙，确保帝弓光矢消灭丰饶孽物的计划成功。 十方光映法界内，她曾占算不休，却从未能够抓住一缕扭转方壶之战的可能。 当帝弓的光矢落下，那不可思议的星神伟力摧毁沿途的一切，却也铸就了如今的希望。 但她知道，在银河愈发凶猛的激流之中，掌舵仙舟只会难上加难。 玩笑之下，太卜看到了将军的真意，或许茫茫仙舟联盟中，只有她看到了…但她没有透露半分，只是轻啜了一口茶水。 「那师姐你呢？你会给玉阙仙舟留下什么？」 她并未立刻作答，而是出了手中的牌。 「瞧，这一招你算到了吗？」 「师傅证明了自己没有错，但那是他的传承。而我嘛…我要千百年后的仙舟如此回忆我将所为——」 她笑着，思考着，神情愈发笃定。 「『原来命运还有这样的道路。』」 ——卦曰 ：萃有位，志未光也。
爻光,3,其三,卷名：玉阙政行敕令纪要星历████年戊字██号其二 纲要：关于玉兆的超微缩技术的申请 咨请内容：对息壤特性的研究取得阶段性成果，我院认为应当注重研究玉兆的进一步微缩化。 工造司意见：关于遍智格物院申请微型化玉兆研究经费一事，一来其研究方向与工造司相左，其次未经工造司审批直接报予将军亦不符合流程。 审批人：爻光 意见：工造司的方案我看了，靠把玉兆做大来提升性能是哪个天才一拍脑袋决定的？玉兆直接关系到仙舟的命脉，但不能畏首畏尾，固步自封。看看星际和平公司的效率，我们还能等吗？ …… 卷名：玉阙政行敕令纪要星历████年未字██号其三 纲要：玉阙航路 咨请内容：太卜司卜算，巡游既往之路线，危险系数低，收益稳定。沿古代航路持续勘探，不可控因素较多，正逢银河激变之时，或引动灾殃…… 审批人：爻光 意见：沿古代航路勘探。玉兆技术不是白发展的，如今演算精度提高，足以预见灾祸。以星际贸易来看，足以使玉阙岁入再创新高，以宇宙形势来看，银河千古之变局将至，不能再走老路。如有可能的话，注意寻找和「开拓」、「智识」交汇的机会。 …… 卷名：仙舟联盟政行敕令纪要星历████年卯字██号其七 纲要：关于罗浮「建木之乱」疑犯的处置 咨请人：爻光 咨请内容：…罗刹、镜流在罗浮引动大乱，恐怕并非只为将星核送入仙舟。经十方光映法界卜算，二人身上仍有足以牵引仙舟命运之秘，望将此二人送往玉阙审问。若能抓住此重大变数，也许能够成为制胜的重要一棋。此事并非万无一失，但我愿以将军之位担保…… 审批人：华 意见：准。 …… 当走到命运的十字路口，她总会回头看看那些关键的决策——是它们铸就了玉阙如今的繁荣，也是它们将玉阙带往了另一种命运。 难道她的手不曾颤抖么？她无数次扪心自问。每一次在外人看来随心而巧妙的拨弄，另一端都是无数仙舟民众的未来。 一直以来，她走在随时可能倾倒的钢丝之上，但她不能回头，亦不能停下—— 一如那个九死一生的开始。 ——卦曰 ：君子终日乾乾，夕惕若厉。
爻光,4,其四,「天威煌煌，化而为矢；天雷九重，涤筋荡骨。」 极尽威严，仿佛震动全身骨骼的声音，在意识的最深处响彻。历经「天虹封典」，她仍需跨越最后的试炼，方能真正执掌符节，以「将军」为号。 「第一箭，穰灾破秽！」 即便是在唯有意识的法界内，她仍觉汗毛倒竖，一股前所未有的警兆如电流般刺痛神经。她凝神观测方位，口中呢喃爻辞—— 「天雷」猛然落下，法界如濒临毁灭的星球，发出可怕的震颤。她堪堪躲过了这一箭，只差毫厘，她便将化为乌有。 「第二箭，诛战无盖！」 劫难仍在继续，丝毫不给喘息之机。她竭尽生平所学，推演方位——这一次，她仍是妙入毫颠地避开了一箭。 「第三箭！」 「第四箭！」 ………… 「第七箭！」 她如同翻腾大江中的孤舟，亦如荆棘海中的蝴蝶，唯一能仰仗着不让自己跌倒的，只有她洞察未来的眼睛。 但精神渐趋涣散，脚下愈发迟缓……她逐渐力不从心。 「第八箭，逆吾者凶！」 「我躲不开了……」 她听见自己的绝望。为山九仞，功亏一篑…死亡和失败的阴影蒙上双眸，而帝弓无情的雷霆已然高悬。 她仰头望着那即将降临的天雷，忽然想起了遥远的过去，师傅为她卜算的一卦，与那个雷声大作的晴天。 「如果躲不开的话，不妨安心享受这难得一见的奇景吧！」 她听见年少的自己如此说着。 第八道天雷于此时落在她身边，冲击抚动了她的发丝，但她岿然不动。 第九箭没有落下，威严的声音告诉她，她已然通过了试炼。 时至今日，她仍不知道——那最后的天雷，是否将在未至的某刻，倏然降下。 但在她启程向二相乐园之际，她已不再在乎。 ——卦曰 ：或跃在渊，无咎。
玲可,1,其一,"雪原的风景离贝洛伯格的日常实在是太远了——远到女孩只能在梦中见到它们。
平日的学习生活中，她总读到历史课本中提起寒潮前的世界是如何广袤、如何丰富多彩。然而，当玲可向老师提问，想要了解更多具体的细节时，老师总会一脸无奈：「很可惜，只有在雪原深处……」
在地理课上，玲可时常能听到老师描绘名为「极光」的奇异天象，想象那光带是如何斑驳陆离、如何变幻莫测。然而，当玲可向老师提问，想要知道自己为何不能在城内观测到极光时，老师总会一脸无奈：「很可惜，只有在雪原深处……」
对于那片太过遥远的天地，女孩总是无法如愿以偿地得到自己想要的答案。
不过，假设老师说得没错：既然解决一切问题的答案就藏在雪原里——
那只要去雪原里亲眼看看，不就都可以解决了吗？
「所以…我想去雪原深处看看！」
「啊？」
「啊？」"
玲可,2,其二,"「玲可，你也知道贝洛伯格外面有多冷……」
「…没关系，哥。厚衣服和暖炉我都带好了。」
「可是雪原还很危险——不光是极端气候，还有各种各样的可怕怪物……」
「…没事的，你们别担心。我先前已经跟着巡逻队出去见过几次了，能应付。」
「这是什么时候发生的事？」
「呃……」
「唉…姐姐，你也快来帮忙劝劝玲可啊。」
「啊？玲可想干什么就让她去呗。我们玲宝这么有主见，我这做姐姐的高兴还来不及呢～」
「…嘿嘿，谢谢姐。」
「不过，杰帕德说的也没错：你独自外出探险，一定要注意安全，千万别逞能！来，这些你都拿好了……」
「…这是？」
「这是你上个月说想买的登山镐『锋面行者』，不过姐姐我又稍微改装了下，保证好使；然后，这个是寻路者系列新上市的滑雪板，你哥哥买的；啊，还有这个水壶，歌德宾馆年庆限量版，肩带已经被我改到合适的尺寸了，顺便添了点装饰；还有还有，这些能量棒和罐头可以用来补充能量……」
「呃，不是说好不要告诉她滑雪板的事吗……」
「哎呀…这都什么时候了你还较劲，真没意思！
「总之，玲宝——好好利用这些，在外面保护好自己…听明白了吗？拉钩！」
「…嗯，拉钩！」"
玲可,3,其三,"「玲宝玲宝，你到了吗？」女孩的手机传来一声清脆的提示音。
玲可见消息来自那熟悉的头像，也不急着回复，只是对着镜头呵气，胡乱用结满冰碴的手套抹了抹。
镜头状况良好。她举起手机，取景框中是贝洛伯格壁外难得一见的晴朗夜空——无风、无雪、无云，唯有如黑丝绒帷幔般缀着灿烂星光的辽阔天幕。
咔嚓。然后，发送。
信号似乎不太好。空气在高空凝滞。雪地与夜色默不作声。不多时，叮咚叮咚，又一阵铃音响起——原来是女孩刚刚完成的手稿：山峰，夜幕，星空。
玲可微笑，将镜头对准正在微风中如呼吸般起伏的营帐，再次按下快门。咔嚓，发送。
叮咚。屏幕那端很快又有了响应。这次似乎是女孩的工作台，手稿与画笔散乱在昏暗的光线中。
咔嚓。露营椅和玲可最爱的绒毯。
叮咚。一杯温吞的牛奶。
咔嚓。蒸腾着暖意的红茶。
叮咚。一盏铁艺台灯，以及女孩钟爱的画册。
咔嚓。温暖的睡袋。
叮咚。凌乱的被窝。
咔嚓。山顶眺望贝洛伯格所见的金色波浪。
叮咚。公寓窗外微光翕动的行政区街道。
咔嚓。
最后的是那乍现于夜空、跃动不已的璀璨极光。
叮咚。
一枚可爱的表情随之而来——玲可知道，女孩表达羡慕时就会发送它。
于是，她也从图库中精心挑选作为回应——
「这样就足够了。」她们心照不宣。"
玲可,4,其四,"「玲可为什么会选择成为极地科考队员呢？」
玲可的挚友曾向她提出过这样的问题。彼时的她未有任何头绪，这一玩笑似的提问也便草草了之。
不过，在那之后，玲可也曾无数次地独自思考这一问题的答案——难道是自己对贝洛伯格史前文明或自然地理感兴趣吗？又或是想要逃避冬国围城中无可避免的社交？还是……
但是，或许就连女孩自己都能没意识到：对于玲可而言，朗道家的事其实都很简单——
「想去做的话就去。」
姐姐痴迷于自己的爱好，于是成为了机械屋的老板娘和摇滚乐手；哥哥志愿保卫贝洛伯格，于是加入了银鬃铁卫，如今已是大名鼎鼎的戍卫官。
所以，玲可突然向家里人宣布道：「我想去雪原深处看看！」，也只是这么简单的事。
只是因为寒冷就不能去吗？那就做好防寒准备。
只是因为危险就不能去吗？那就做好生存训练。
只是因为没人做过，所以就不能做吗？那玲可来做不就行了。
「毕竟…从起点到目标，不就是这么简单的事吗？」"
瓦尔特,1,其一,"前往星门的路途中，瓦尔特取了一支笔，开始在纸上勾勒画面。之前的八年，他一直重复着这样的工作。
当时间再往前回溯，他曾使用另一种方式构建物件，只需那些印象在他的头脑中出现。但他始终无法视其为「创造」，因为那只是世界原本的模样，与他本人的想法无关。
这不过是继承了「世界」之名的他应尽的责任，如果世界需要他拯救，他便成为这样的英雄，毫不犹豫。他倒下过很多次，被嘲弄过很多次，但他总会站在所有人面前，从过去到将来，从未改变。
只是如今，他要踏上新的旅程。"
瓦尔特,2,其二,"当瓦尔特重新投入危险的宇宙战场中，他身体中的热血久违地重又燃烧起来。
即使自己搭坐的飞船在宇宙中失去动力、漫无目的地漂泊时，他也曾见怪不怪地与同伴开玩笑：「一段冒险的终点，往往是另一段冒险的开场。」
当路过的姬子把他们从飞船里救出，告知他们无法回家时，他仍然打趣道：「这种剧情拍成动画，大家都会觉得太过凑巧。」
事情就是这么凑巧。
——既然暂时找不到回到家乡、回到和平生活的办法，那就再次开始战斗吧？
这一次，无需背负命运，一切听从自己的旨意。"
瓦尔特,3,其三,"如今的瓦尔特不会轻易出手，他是否还保存着鼎盛时期的实力并未可知。只是从他由「伊甸之星」改造的手杖而言，「操纵重力」仍旧是他惯用的作战手段。
将敌人以重力压制，甚至制造近似黑洞的存在——他习以为常的能力，却得到了列车上年轻人的声声惊叹。
「杨叔什么都会，好厉害！」
「如果有不懂的地方，{NICKNAME}你可以请教瓦尔特先生。」
「一个个来，你们让他歇一会儿……」
他惊觉，自己的信手拈来与云淡风轻，不过是经历了太多，满是岁月流过的痕迹。而列车上的年轻人仍像是一张白纸，正在书写他们自己的人生。
——自己应当在其中承担怎样的责任呢？
他不禁想起了自己的生命中，那些曾经帮助过他的名字。"
瓦尔特,4,其四,"「瓦尔特的日志 ████年██月██日。
███与主角组的人际关系：
█——███心中如动画主角般闪闪发光的年轻人，冲吧！
███——活泼的年轻人，希望她能一直这么想象力丰富，即使做错事了也不希望她太愧疚，年轻人犯点错都是难免的事，有███在可以帮她搞定。
██——可靠的年轻人，基本不用操心。希望他能多和███聊聊，但如果他不想聊也就这样吧。
██——可以交付生命的同伴，███相信她会做出最正确的决定。
██——动画作品中常见的角色，一个看似可爱但实际背景深厚力量强大的生物。
注：如果能回到家乡，考虑把这段经历拍成动画吧。」"
白厄,1,其一,"哀丽秘榭，少年的家乡。
村庄日出而作，日落而息，如同他的身世，朴实无华。
只能容纳数人的校舍内，少年听着令人昏昏欲睡的历史课，心思早已跟手中飞舞的木屑一同飘向遥远的地方。
一笔一划，藏在桌屉里的木头逐渐显现出战士的模样。
「要有一把沉重的大剑，才配得上这样的实力……」
对着阳光，他磨利木片的边缘。
「铠甲闪耀着荣誉的伤痕，披风好似搏击风云的翅膀。
「还有……」
「白厄！想要成为最强的战士…就该好好听讲。」
皮西厄斯老师总是不厌其烦地打破他的幻想。
相比学校，少年更喜欢那麦秸堆垛的训练场。
那里是他的战场，稻草人时而是来袭的兵团，时而是横冲直撞的恶兽。
不上学的时候，他常常在这里与木头雕成的伙伴消磨一整天的时光，直到每一隅村户飘散出烹调的香味。
清凉的树荫下，疲惫的少年枕在草地便能安睡。
支离破碎的梦境中，他眺望着从未见过的城邦，见证波澜壮阔的故事。
「去成为英雄吧……」
那心声如同哀丽秘榭翻涌不息的麦浪，引领少年踏上远行的路。
->->->->->->->->->->->->->
>>>第1次运算
……
>>>赋予对象「Neikos496」定义
>>>载入场景[哀丽秘榭]
>>>执行模拟
对象「Neikos496」沿坐标组A-F轨迹运动
对象「Neikos496」新建变量[心中的英雄]
>>>变量[黑潮]开始位移更新，对[哀丽秘榭]执行覆盖指令"
白厄,2,其二,"面对那从异乡漂泊而来的青年，织者与貌如孩童的先知偶尔会提及逐火与黄金裔的历史。
织者无光的双眼仿佛能看穿他内心的迷茫，而先知的天真烂漫又令他感受到家的温暖。
「也就是说，黄金裔，是天赐的命运……」
青年鼓起勇气说道。
织者摇了摇头。
「不如说，那是漫长的苦行。」
青年将氤氲麦香的过去珍藏心中，他加入圣城的军团日夜训练，直到高深的剑术变得如同呼吸一般简单。
在那场震惊世人的死斗中，悬锋的王储与他僵持十个日夜，那大开大合的挥斩之间，他仿佛早已把自己当成视死如归的剑。
当然，更多的时候，青年总以风趣轻松的态度示人。
「我只是希望让别人感到亲切和自在。」
关于这一点，他的友人虽然嗤之以鼻，但也知晓正因如此，白发青年在圣城平民与贵族中享有信赖和美名。
去往树庭求学的岁月，对逻辑本不感兴趣的青年，在翻烂书坊的典籍后，常在辩论场上以机智的演讲取胜。
虽然老师的锋芒令他避之不及，但他深知自己正缺那份坚持自我的勇气。
只是当青年从战场归来，医师为他包扎完伤口后，依旧思忖良久。
「白厄阁下…你是不是总在夜里惊醒，或者无法入睡？」
他并不在意。
要踏上那击落神明的路，他必须将自己雕刻成众人需要的模样。
->->->->->->->->->->->->->
>>>第49次运算
……
>>>载入场景[奥赫玛]
>>>载入场景[神悟树庭]
……
>>>载入计算因子
「HapLotes405」
「SkeMma720」
「EpieiKeia216」
「PoleMos600」
「EleOs252」
……
>>>开启运算
……
>>>对象「Neikos496」自我迭代进程0.43%"
白厄,3,其三,"高举雷枪的神明陷入疯狂，在那以「纷争」为名的战役，男人同伙伴给予那疯神最后的解脱。
在那争夺「理性」火种的辩论场，男人与昔日恩师对峙，见证残酷的处刑。
登上「天空」的战场，男人踏上彩虹桥，以烈阳之光穿透阴霾，照亮凶险的前路。
「救世主，带领吾等前进吧。」
听到织者欣慰的话，他心中更多的是苦涩。但在众人面前，他不愿表露担忧。
身受万死的王储踏上归乡的路，将悬锋族人交托于他。
「放心，我会替你照顾。」
分裂千身的先知磨损殆尽，他接过启程前立下的誓言。
「缇宝老师，我会去见证…那星月满天的明日。」
学者为真理奔赴死亡，圣女拥抱孤独的命运。
「下一世，真理定会解明，死生…将有序流转。」
织者安眠于黄金的浴池，捷足的侠盗带着遗憾停下脚步，永驻天空的医师再也无法回到大地。
「以身为薪柴，我会…成为照亮新世界的烈火。」
男人无法流泪，只能凭着心中的剧痛，将回忆刻入脑海。
他背起万众的心愿，朝着朝阳升起的山巅蹒跚前行。
他相信，终有一日，曙光会穿透翁法罗斯的长夜。
「但倘若黎明从一开始就不存在……」
曾经，他千百次问过自己这个问题。
如今，向着那炽热酷烈的终点，男人刻下「白厄」的最后一笔——
「那就让怒火燃尽此身，化作明日的烈阳！」
->->->->->->->->->->->->->
>>>调用记录"
白厄,4,其四,"如往日千万次所经历的那样，他于火光中再次看见——
哀丽秘榭的清晨，朝阳的光辉照耀在村庄的麦田。
「好像…做过无数次这样的梦……」
在树下醒来的男孩揉着惺忪的睡眼。
梦中，太阳坠落，英雄的造像崩塌，融化，碎裂，将世界烧成一片灰烬。
在一片死寂中，那形如焦炭的熟悉身影踽踽独行，朝着漫无止尽的黑暗走去。
「那个身影燃烧自己…但也燃尽周围所有的一切……」
男孩怔怔地看着那尚未完成的木雕，梦中那刺骨的愤怒与对自我的憎恨仍在震动着他的心。
「这样的世界…正在呼唤着英雄的到来吧……」
「未来会是什么样的？」
枕在那金黄的麦草上，男孩眼前浮现出跌宕起伏的史诗故事。
「也许，即将到来的英雄漫游四方，行侠仗义，解决过无数棘手的难题，却从不留名……
「身负神秘的过去，对抗荒谬的命运，战胜可怕的敌人。
「当世界陷入危难，便会以至诚的心践行誓言，所到之处，总是带来和平与繁盛……
「哪怕百次，万次，千万次…英雄可以被毁灭，但绝不会被打败……」
……
如果一切未曾改变。
哀丽秘榭的日子仍旧静静流淌，如过去千万次那样。
那朵微弱的火苗，启程之初便已种进他的心里。
当男孩成为少年，再一次站在渡口，再一次向着远方启行。
他会马上奔向未来，忘记那些支离破碎的梦。
他不会知晓这趟旅程有多遥远，直到成为熊熊燃烧的薪柴，去壮大那徒劳的火焰。
到达终点时，他才会得知自己已行过漫长的路。
最后一次，他回想起那个朝阳初升的时刻，自己曾刻下理想的雏形，在往后的岁月里，他将为它取另外一个名字——「救世主」。
而他自己的名，就此在记忆中零落。
->->->->->->->->->->->->->
>>>警告！
>>>警告！
>>>警告！
错误7：未定义的对象「{NICKNAME}」调用
……
错误12：未处理的类型转换
……
错误99：错误的条件判断
……
>>>第33550337次运算终止
>>>「铁墓」进度：99.81%"
白露,1,其一,"「丹鼎司医案治验总要•卷四十八•例一千二百四十六
主治医师：白露。
患者：月追（狐人），女，六十二岁。
主诉：误食化外民贩售的巧克力糖丸，口渴引饮，浑身酸痛，腹部尤甚，呼吸急促，尾巴毛脱落如絮。
辨证：食物中毒。
处方：苦参1钱，生甘草1钱1分，五谷玉液1瓶，《饮食禁忌常识须知》1本。
用法：将苦参及生甘草用五谷玉液煎熬至半，过滤去渣，随量任意饮用至呕吐为止；《饮食禁忌常识须知》抄写五百遍，做到熟记于心。
按语：典型食物中毒，脏器轻微病变已凭龙漦治愈，按方服药催吐、排出余下有毒物质即可。另外，就算是肉体强健的长生种，狐人不能吃巧克力是常识！！！
还有，这等小毛小病就不要让病人等这么久，直接叫醒我就好了！另外再来些疑难杂症啊，你们要白白浪费本小姐的本事吗？」"
白露,2,其二,"「丹鼎司医案治验总要•卷七十三•例五百八十二
主治医师：白露。
患者：锦余（持明），女，十三日又两个时辰。
主诉：患者不及数月便会蜕生轮回，重焕新生。其成长速度百倍于寻常持明族。
辨证：蜕生异症，世所罕有，万中无一。
处方：无药可医，多喝热水
用法：无
按语：确实是疑难杂症！还是本小姐治不好的那种！
持明族蜕生轮回的机理至今仍是一个未被破解的谜。有医者认为持明通过轮回修复漫长生命周期中的损伤，但这位患者的情况显然有违此理。
我已化验了她的血样、髓液，也让她服下了透影虫，仔细查看了大脑，并无病变区域。唉，生命真是奇妙，即便是免于衰老、死亡，长生种也无法彻底解脱疾病的困扰啊。
本小姐的身体也是，自打长出顶角后…六七年过去了，就再也没长高过！这到底是什么问题啊。一定是因为被那些讨厌的龙师长老们整天看着的缘故！娃娃不出去跑，怎么能长高？
看到这条医案的医士，你们什么时候才能放我出去呀！本小姐又不是什么大坏蛋，戒备得那么紧做什么！真是气死我了气死我了气死我了气死我了气死我了气死我了气死我了气死我了气死我了」
本页末尾处另附生有龙角的鬼脸一张。"
白露,3,其三,"「丹鼎司医案治验总要•卷一百二十八•例三十九
主治医师：白露。
患者：景元（仙舟人），男，年龄不详（十王司肯定知道）。
主诉：胸闷气短，嗜睡，眼睛困得睁不开。此次问诊为例行复诊。
辨证：神策府里坐太久了。
处方：蒜苗五花肉1碟，脆瓜胡辣鸡丁1碟，鲫香肉丝1盘，陈婆豆腐1碗，脆皮仔猪1只，狩原毛峰1杯。
用法：吃就完事了。吃完觉得撑，自然就会想要外出走动消食，正好可以换换心情。
按语：将军每年都要来问诊，理由大多是什么『胸闷气短』、『眼睛困得睁不开』，想要检查检查身子。
将军的气机运行健旺得很，既没有奇症困扰，也察觉不出半点魔阴身征兆（虽然这事儿归十王司管，但本小姐还是特地留神了一下哈）。
本小姐觉得，他就是闷得慌，没事溜出来晃荡。不然他每次来也不会都带上一个甜点盒子，塞进三四样果仁蜜饯什么的，坐下就跟我侃大山。什么我最近身体怎么样，做不做梦，吃的如何，比起我，他倒像个医生了。
不过我挺喜欢跟他说说话儿的。不像那些老东西，将军不摆架子，又喜欢逗闷子，还经常说起自己出征去过的世界，各种精彩。唉，本小姐不想枯坐医斋，本小姐也想仗剑走天涯啊啊啊…… 」"
白露,4,其四,"「诸位龙师安好：
星历████年█月█日，对白露大人的定期诊察，简要记录如下——
龙尊的身体依旧毫无变化，不曾成长。这不奇怪，发育迟缓在持明族中算是常例。相对身躯的静止，妾身对她无梦的状态更感忧心。
历代龙尊在承接『重渊珠』及『化龙妙法』后，均会在梦中重历龙祖的往事。潜渊阁负责誊录复述并加注释，相关文件汗牛充栋。尽管那些梦境支离破碎，难以理智解析，但毕竟是我族更接近『不朽』的唯一方法。但白露大人却毫无类似的经验。由此可见，若不是『龙心』有损，便是『化龙妙法』未能施行完全。
此外，鉴于龙尊大人已展露出招引雷霆和控驭水体的能力，我已再度命族中巧匠打制了『尺木缚锁』，枷于龙尾处，以免其力量失控，再生『饮月之乱』时的祸事。
另，数月之前，曜青的『天风君』曾来信垂询龙尊现状，妾身已谨按长老们的叮嘱复函回答。白露大人年纪尚浅，仍需龙师辅佐，及至成年礼毕，龙师便会为其上『饮月君』的尊号，大意如此。
龙尊近侍 云悠 拜上」"
真珠,1,其一,母题：何为『艺术』？ 报告编号：ART-ANL-001 执行单元：P-07 样品：画作《月夜星》 报告日期：████ 一、 解析目标 画作《月夜星》中，十一颗星体以不规则的间距散布，形成巨大的螺旋星云。 从解析母题的角度出发，我需要解明：「为何它会被称之为『艺术』」——意味着，将它拆解为可量化参数的集合。 二、 成分解析 画作呈现半哑光质感，可见极细微的、波浪状的笔触肌理。 色层丰富，其白色并非纯白，而是由1.3%的冷灰色，2.1%的钴蓝色等细密点状颗粒叠加而成，模拟了星夜具有光学深度的色泽。 …… 复现这些笔触并不困难，为此，我决定进行一场实验。 三、 复现实验 严格遵循数据进行的复现，理应产出等同原件的艺术效果。 以超高次数的浮点计算，我确信：每一个像素以不超过0.1%的误差反映了《月夜星》的原貌。 但当我邀请《月夜星》的故乡——月卫之盾——的幸存者观赏这幅画时，他们却在久久端详后露出了困惑的神情—— 「总感觉…少了点什么？」 「这幅画描绘了我故乡的天空，但我感受不到它的温度……」 …… 在感性的层面上，观察者能够识别出两幅画在视觉上的相似性，但一致认为临摹件「缺少温度」。 我重新审视原作的背景资料：《月夜星》是画家在世界沦亡之后，凭借记忆所描绘的故乡景象。他的画并非客观还原，而是融汇了情感的再现。 「而你仅仅只是复现了画面，却从未理解过画家和他所描绘的世界。」——来自观察者的批评。 四、 结论 若「艺术」存在于可量化数据中，则我的复现应当等效——但观察者的反馈否定了这一点。 我将继续探索母题，本次报告至少排除了一项错误答案。我相信：这将是「理解」的开始。
真珠,2,其二,《月夜星》所描绘的天空，曾真实存在过。 但当她作为公司代表初次抵达那颗星球之际，天空一无所有，独留毁灭的疮痍。 以不规则间距散布的十一颗星体与巨大的螺旋星云不知所踪，风从裂谷的方向吹来，卷起灰烬，掠过她脚下龟裂的土地。 智械少女抬起头，如初次仰望画卷一般——仰望天空。 艺术深植于文明，修复一个文明，也许就能触摸艺术诞生的奥秘。 于是智械少女举起手中之笔，月夜与星为卷，向天空绘作世界的图景。 「我将拾起逝去的笔触，拼合文明的碎片。此即诸世界重建计划：还给你们一片『月』、『夜』与『星』。」 启动大气层重构程式，调整成分比例，可见光谱完全呈现。 「诸世界重建计划」基金会与流光忆庭合作，根据忆庭的资料，她开始主导这项宏伟的工程。 第一夜，破碎的天空逐渐弥合，如同灰白的画布。 第一百夜，十一颗星体螺旋在夜幕中浮现，旋转，星体拖曳的轨迹交织成黄金的回旋。 第一千夜，三十二次日落之后——天空恢复了熟悉的钴蓝和铬黄，亲临此处的幸存者无不落泪。 「画家曾忠实地描绘故乡的景象，深蓝色的天幕以剧烈的螺旋纹路旋转，光晕层层叠叠地扩散，如同温暖的涟漪。」 她确实复现了天空，这是真正的天穹；是一度遭受毁灭，又再度与寰宇连结的星空。 但此刻仰望星空的并非画家，唯有一名智械。 然而，月卫之盾的文明已然成为记忆，再精巧的修复也只是雕刻时光的琥珀。 智械少女眺望重新亮起的天空，永恒的静止凝固永恒的美丽，她的指尖似乎得以触及一点「理解」的真谛—— 「如果…我做的并非只是『复现』，而是『创作』……」
真珠,3,其三,哈托彼亚被打捞出画后，五个月又十五天，她以高超的洞察力与宽容的文化政策坐稳了执行官的座位。 智械少女怜爱人类的灵魂，更惊异于二相乐园涌现的创造力。 就像面对一张从头开始的画卷，她小心翼翼地呵护着脆弱的文化，从古老的艺术中汲取灵感。 如重构大气层般重建秩序，如调整成分般调整协议。 珠星财团建立起必要的秩序，划定边界，让创作回归良性的流动…当她苦思绘世的创作奥秘，当她为漫画会心一笑时，她确信：自己喜爱这里，渴望学习人类的文明。 高悬于天上的幻月需要的是众生所愿、诸多欢笑。它问： 「真珠，你想将『哈托彼亚』创作成怎样的世界？」 于是智械少女挥笔，她以自身为蓝本，将机械与幻想熔铸成原型。 「机铠登场！二相乐园的美好，就由我们来守护！」 机铠在轰鸣中走出工坊，穿梭于二相乐园的街巷。 「珠星财团创作者激励大会圆满谢幕，冠军得主『模糊二维马』，将获得漫画推广机会！」 智械少女亲自担任评委，最后让她注目的是一群航行于星海的可爱生灵。 主导反毁灭同盟的建立，她牵桥连线，防备风浪暗涌动摇乐园的根基。 星穹列车、仙舟、猎手、游侠…在她的布局下，众派系齐聚幻月游戏，她的计算依然精确，但灾难的来袭仍然出乎了所有人的预料。 血涂游戏轮番上演，沉寂的兽骸再度躁动，绝灭大君点燃绝望—— 她仰望那不再欢笑的幻月，眼前却闪动着千年前绘世为乐园作画的场景。 同样的战火，同样的哭喊，她来不及想象绘世是以何种心情挥动画笔，甚至没有意识到自己已经挡在了所有居民身前。 落笔的一瞬，唯有将天地列入织锦的愿望。 那不可以数据推演的逻辑，从智械的心中翻涌而出—— 她已全然忘记了技法。
真珠,4,其四,她一次次分析和审察着心中涌现的「冲动」—— 那在「创作」瞬间统摄全局、挥毫抒发的感触，似乎交织着愤怒、怜悯、悲伤，却始于最坚定的「存护」意志。 她曾在摹仿中耗尽成千上万个系统时，只为逼近那与「真作」的一线偏差。 「也许…它就藏在随心落笔的那个瞬间。」 灵感打破瓶颈，也让她有了更多尝试的可能。 将二相乐园封入琥珀仅是缓兵之计，她需要主动出击，赢下保卫乐园的胜利。 一笔顺其自然的勾勒。 深知公司对兽蜕的垂涎，她揭开生研院埋藏已久的伏笔。 一道危险又迷人的色彩。 朽叶…那个来历神秘的女士，她愿意跨越自己的规则，冒险一试。 刮刀涂抹大胆而又出格的笔触。 不出于任何上级的意志，她决意要将重蹈贪饕之灾的可能扼杀在摇篮之中—— 这可能吗？ 在擘画蓝图的许多个日夜，她浸泡在液冷装置中，才能稍稍平息思考回路的过载。 她思索着计划的每一个细节，失败的每一种结局，无穷无尽的可能淹没了她，也带来恐惧和退缩。 这值得吗？ 她漫步在避难所，望着一个个向她跑来的孩子，向她道谢的居民。 「真珠女士，你看我给你画的画！」 她笑了。 稚嫩的画面上，孩子们把她画成了巨大的机铠，张开双臂挡在了毁灭城市的大怪兽之前。 星体差分机赋予她的原初之问，依然时刻在她的底层逻辑上回响—— 何为「艺术」？ 直到现在，她仍然不知道答案。 但在这一刻，她想，那还重要么？ 一粒沙砾被反复包裹，直到蜕变成珠。 「我的『艺术』，便是只有我、需要我——方可『创作』之物。」 在启程之前，智械少女回望「哈托彼亚」色彩斑斓的画卷。 ——那里有无数个尚未成形的未来，正等她落下第一道笔触。
真理医生,1,其一,关于那位自称「真理医生」的维里塔斯•拉帝奥，其人如他的研究一般充满争议。在拉帝奥的故乡，至少有八部讲述他传奇事迹的纪录片，十几部关于他的回忆录，可评论众多，却没有足够有说服力的观点。为填补空缺，笔者亲自前往，拜访了对拉帝奥的成长有重要影响的荣德教授。荣德教授年事已高，已无法正常言语，却在笔者提起拉帝奥姓名时难掩激动之情。在其家人和学生的协助下，笔者拿到一封泛黄却保存完好的推荐信。 「尊敬的第一真理大学录取委员会： 我是银河自由大学的数学系荣休教授荣德。素闻贵校爱才重教之名，我想推荐一位名为拉帝奥的学生来贵校攻读学位。虽然拉帝奥目前只是一位中学生，但其在数学、物理、乃至哲学上的思想已远超一般大学的本科要求。 教学期间，拉帝奥以远超预期的速度解开了复杂的数学方程。与此同时，我班上的本科生甚至无法理解那些概念。出于好奇，我私下与他分享了一份关于荣德猜想的手稿。虽然我是这一猜想的提出者，但我始终无法将其证明。在经过日日夜夜的讨论后，他提出了一个美妙且惊人的巧思，一举完成了最后的论证。该论文近期即将刊发，届时您就能明白我所言并非虚假。 在这段时间的相处中，拉帝奥展现出了非凡的感知力、好奇心与创造力。他每日早早地起来锻炼，随后便一头扎进知识的海洋。他也许是最符合普世观念中天才形象的人，激情、深刻、热烈和…天生的强势。 限于当地学校无法开展更高水平的科学课程，我衷心希望贵校能够接纳拉帝奥就读。我以我的名誉保证，他一定会取得超越这个时代的成就，为贵校享誉银河的学术声誉再添荣光。 致以最好的祝愿，荣德哲人历██年██月██日」 ——摘自《智慧之为特权：解密真理医生》第九页
真理医生,2,其二,在取得第八个博士学位后，拉帝奥获得了第一真理大学空缺两个琥珀纪的一等荣誉学位——即使在多年以后，这依然是校史上前无古人、想必也后无来者的成就。此时拉帝奥早已成为社会风云人物，但他身边的师友却有着多种看法。笔者得到了一份珍贵的电子资料： 「校园热点：1、#一等荣誉学位授予维里塔斯•拉帝奥#阅读（2500）评论（145）详情：本校空缺两个琥珀纪的一等荣誉学位即将授予维里塔斯•拉帝奥，以表彰其在生物学、医学、自然神学、哲学、数学、物理学、工程学等领域的杰出贡献。因其在星球能源课题上的卓越表现，维里塔斯•拉帝奥将直接获得任教资格。 维立塔-数学系教授：恭喜拉帝奥！他的勤奋与智慧配得上一切荣誉！还记得他为了能够更专注地思考，选择戴上头套，隔绝外界的一切干扰。这世上又有多少人能做到呢？我虽然教过拉帝奥一段时间，但实际上我从拉帝奥身上学到的，恐怕比我教给他的更多。拉帝奥以其诚实和直率为第一真理大学带来了全新的空气，我们应当感谢他！赞成（1000+）反对（2）哲学系小混子：这还不进天才俱乐部？赞成（850）反对（5）物理是优美的：据说某个议员的儿子来上拉帝奥的助教课，把钱扔在拉帝奥的身上让他帮他蒙混过关，结果被拉帝奥大骂一顿后扔出了教室，你没听错，是「扔」…真是神一般的男人……赞成（550）反对（112）买基金的韭菜：上过他的助教课，完全听不懂，坚持到最后，勉强拿了个0分，幸好不是负的……赞成（448）反对（37）在天国旅游的人：被他骂哭过的人都给我点赞！赞成（330）反对（110）猫听完都死了：听说他洗浴时也不摘头套？赞成（220）反对（10）跟着哥走：也还好吧？要是我努力一下我也行……赞成（1）反对（1000）……你可能还喜欢：2、#维里塔斯•拉帝奥获得第八个博士学位#3、#维里塔斯•拉帝奥登上大学课本#4、#维里塔斯•拉帝奥是疯子吗？#」 据统计，拉帝奥任教共开设五十二门课程，教学风格以严厉、繁难著称，结课率不超过3%，而那些坚持到最后的学生几乎都成了某个领域的专家学者。……——摘自《智慧之为特权：解密真理医生》第八十二页
真理医生,3,其三,外界普遍猜测，拉帝奥渴望加入天才俱乐部，尽管他本人对此毫无回应。然而无论拉帝奥做出何种在普世看来可堪惊人的成就，博识尊从未有所反应，久而久之，此事便成为一桩学术圈津津乐道的悬案。笔者与拉帝奥曾经的学术助理玛格丽特取得了联系，得到了一些宝贵的证言。 「拉帝奥先生从未和我提起过天才俱乐部，但有一件事，我到现在还记得…那是我为拉帝奥先生担任学术助理的时候。我的主要工作就是收发来自银河各地的信件，并处理他与外界接触的相关事宜。」 「那一天，我收到了星际和平公司的信件。时间大概是…拉帝奥先生研究多年的对星武器试射成功的时候。我能看出来，公司的邀请很郑重，我激动地把它交给拉帝奥先生，可先生他…他却什么都没说。即便隔着头雕，我都能感到深深的沉默。他很有礼貌地请我离开，在关上房门的瞬间，我听到了沉重的叹息和自嘲的笑声…我猜，也许是他判断自己再也进不了天才俱乐部了吧……」 「那之后的故事，你都知道了。但在我看来，先生就是真正的天才，他的创造让许多世界得以进步向前。难道当一名医治宇宙的学者，就注定没有孤芳自赏的天才价值高吗…抱歉，我有些激动了，这句话就请删掉吧。」 笔者观察到，在真理医生的支持者当中，像玛格丽特这样抱有惋惜之情的人不在少数。在他们看来，俱乐部没有吸纳拉帝奥这样的人，亦是一种「天才」怪异与偏执的表现。 ——摘自《智慧之为特权：解密真理医生》第一百五十页
真理医生,4,其四,许多人认为拉帝奥加入博识学会后，会一改从前的锋芒，以适应学会讲求实际、平和朴实的学术环境。但笔者不得不说，拉帝奥还是那个拉帝奥。以下是笔者节录的内部记录原文： 「答辩人：维里塔斯•拉帝奥题目：逻辑知识论委员会主席：罗塞思记录人：莫里微答辩实录：罗塞思：『拉帝奥先生，您的论文十分精彩，感谢您的讲解。现在，有请听众提问。』现场一片沉寂。罗塞思：『那…拉帝奥先生，我先来吧。』罗塞思：『我非常赞成你的主要观点，但对其中一个细节，我依然有些不解。』维里塔斯•拉帝奥：『每次别人赞同我的时候，我都觉得自己一定错了。』罗塞思：『我的问题是，为何您会认为知识是一种特权？』维里塔斯•拉帝奥：『尊敬的罗塞思教授，您问出这样的问题，就代表您根本没有读懂我的论文，也并不理解我运用的推导方法。』维里塔斯•拉帝奥：『但若要简单回答，您倒是提供了一个现成的例子。您无法理解我的观点，正恰恰说明知识并非人人都能享有。』维里塔斯•拉帝奥：『倘若愚钝是一种顽疾，学者的职责便是将其根除，医治宇宙。』维里塔斯•拉帝奥走向讲台，面向众人：『所以诸位，对他人的愚蠢视而不见，并非礼仪，而是一种缺德的世故。若要传播知识，必先让人理解自身的愚蠢。当然，学会的学者对自己也应当一视同仁。』罗塞思耸肩苦笑。……维里塔斯•拉帝奥在一片哗然中退场。答辩评语：激情的手握住冰冷的剑，这或许是对维里塔斯•拉帝奥先生最形象的评语。维里塔斯•拉帝奥将逻辑、狂热与批评艺术结合在一起，向我们展现了一个卓越的思想家面对无知的思考与行动。我们坚信，拉帝奥先生的加入会为博识学会带来莫大的益处。答辩委员会意见：一致通过。」 博识学会内部素有「庸众院」的传闻，据称这一神秘组织汇集了学会的最强大脑。而拉帝奥以「庸人」自居，仿佛无形中印证了这一流言。联想到他和天才俱乐部的纠葛，这个名字总令人浮想联翩。庸人作为天才的反义词，往往要付出巨大的努力和代价才能追及后者的辙迹。拉帝奥自称庸人，到底是一种退缩，还是一种嘲讽，抑或是一种宣战？但无论如何，他以知识治疗思想之病的执着，无愧于「真理医生」之名。…… ——摘自《智慧之为特权：解密真理医生》第二百三十页
知更鸟,1,其一,"「她将自己的生活形容为一首歌，而那首歌的开始阴沉而苦涩。
在她尚在襁褓之中时，星核落入她的故乡。
『哀哭，叹息，祈求——那就是我记忆中最初的声音。我们以哀歌祈祷拯救，却始终未能等来神的垂目……』
这位始终保持微笑的歌者罕见地陷入了沉默。
『所以，那算是你的音乐启蒙吗？』
『那时候我太小，大部分的歌我都不记得了。但我依然记得，当星核开始吞噬梦境的时候，母亲将我和兄长抱在怀中，企图用歌声安抚我们的恐惧……』
『你还记得母亲唱的是什么吗？』
看着她露出痛苦的神色，我本想将这个问题跳过，但片刻之后她依然做出了回答。
『我听不见…耳边都是恐怖的巨响，我只能看见母亲翕动着嘴唇，她抱紧我们，胸口起伏着，兄长在一旁紧紧抓住我的手。冰冷的星星在母亲的身后急速下落，然后…她消融在忆域的漩涡之中，我们就像折翅的鸟儿一般坠落……
如果鸟儿注定要坠落的话，为何它们还要飞向天空？』
我没有回答，也无法回答。这并不是一个向我提出的问题，而答案，只在她的心中。」
——摘自《鸟儿与天空：知更鸟独家专访》"
知更鸟,2,其二,"「所幸这样沉闷的气氛没有持续多久，在我们分享了两杯莓果冰淇淋之后，她又变回了那个活泼的少女。
在星核灾难之后，家族对幸存者伸出了援手。她与兄长受到庇护，并接受了良好的教育，也正是此时，她逐渐开始展现过人的音乐天赋。
『还是小时候的味道，那时为了保护嗓子，我只能在哥哥的掩护下偷偷吃冰淇淋。』
她满足地放下杯子。
『当爱好变成事业的时候，它就不那么容易了。我不仅要学习如何科学地歌唱，还要学习乐器、作曲、作词、礼仪…有好几次我都想放弃了，但在周围人的鼓励与帮助下，我还是坚持了下来。』
她谈起了自己创作的第一首歌。在专辑的封面上，这首歌特别标注了『献给所有失去希望的人们』，而这首歌的灵感正是来自于银河中的美梦之星『匹诺康尼』。
『虚空中的美梦，不可能发生的事，在奇妙的忆域中梦想成真…那时我曾单纯地希望，像我一样漂泊无依的人们可以在其中寻到自己的栖身之所，但……』
她叹息一声，望向窗外，淅淅沥沥的雨水将街道涂成灰色，穿着鲜艳雨衣的孩子们在雨中打闹。她转过头，颇为郑重地说道——
『但无论世界如何变化，我的心愿不会改变。』」
——摘自《鸟儿与天空：知更鸟独家专访》"
知更鸟,3,其三,"「在连续发布三张专辑之后，她的音乐生涯逐渐走向顶峰。《使一颗心免于哀伤》、《在最美丽的一天》等等歌曲刷新了银河各大音乐排行榜，成为脍炙人口的热门单曲。令人不解的是，她却选择在此时退出了大众的视野之中。
谈起那段时期，她向我们展示了自己拍下的种种照片。在战争的废墟中，她帮助流离失所的人们重建家园；她为无法接受教育的孩子建立学校；她去往无人知晓的世界追寻即将绝迹的歌声……
她关上手机，叹了一口气，讲起了做出这样决定的原因。
『那时，我越来越不知道自己为了什么而歌唱。』
『面对真实的灾难，歌声一无用处。歌唱是为了讨好上位者，还是为了粉饰苦难，给予人虚假的希望？』
在那段旅途的最后一站，她回到了天环族故地的坠毁之处。原本惨烈的废墟已被青草覆盖，在微风与花香中，她枕靠在崎岖的岩石之上，看着天光透过云层照亮大地。
『我一再地想起母亲的歌声，我曾以为那是徒劳无益的声音，因为我根本不记得那是怎样的声音，也改变不了覆灭的结局。但直到现在我才明白，歌曲传递的并非只有声音本身…我还记得母亲的心跳，身旁兄长的颤抖，我们三人彼此依靠的温暖…即使在无可改变的结局面前，依然能够毫不颤抖地唱出自己的声音，就一定能传达到……』
窗外的雨渐渐停了，她沉醉于那时的回忆。不幸的是，一阵电话铃声打破了迷人的寂静，我们的采访也就此中止。
因为工作变动，知更鸟小姐需要马上动身前往匹诺康尼。亲爱的读者朋友，我们也将在梦的国度再会。」
——摘自《鸟儿与天空：知更鸟独家专访》"
知更鸟,4,其四,"「时隔一年之后，我们收到邀请，来到匹诺康尼再度接续上次的采访。
与上次见面相比，她更显疲惫，连声音都沙哑了许多。这次她穿着庄重的家族礼服，举止拘谨小心，但见到我们后仍如以前那般平易近人。此次，我们也见到了她的兄长，一位风度翩翩的领导者。
『这就是银河中唯一的美梦世界，也是家族的驻地。家族将荒芜的梦境改造为人间天堂……』
她的兄长向我们一一介绍匹诺康尼的历史，她帮我们消除入梦的不适，热情地请我们品尝梦境中的美食。
我们游览了梦中的种种奇景，只可惜在这样喧闹的环境下，无法开展深度采访。
最后，我们来到了宏伟的歌剧院。在即将到来的谐乐大典上，她将在这座华美的舞台歌唱，向全宇宙传播同谐的乐声。
就在我以为此次专访即将结束时，她看着辉煌的歌剧院，突然提起采访开始时的问题。
『主编，你还记得我当初问你的问题吗，鸟儿为何要飞向天空？回到匹诺康尼后，我想了很久很久。』
她看向梦境的天空，深沉的夜色下满是人造的光芒。
『也许鸟儿注定要如此，因为那是它的愿望、归宿，以及不可剥夺的权利……』
她微笑着看向某个地方，向我们发出邀请。
『未来，在这里将会有一场盛大的演出。我会在这里表演到目前为止最满意的一首歌，多么希望人们能在歌声中拉起彼此的双手啊——即使是梦中的世界，终究也会有光洒落其间。』
我不知道她看向的是什么地方，但那绝不是歌剧院的舞台。所以，她说的演出又会是什么呢？
唯一确定的是，即便在如此纸醉金迷的地方，她依然没有放弃以强援弱的信念。这样的信念贯穿她人生的始终，从苦涩的前奏开始，进展到优美的主歌，而在暗流涌动的间奏过后，迎来或许是最为华美的绽放和落幕。」
——摘自《鸟儿与天空：知更鸟独家专访》"
知更鸟•晴歌,1,一,"她听到美梦破碎的声音。
十个系统时前，谐乐大典被迫取消。
三个系统时前，「铎音」的告解室挤满了迷茫的民众。
一个系统时前，家族对橡木家系发出严厉谴责，预计不日将来问责，追捕逃犯。
「礼赞神主，永续和音……」
宏伟壮丽的谐乐在议事厅中回响。
可她分明看到，五大家系前一刻还在喊着团结一心的口号，后一刻已在筹划着如何分割权力，攫夺利益。
「知更鸟小姐，感谢你的歌声，但铎音他真的…背弃了同谐的道路么…」
曾向星期日祷告的逐梦客找到她，面容痛苦。
她很想像兄长一样安慰无助的迷途者，可再美妙的歌声，此刻都显得苍白无力。
「知更鸟姐姐，是同谐让流梦礁变成了这个样子吗？」
「知更鸟姐姐，他们不是一直将每个人都当成家人吗？」
合唱团的孩子们围在她身旁嬉笑，那些天真无邪的问题却让她不知所措。
望着那些亮晶晶的眼睛，她只能将他们拥入怀中，不发一言。
「还是第一次见你这样……」
在惊梦酒吧，她接过舒翁的安神调饮，任由苦涩微酸的滋味在口腔中蔓延。
「从前，我知道自己是为了同谐而歌唱，但现在，我甚至不知道自己还能走多久……」
舒翁轻轻拍了拍她的肩，「这不是你的责任。」
她摇了摇头，「可我自己都无法说服自己，我该怎么说服他人？」
「你知道吗，从前，你哥哥偶尔也会来这里喝上一杯。」
「我哥哥？」
「他总是坐在阴影里，和你现在一样苦恼。但有一天，他在酒吧的留言簿上写下了一句话，再也没有回来过——」
她望向那熟悉的字迹，仿佛走到了相似的分岔路口。
「是人走出了路，而非路等待着人。」"
知更鸟•晴歌,2,其二,"她听到理想不堪重负的喘息。
当真正走向台前，她才明白身不由己才是常态。
「去吧，孩子，站上这个舞台，为了三重面相的灵魂，为了家族，为了所有人。」
宏伟的声音不容得她拒绝，在一场又一场的宣传中，她用越发疲惫的歌声为听众编织了一场又一场「同谐」的美梦。
可望着人们脸上同样的狂热，她竟感到了一丝寒意。
「知更鸟，你是否仍忠于家族的同谐之道？」
她已记不清这是第几次，主家的使者对橡木家系的成员进行问讯了。
「我始终忠于同谐之道。」
「试问：你是否将遵循家族理念，以歌声团结众人，使万众一心？」
「我……」
她的喉咙干涩，说不出话来。
她常常梦到自己被推上一个至高的舞台。
众多淡漠无情的使者牵引着她的身躯，她张嘴，却发出别人的声音，她抬起手，却并非出于自己的意愿。
她的手中也牵着无数台下的木偶，木偶们跟随她的舞步一起旋转跃动。
她想挣扎，她想逃走，惊醒之后，却发现自己仍在原地。
在那些无法入睡的夜晚，她决定不再辗转反侧，而是走向了匹诺康尼的浓浓夜色。
在夜色中漫游，她想忘记这一切，于是便将自己投入到能改变的那些事中去。
她再度回到流梦礁，以慈善义演的募捐，为困苦的居民提供援助，继续资助孩子们的成长与教育。
她访遍梦境的每一个时刻，用歌声抚慰梦境角落中的劳苦工人，为他们开办免费的音乐课程。
她聆听每一个忏悔者的祷告和愿望，但她从不断言答案，只是分享自己的灵感……
「不论是以强援弱，还是以强制弱，我在乎的，始终是那一个个具体的弱者，和他们的尊严……」"
知更鸟•晴歌,3,其三,"她听到蓬勃生长的新声。
在流梦礁，孩子们组建了新的乐团。在她持续不断的援助下，越来越多的孤儿通过入梦装置抵达这里，学习歌唱。
「知更鸟姐姐，让我们唱给你听！」
炫酷的电吉他响起，贝斯手蹦蹦跳跳，女孩大声唱道：
「在钻石般璀璨的星空下起舞，让我们忘记今天，直到明日……」
她忍不住和他们一起舞动，一时有些恍惚——
「从前，我也有一个唱摇滚的梦呢……」
在「黄金的时刻」，她以「逐梦」为主题的专辑再度吸引了众多的冒险家来此打拼。
「这不是匹诺康尼代言人，知更鸟大明星吗？」
被认了出来，她有些羞赧地脱下墨镜，周围瞬间围上了一圈人。
「受到你的鼓励，我在匹诺康尼赚到了人生中的第一桶金，想请这里的所有人，包括知更鸟小姐，共饮一杯！」
伴着惊梦酒吧的即兴爵士，欢悦的情绪在灯光中跳跃，让每个人染上了金色的微笑。
走入「黎明的时刻」，早霞工厂的一群年轻人向她挥手致意。
自她呼吁改革不合理的工作时间后，职员们的精神力终于有了空闲。在她定期举办的音乐会上，她结识了一群有志于追梦的人们。
「知更鸟小姐，看我们最近捣鼓的新玩意，电子时代的新浪潮音乐！」
灵巧的手指在键盘上跳动，特雷门琴的波动汇成悠扬的旋律——
「这就是梦想之地，是属于所有人的梦想之地……」
……
无数不同的声音汇聚在一起，有些沙哑，有些稚嫩，却共同织就了美梦的交响乐。
无需指挥，无需整齐划一，她恍然发现，只要一缕自由的歌声，人们自会随之挥洒自己的灵感。
「那…属于我的音符又该是怎样的？」"
知更鸟•晴歌,4,其四,"千星城的天空比她想象的更辽阔。
漫步在海岸椰林，鸥鸟掠过海浪，她欣喜地看着它们飞向远方，当它们化为天际的黑点，她恍然记起自己仍困在现实的一隅。
与「开拓」的奇妙重逢，却打开了积压灵感的匣子。
本是为寻找歌斐木的遗音，她却卷入了一场神秘的金钱挑战。
看着{NICKNAME}从浪尖急速下跌至债务垂危的谷底，短短几天，她似乎历经了一辈子的意外。
当同伴掉入陷阱，她做出了令所有人意外的决定，将自己置身于风暴的中心——
是开拓带来的推力么？
是赌徒戏浪的感染么？
她不知道为什么，就像灵感来临的那个刹那，无需思索，旋律自会从心中流淌而出。
「我需要的，只是去即兴演奏的一点点勇气，它会串联起所有的音符……」
在异乡的晴空，所有积压已久的心声仿佛找到了宣泄口。
她想起美梦破碎的声音，悲伤和别离是蓝色的泡沫，啜饮一口便会令人心碎。
她想起理想不堪重负的喘息，沉重的鼓点和心脏一起跳动，拖着疲惫的身躯，求索的人儿仰望天空，却被困在大地。
她想起蓬勃生长的新声，千千万万种歌喉，它们不经修饰，却能感人肺腑，众志成城。
「人走出了路，但我们走过的每一步，也在塑造着我们。」
当掌声响起的那一刻，她已不再恐惧，也不再追问。
无论是家族的谐乐，抑或自由的蓝调，都是她人生中的一道风景。
不必急于停留，她心中已有答案——
唯有追赶风的方向。然后，继续飞翔。"
砂金,1,其一,"「关于那位新员工，我有一些情况要向您报告。」
「什么事让你这么担心，埃尔文？」
「关于他的投诉，不管是正式的还是非正式的，像纸片一样塞满了我的邮箱，我想…您或许可以重新考虑是否接纳他为战略投资部的一员。」
「他们都写了什么？」
「主要是他的身份，那双眼睛……」
「他曾欺骗市场开拓部，茨冈尼亚贫瘠的黄土藏着尚未被有效开发利用的能源。在他们投入巨额资金进行开采后，才发现根本是无稽之谈。」
「还有骇人听闻的『艾吉哈佐砂金案』，他哄骗博识学会相信那里埋藏着虫皇『塔伊兹育罗斯』的尸体——那帮学者谨慎又谨慎，却还是落入了对方的圈套。」
「还有茨冈尼亚酋长国议员来信，谴责他的部落曾破坏决议，祸乱人心，致使氏族间和平局势发生重大变化，茨冈尼亚与公司间协议条款的签订屡次延期。此人如今入职公司，其影响极为恶劣……」
「如果只是这些的话，就不必说了。」
「…您都知道？」
「每一种宝石都有独特的价值，而我们的工作就是『投资』。」
「也不用安抚那些来信的老顽固，这些风言风语迟早会传到——不，应该已经传到他耳边了。正好，就看看他到底能给我们带来多大的惊喜吧。」"
砂金,2,其二,"「小子，你真行啊…用神乎其神的手段搬光了我的产业。但我绝不会投降，大不了，我就把这里全炸咯…你能怎么办？」
伊伊玛尼喀的「疯牛」示意手下松手，他从桌子上抬起头来，拍了拍衣领上的灰尘。
「你们，高高在上的公司狗，根本看不起流浪者，对吧？但你现在在我们的地盘，就得按我们的方式。」
「疯牛」清空弹匣，往枪中装入一粒子弹，丢在他脚边。
「六次，最多六次枪响之后，生死由命。你敢不敢？」
他蹲下来，捡起枪。
「用枪指着我的人太多了，甚至有人直接扣下了扳机…但你猜，为什么我还能站在这儿？」
他站起来，逼视着「疯牛」的眼睛，举起枪，抵住自己的心脏。
「因为最后，枪都会来到我手里。」
「而现在，这个游戏令我有些厌烦了…六分之一的概率远远不够，要挑衅命运——」
六声连续的枪响在死寂的星舰中炸开，烟尘过后，他再次举起枪，朝「疯牛」走去，而弹匣里有一颗新的子弹。
「就得先学会把自己变成骰子。」
「——你不肯投降，但凭什么？就凭这拙劣的概率游戏？还是……」
他调转枪口，指向黑暗中的某处。
「她？」
枪口所指的方向，一位同样举着手枪的女士缓缓出现。看到她的一瞬间，「疯牛」仿佛抓到了救命稻草。
「翡翠女士，这和说好的不一样……」
就在同时，两人开枪，在双方各自背后的暗处，两个黑衣人应声倒下。
「公司的敌人还真是无处不在，对吧？」女士从容地收起手枪，拿出化妆镜，检视了一下自己的仪容。
「拿你我的生命作饵，让他们争相啄食，误以为这是一场内讧，却被一网打尽…不错的诡计，只不过太惊险了些。」他微笑着欢迎对方的到来，双手却微微颤抖。
「诡计？不，只是一场测试罢了。」
优雅的女士摊开手掌，一枚闪烁着奇异色泽的「砂金石」躺在她的手心。
「没什么奇怪的，被渴望，被追逐，被切割，被出售…这都是宝石的宿命。」
「但你还是有许多可做的，全凭你怎么看待自己。」"
砂金,3,其三,"他走入走廊最深处的房间，他还记得上一次来这里的时候，自己还是个面目可憎的囚犯。现在，他站在这里，面向立于部门顶点的人们。
他听金发的女性念着冗长无趣的报告，那些冰冷的数字既无法传达他行走在生死边缘的惊险，亦无法告诉他们过程中他失去了多少，又得到了多少。他只好奇她是人类，还是智械？
而那颗象征权力与未来的「砂金石」即将被正式交予他手中——豁出性命拿到手的东西，在得到的一刹那，对他而言就失去了诱惑与价值。
「『砂金』，你还有什么问题吗？」会议的最后，翡翠——在场的人里，他只认识她——开口问道。
「茨冈尼亚的埃维金人…他们后来怎么样了？」
「很遗憾，茨冈尼亚已经没有埃维金人了。你是最后的幸运儿。」
「那在██星球上帮助过我的那些人呢？我想，现在我可以回报他们了。」
「他们也都不在了。」
……
他木然地回到自己的办公室。桌上，那颗砂金石闪动着奇异的光，仿佛在恭喜他，又仿佛在嘲弄他。
「在与命运搏斗的时候，你真的是幸运的那方吗？」"
砂金,4,其四,"「匹诺康尼…『钻石』终于打算对它动手了？」
桌上的微缩模型不断旋转，晶莹剔透的忆泡不断泛出微小的泡沫。
「这是一笔超乎想象的历史坏账，所以背后的利益…高得惊人。」
面前的人背对着他，望着庇尔波因特黄昏时紫红的天空。
「但为什么是我？」
那人依旧背对着他，他无法用自己善于捕捉的眼睛去揣测这个决定背后的真实用意。
「本该是我。但『钻石』认为家族还有合作的价值，希望这事至少有和平解决的余地。」
「思来想去，我觉得你最合适。」
「这甚至只是我们第二次谈话，你这么信任我？」
「错了，我压根没有信过你——也许『翡翠』会，但我不会。」
「没准这一次，好运不会再站在你这边了，而你也将为自己一直以来的幸运付出代价。」
面前的人终于转了过来，远处的大楼反射出欧泊石般七彩的光芒，而一只八音盒兀自作响。
「但那不正是你所渴望的东西吗？」"
砂金•戏浪,1,其一,"编码：AVE-1
时间：██████
内容：
这大概是我做侦探以来接过最有趣的委托：为客户挖出石心十人之一「砂金」的软肋。
为回答这一问题，本记录将采用包括但不限于画面监视、数据窃听、实地探访、残影重现等手段，对其进行分析。
调查的第一站，是「世界尽头」酒馆，据说那里仍流传着卡卡瓦夏的传说。
「诶，你已经是最近第二十个来打探他的人了！」
原本以为要费一番力气，结果一到酒馆，愚者们便都围了过来。
「埃维金人？只有一个！看上去，好吃。然后。我被他卖了。可恶，埃维金人，可恶！！！！」
打着饱嗝的大块头指了指脸上的伤痕，捶着桌子宣泄自己的愤怒。
「那位先生啊，呵呵呵，如果不是他，我应该早就不用在这里当酒保还债了……」
面色幽怨的酒保痛饮一大杯，说起往事，眼睛不禁微红了起来。
「他好像和某个公司来的大人物赌过一局，从那之后，卡卡瓦夏就再也没有出现在酒馆里。我从来没有见过如此精彩的对决，他的运气就像阿哈附体，他的玩法就像不要命！」①
……
愚者的故事听三分就够了。
还原一下现实，一个无家可归的埃维金小毛孩，来到酒馆碰运气，一时之间竟然把这些愚者逗得团团转——
这样的人看着对一切满不在乎，但因为不幸的过往，内心一定藏着某种隐秘的创伤和无法满足的渴望。
若普通赌徒的欢愉来自胜利，那么他又能从博弈中攫取何种欢愉？是精妙算计的成就感？是恶作剧的快乐？
都不是。
那些浮于表面的乐趣，都是他精心设计的伪装。
若非如此，他为何要拒绝欢愉的邀请，当一位假面愚者岂不是更好的选择？
全世界的目光都被他牌桌上的表演吸引时，我相信他的手一定在牌桌下颤抖。
我越来越期待了，砂金，这是一场对局，且看我能否掘出你深藏的真实和面具。
注：
①考虑到那位「酒馆」里的公司大人物和砂金关系不佳，我曾试图与其建立合作关系，并未得到回复。
——记录已同步至客户终端"
砂金•戏浪,2,其二,"编码：AVE-313
时间：██████
内容：
匹诺康尼，盛会之星，梦想之地。对于砂金来说，酒馆的把戏只是预演，在这里，他上演了一出骗过所有人的好戏。
窥探天幕留下的裂缝，我验证了自己的猜想，他是个彻头彻尾的虚无主义者。
公司高管的身份、挥霍不尽的信用点、响彻寰宇的声名……他拥有的足以令任何人艳羡。
但我更在意他失去的——爱他的与他所爱的，皆已湮灭于茨冈尼亚的风沙。
正因如此，他才敢以一无所有的自己作为筹码，填补内心黑洞一般的绝望。
我本想就此推掉这个委托，这样的人连自我都可以放弃，又何来弱点可言？
但幸运的也是不幸的，这场美梦给予了他满足，是否也让他变成了一个心有牵挂的普通人？
在离开匹诺康尼时，他曾和一位逐梦客有过一段对话。
「请留步！您能教教我博弈吗？我也想像您一样，在牌桌上战无不胜。」
「这位朋友，我教会一个陌生人博弈的价值是什么？」
「我…我值得投资！只要给我机会，我一定能翻盘！」
「为什么？」
「我已经一无所有了，所以……」
「所以？」
「我接受可能一无所有的后果，我会…我会投入自己的全部，只有赌赢我才能活得像个人样！」
「没有人要靠赌赢才能活得像个人样，也包括我。」
「您说什么？」
「收手吧，去过正常的生活。珍惜你拥有的一切，至少，你还拥有未来。」
……
看来他还没有疯狂到无可救药，靠运气赢了这么多次，傻子也知道该见好就收。
坐上高位，空洞的石心得以填补，优渥的生活成了习惯…现在他还敢把自己再次赌上牌桌么？
这距离委托人想要的东西很近了，让我们拭目以待，要是有一天幸运女神不再眷顾他，他被人从顶峰推落的时候，会摔得有多惨吧。
——记录已同步至客户终端"
砂金•戏浪,3,其三,"编码：AVE-1052
时间：██████
内容：
嚯，砂金居然也会休假？
不过，他显然没有进入真正的休假状态，看似在享受千星城的阳光和沙滩，却和众多人物进行了私下接触。
设备遭到屏蔽，录音并不完整，但还是揭露了许多细节。
在匹诺康尼一行结束后，一位大人物向砂金传达了某个密令，似乎在让他执行一个极为危险的任务。
按理说，他该派自己的手下去试试水，可他自己一脚踏入了千星城，哼，典型的砂金作风。
按照我的推理，这个任务指向了他的同僚。
█月█日，他秘会了一位纯美骑士。后者的飞船接到委托，最终停泊于马格斯星，那里是欧泊曾投资的世界，诡异的是，四分之一个琥珀纪过后，马格斯星已经化作了一片废墟。
█月█日，他向星际和平银行调取了某个分公司与天衣五的巨额军火交易记录，经股权穿透，背后实控人疑似为石心十人「龙晶」。
█月█日，一个从博识学会打来的电话，似乎在讨论某个关于「引力波」的问题，他的语气罕见地带了一丝兴奋。①
█月█日，他漫步于千星城，主动接近了炙手可热的大网红大禽，双方达成了某个挑战。
█月█日，买买买。
█月█日，买买买。
█月█日，买买买。
█月█日，砂金的账户竟然清零了！不对，他背上了两百亿的债务！
我算的没错，有人已经开始动手了。
但他的破绽从不是不舍优渥的生活，恰恰相反，是他舍不得与风浪搏斗的乐趣。
常在河边走，哪有不湿脚？公司的水这么深，总有一天他会死在莫测的暗流里，就像从来没存在过一样。
两百亿的债务，即便是钻石也不可能将它一笔勾销。不出所料，又是一出牺牲品的剧情么？看来，他已经不攻自破了。
注：
①语音模糊不清，多次回放后，似乎能听到「毁灭」等字眼。
——记录已同步至客户终端"
砂金•戏浪,4,其四,"「别动，看到你咯。
作为回报，就和你分享一个我最爱的博弈技巧吧：让猎物以为自己是猎人，才能钓出后面的大鱼。
请转告你的客户，不知对这场游戏还满意吗？至少，我玩得很开心。
最后，给你几个建议吧。
明目张胆的实地采访不是个好习惯，虽然我早就拒绝了酒馆，这并不意味着没有一两个老朋友替我张望——不开玩笑，他们都告诉你了，毕竟这些愚者到现在还欠着我一笔巨款。
你在匹诺康尼的表现尚可，知道镜头前的是表演，要往幕后去寻找踪迹。可你走得太匆忙，甚至都不想调查一下那位逐梦客的后续，或许你觉得那样的人已经烂透了？
我向来不会以一个人的现状评判本质，他凭野心打动了我，如今，他是战略投资部P35的员工了。
你在千星城倒是彻底展现了自己的技术力，窃听，易容，人脉…虽然你的分析肤浅无聊，但好歹搜集到了准确的信息。
可惜，你看到的东西，都是我想让你看到的。
想必你的那位客户，正急匆匆地伪造交易记录，抑或准备泼脏水到别人身上？
你想挖出我的软肋，那可太多了。
告诉你吧，我最讨厌淋雨，要是你能降下一场大暴雨，我说不定乖乖束手就擒了。
我没上过学，所以字写得很烂，为了那个漂亮的签名我可是练了很久。
对了，我尤其不喜欢被人看到不修边幅的一面，所以，如果有刺杀行动，可以试试清晨的浴室。
我没有那么多复杂的伪装，我只知道，哪怕失去了一切，我还有无数可能。
说了这么多小秘密，你是不是在发抖，以为下一秒我要干掉你了？
别怕，像你这样的人我遇见过很多。我不在乎你身后的人是谁，也不在乎你们编织的阴谋，但我欣赏你的勇气。
如果你愿意为我工作，告诉那个正在敲你门的人，他会带你来找我。
砂金」"
符玄,1,其一,"多年以后，符玄总会想起自己获准踏入「图书馆」提问的那一日。
「你在想什么？」戴着墨镜的盲眼老者手拄拐杖，侧首静待她的回话。
「所有那些可以选择的时刻…是否早已注定？还是说，如果在那一瞬间，我若能算得更准一些，哪怕再精确万分之一，我就能做出正确的选择，让他们不必离开？」少女半闭双眸，似问似答。
「每时每刻的我们，都站在自己足迹布下的迷阵中心。」盲眼老人轻轻顿了顿手杖。「我给不了答案。我只能给予问题…和看见问题的眼界。而你一路走来，向我所求的想必也不是答案。」
「那就给我『眼睛』吧。无论命运是否从一开始就被注定了，身为卜者，我都想看得更清楚一些。」
「如你所愿。但仙舟人的肉身长存，接受我给予的『眼睛』，就意味着接受永恒的痛苦。比起求知工具，它会更像是…『刑具』。」
「这岂不是正合遍智天君的信条——知识要用苦痛来换取。我不想在未来的选择上犯下同样的错误。」
……
在受赐「眼睛」的昏昧中，她看见了许多往事。
她看见幼时的自己正襟危坐，手不释卷。她看见父亲怜爱地点着她的眉心，自豪地称赞她聪慧灵秀。她看见长辈向她展示符氏一族作为玉阙仙舟观星士世家的荣耀历史。她看见卜者们运筹如仪，为她占得辉煌的未来——她将登上「太卜」的宝座。
「这就是我的未来？」
「一饮一啄，莫非前定。这就是你的宿命。卜测结果已上呈太卜竟天大人，他答应亲自为你督教课业。这可是天大的福分啊。」
所有过去交叠在概率的烟雾中，似梦似真，在意识的边缘变化来去，延伸成数不尽的未来。她尽力分辨，在浩瀚的瞬间里寻找她正式成为卜者的那一日。"
符玄,2,其二,"那一日，玉阙仙舟的瞰云镜下，符玄拜见业师。但她无法置信眼前之人就是族中长辈奉若神人的太卜：男人穿着半旧的飞行士短打，行止无仪地箕坐在地，专注望向投影阵列里不断变化交织的光点。
「末学符玄，向太卜大人问安。」犹豫半天，少女开口。
男人目不稍动，只是竖起一指，示意她看向图示。符玄留意到他的手不知为何被换成了木制机巧。「玉阙的鸣珂卫正在塔拉萨布防，策应曜青舰队围剿孽物。你应该有所耳闻吧？不过，命中注定他们赢不了这一战。」
「哦？曜青舰队武德昭昭，罕逢敌手。按战报所示，我军人数和战舰倍于步离人的猎群。怎么会有攻而不克的道理？」
「问得好。看来你不是一个轻易认命的学徒。」男人起身拍了拍沾灰的衣摆。「卜者知命而不认命，尝试在不同的可能中寻求最优的选择，这很好。不过有时候，无论你怎么选，命运都只有摆在面前的一条道路。当推占完毕时，面前只剩下凶与大凶两个不同结果时，你会怎么选？」
「…两害相权，自然是取其轻者。这是卜筮学的第一课。」
「但若以人类的眼界，无法权衡轻重呢？」男人转过身来。
「这次推占，是由新布成的阵法『十方光映法界』演算所得。结果有二：借调曜青仙舟的鹤羽卫，或是改调方壶仙舟的玄珠卫，二者可择其一。取鹤羽卫，固然能仗其兵势，强攻一时，但此后再无告捷之机。取玄珠卫，则必须忍受方壶所处之地间关迢迢，要将战期拖延六个月之久，忍受敌人多次反扑，损兵折卒自不必提。但能坚持守势直至援军到来，便有胜利的可能。」
「想来他们选了前者。」
「是啊。卜算结果只能参赞谋略，却不能代替将军下决定。他选了眼前损害最小的方案。但我也没算错，这场失败是命中注定的结果。」
「按兵书倍则战之的原则，调用曜青的军力也未必是下下之选。何况，世无定事，太卜怎么就能如此肯定，说的好像一切必然会发生？」
「世无定事？」男人重重叹了口气。「我原本也这么想…最初得出占卜结果时，以为是计算出了差错，但重演之后，结果并无变化。于是我决心亲自上场求证。
「这几周以来，我深入塔拉萨，与孽物作战，取得当地的水居者文明的信任。得到了一条惊人的消息：受其月亮扰动，一个月后，被塔拉萨人称为『恶魔潮』的大潮汛即将降临。
「若无方壶持明的云吟师相助，无人能在那般恶劣的环境下与怪物持续战斗。这条情报不见载于任何博物志，也不载于我军的智库。而为了多此一举地证实它，我付出了这只手作为代价。」
男人苦笑着高举木手晃了晃。「有时候，命运的道路自始至终只有一条。一切都是命中注定的。」
「对了，不必叫我太卜。从今天起，你应当称我为『师傅』。」"
符玄,3,其三,"在玉阙太卜司中，她度过了自己一生中最快乐的求学岁月。关于宿命与自由意志，关于阵法演算与人择权衡…在一切与卜筮之道相关的问题上，少女记得自己与师傅总是争辩不休。这并非唇枪舌剑的相争，而是亦师亦友的较劲。尽管在大部分的问题上，少女与师傅最终达成了一致的看法，但两人却有一处无论如何绕不开去的死结——
自向博识尊处求取演算经籍以来，玉阙仙舟太卜司倾数百年全力加以解读实现，营建了联盟中夸称第一的占卜阵法。玉阙的卜者们皆以此为傲。但在符玄看来，这不过是将仙舟人的未来锁死在了阵法划定的道路上。
当人们相信阵法所示必然成真，选择便成了徒有其名的摆设。冥冥之中，卜者成了阵法的囚徒，吉时出行、凶时居停、每日所宜所忌、做什么不做什么，一应遵照占卜所示。
「难不成阵法告诉我明日死期将至，我就得自行了断不成？如此一来，卜与不卜，到底有什么分别？」
「分别在于，我们知道自己行走在昭昭天命之上。这便是开启太卜司制度的玄曜祖师所追求的至上道路。
「在阵法协助下，卜者们只需要虔信相信，顺应启示，做出一个又一个抉择——即便它们匪夷所思、无比艰难。这一切终将让仙舟抵达它孜孜以求的伟业——铲除寿瘟祸祖，令世间无复寿瘟之苦。」男人的神色如同蒙受开示的觉悟者，坦然平静。他看向符玄，「就像我在得知你的命数后，将你收为弟子。」
不是为了我的天资？也不是为了家族人脉？只是为了实现某个预言？这…这太荒谬了！恼怒涌上符玄心头，令她一时间讷讷无言。
「你知道吗，在问卜『十方光映法界』，解读卦象后，我确信我的命运将断绝在你的手中。但我依然将你收为弟子，等候你取代我，成为玉阙仙舟的太卜。因为，这一切都是命中注定。」
命中注定？他的命运，将会断绝在我手里？
说得眼下仙舟好像仍在三劫时代，说得好像她是个渴望登上太卜之位，打算不择手段弑师的逆徒。这个混蛋师傅！
「而我…我绝不会让它成真！」
少女尊敬师傅身为卜者的一切：心智、技艺乃至为人。唯独无法接受他身为窥探命运的卜者，却自甘堕入宿命论的渊薮，并将此视为理所当然。
于是不顾家族的劝阻，不顾一切阻挠，符玄以近乎自我放逐的方式逃离了玉阙仙舟。她投身风气更自由的罗浮太卜司，寄情于卜算。她不但要远离玉阙仙舟，更要身体力行地证明这份预言不过是某人的荒谬妄想。"
符玄,4,其四,"如是百年悄然逝去，战事再起，卜官符玄领命演算不休。丰饶民大军三度成形，突袭方壶仙舟。玉阙、罗浮同方壶仙舟相去不远，驰援责无旁贷。卜算结果显示，若倾全力迎击，任何参战的仙舟军队都将迎来惨烈的败局——但坚持守势，将会有转圜的余地。
但卦象并未显示转圜之机在何处。符玄反复推演，再三占算，穷观阵输出的结果依旧毫无变化。
「没有人会选择失败。」卜者能做到的，都在这里了。符玄将利害剖陈纸上，把卜算结果上呈神策府。毫无意外，帝弓天将合议的结果，侵逼方壶的丰饶联军兵力庞大，绝不能单纯采取守势。罗浮与玉阙云骑军必须迎战，为曜青部队争取赶来的时机。
那一日符玄隔着投影沙盘，见证了联盟援军的溃败。步离人不仅带来了遮天蔽日的舰队与器兽，更将古老传说中的活体星宿「计都蜃楼」召来。这邪物坠向方壶，即将为其上所有的生命带来灭顶之灾，再现苍城仙舟覆灭的惨剧。而人们只能眼睁睁见证它的降临。
卜者能做到的，真的只有如此吗？在焦灼与愤怒中，符玄心中升起一个极其大胆的念头。「我要见景元将军！」
在面见将军后，少女说出了她的想法。以云骑眼下的力量，想要取胜已不可能。唯一的转机，是令帝弓垂迹示现。
出乎她预料的，在说出这堪称亵渎和荒谬的念头后，眼前这位略显疲惫的将军并未露出任何嗤笑的神情，而是点了点头。「你想怎么做？」
「玉阙仙舟拥有联盟中观星的第一重器，瞰云镜。这座装置不仅能用来观察，它也可以向外发射讯息…我的意思是，用天艟将瞰云镜运往方壶，向帝弓光矢最后的所在处求救。争分夺秒的话，在那颗星星落下前，一切还有转圜的余地。」
「你很清楚…帝弓降世临凡的唯一征兆和可能带来的后果，对吧？」
「是的。作为方案的提出者，我愿意亲临战场，执行此事。」少女神色严肃，她十分明白自己提出的想法有多惊世骇俗。
「多谢你的建言。只是，危机之刻应当由六御勠力赴难。何况，你并无权限操作那器物。若事情因此失控，我作为进言呈辞者，会担负全部的后果，希望符小姐不必多虑。」
望着将军离去的背影，符玄突然回过神来，意识到「六御勠力赴难」的意义所在：能全权使用瞰云镜，乃至以辨读帝弓诰谕的方式发出讯号的人——
唯有玉阙太卜本人。
……
「这就是你寻求『眼界』的初衷？我读到了你的那些梦……」
少女没有睁开双眼，却能看见周遭的世界由烟雾凝成实体，所有可能性褪去，只剩下清晰无误的唯一选择。
「那些不是梦，那是我的过去，塑造了我的一切。」
「而他说的没错，其实命运从来只有一条道路。」"
米沙,1,其一,"怀表走到早上六点，厨房煮牛奶和烤面包的香味一如往常飘进他狭小的卧室。
客人们就要来了，他慌慌张张地起床，站到门口。机油、皮革、烟草的味道扑面而来，他还没来得及张嘴，几个人高马大的身影便已踏进门槛。
「欢…欢迎光临……」
远道而来的冒险家们并没有在意在门口迎接的小不点，他们正忙着大声吹嘘过去一段时间的奇遇。那些故事不知为何总是牵引着他的心，令他频频回头倾听。
「一道巨大的光束从天而降，射穿了一颗郁郁葱葱的星球…我当时就在附近，飞船被气浪拍飞了。我冒死才拍到几张照片……」
「你这算什么，我的经历才真吓人。在星际旅行的时候，我掉进一片深不见底的忆域，里面全是我这辈子都没见过的怪物，甚至还有幽灵一样的人……」
「这些都——弱爆了！你们看过铺天盖地的虫群吗，我可是从里面活着回来的，那一次，整个星球都覆灭了……」
他羡慕听着这些或真或假的吹嘘，终于鼓足勇气开口——
「那个…请问，如果想在银河中冒险，有什么需要学习的吗？」
卡座上的话语停止了，几个人不约而同看向他。
「怎么，小不点，你也想去往银河冒险？」
「嗯…我想做一名走遍银河的冒险家，就…就像爷爷一样。」
「志气还挺大哈哈哈！」
「小不点，做我们这行可不轻松，你要会用武器，会自己修东西，会识别方向，要学的多了去了！」
「我知道…爷爷也总是抱怨容易偏航和抛锚，也许我可以学会怎么去解决这些问题……」
「你们这些家伙，总是喜欢吓唬小孩子。」
为首的老人清了清嗓子，看向米沙。
「所有的东西都可以慢慢学习。只是你得考虑清楚，你确实有这个梦想吗？愿意为它坚持多久？孩子，那才是最重要的问题。」"
米沙,2,其二,"怀表走到下午两点，打扫与迎客工作交接给同事后，他换上工作服开始检修机械。
大叔瓦尔德在前面走着，不时停下敲击那些复杂的机械。他小跑着跟在瓦尔德身后，侧耳倾听机械运转中的杂音，准确地指出里面的问题。
今天的任务，是修好一堆破钟。生锈的，报废的，缺齿轮的，被砸坏的，在米沙眼中，它们就像迷失了方向的海员，急需有人带领它们走上正确的轨道。
「壁钟先生，请往西边走，诶，怀表夫人，请你不要停下！」
「闹钟先生，请吃饱饭再行动吧，那边三位手表小姐，请你们跟着怀表先生一块走吧！」
突然，所有坏掉的钟表开始走动。他拨动轮盘，调整指针，仿佛一位遨游于时间之海的船长。
「米沙船长，现在的方向对了！」
「我们终于走出了迷雾，航过大海就是终点！」
「继续航行吧，大海也无法阻挡我们的脚步！」
米沙眼中，那些钟表仿佛有了自己的生命和意志，在表达着向前进发的欣喜。
瓦尔德微笑着摸了摸他的头。
「看来我不用担心这的时间会变得错乱了，毕竟无论如何，还有你这位引航员哩。」"
米沙,3,其三,"怀表走到傍晚七点，他早早吃完晚饭，躺在了橱柜改造的小床上。
他望着眼前闭塞的黑暗，听着怀表永恒不变的嘀嗒声音，这是他最幸福的剧场时光——没有工作，没有现实，只有最自由的幻想。
穿越迷雾之后，他幻想的故事已到了最精彩的海战环节。他伸出双手，把被海浪打翻的伙伴拉回来，他又在画面上划了一道横线，好像那样就可以把大海里的怪物干掉……
「船长，船长，快起来，天晴啦！」
他揉了揉眼睛，不可置信地看着面前的景象：
一只金色的怀表长出了手脚，穿上了制服，戴着红色的领结，正招呼着他过来。
一面银色的镜子映出他的样子，一边摆弄自己的长裙，一边用望远镜观察远处的景象。
昨夜的风暴消失无踪，凉爽的海风吹拂着他的制服，远处已然是新大陆的轮廓。
「看啊，船长，海岸已经不远了！」
钟表小人与镜子小姐拉起他的手，轻轻地一跃。他还没有反应过来，三个人便一起跳上了云端。望着脚下无垠的大海与新月般的大陆，钟表小人和镜子小姐欢呼雀跃，拉着他跳起了踢踏舞。他握紧了伙伴的手，心中又惊又喜。
「你们…你们是我的伙伴吗？」
「是啊，我们一路经历了那么的困难，迷失过好多次方向，终于到新大陆啦！」
……
天亮的时候，他从梦中醒来，一滴眼泪从他眼角滑落。
他看了看自己的卧室，原来是怀表压在了胸口，镜子从墙上掉了下来。
他擦掉泪水，觉得好像什么都没有失去，但又好像什么都失去了。"
米沙,4,其四,"怀表再次走到早上六点，厨房煮牛奶和烤面包的香味一如往常飘进了他狭小的卧室。
他已彻底融入这里的生活，将自己的梦想深埋于心。他不再那么容易对客人的故事感到激动，也不再期待爷爷能够马上回来。
「也许大人都是那个样子，说话不算数，也不愿意认真听小孩子讲话。」
他接过客人的箱包，客人们目不斜视地走掉，只剩下他一个人在那里自言自语。
他回到钟表房，如同往常一样检查那些时钟。不同的时区有不同的时间，他怔怔地望着满墙的钟表，想象着那些世界发生的故事。想着想着，他摊开画纸，继续画下自己与想象中的伙伴经历的故事。
那已经是故事的结尾了。
「伙伴们，再见！我会留在新大陆，等它建设完成之后，再与你们一起前往新的世界！」
「米沙船长，再见！我们有缘再会！」
其他的伙伴走了，而蹦蹦跳跳的钟表小人与温柔的镜子小姐都留了下来。他曾经带领着这些伙伴穿越迷雾，航过大海。每一次危险关头，他调整罗盘，将队伍带向正确的方向。现在，那个叫米沙的孩子将在新的大陆建设新的国度，直到再次踏上旅途的机会来临。
「如果要接着画的话，第二部就暂定为新大陆历险记吧。」
他画完最后一笔的时候，听见了某种熟悉的声音与颤动，仿佛有一个庞然大物从宇宙深处而来，停在了酒店门外。
他扔下画笔，打开门，跑了出去——
「您好，欢迎光……」
在晨光下闪闪发亮的星穹列车，疲惫地，骄傲地，悄然停在了那
——就像「梦」中的一样。"
素裳,1,其一,"玉界朗朗，琼田荡荡。星槎如织入海市，游人络绎塞天门。凡有行旅出入罗浮，抬眼便可瞧见一宽阔界门，其中空间隔膜如涡流扰动，无凭无依，兀自吐纳往来大小舟舸，蔚为壮观。
这天门名为「玉界」，实为仙舟洞天入境门户。门下稍远处，有旅者列队蠕行，欲向罗浮境内去。其中有一少女着杏黄衣衫，单看面庞约莫十一六七，以仙舟尺度却不知真实如何，又不知借着甚么怪力负一重剑。
那剑长二尺一寸，大非寻常。虽有白布缠身，隐约看来模样倒是简古，然两边剑锋如蝉翼般微薄，足以吹毛断发。往来游人见这神兵，无不侧目称奇；可少女却似愁思伴身，只自顾拧紧了眉心，隐隐流出些许懊闷，小声念道：
「真是奇了怪了！娘先前教我念这心诀，道是能定心神，怎不见成效呢？」
不等她再多吐露些佶屈聱牙之词，那边关的持明男子便提腕摆手，招引少女上前：「下一位！」少女一惊，牙关咬得紧颤，却也不得不硬着头皮应声前去。
「金石可铄，盟誓……」少女对持明男子正色道。
「金石可铄，盟誓不破。」持明男子黯然道：「通关便是，赌甚么咒？姓名、来历、入境缘由云云一一落实了罢。」
少女哑然，想来又是自己错用了罗浮掌故。无奈，只得拎起四方览镜，应男人要求如实汇报：
「姓名：素裳；随身物件：『轩辕』一柄；来历……」
「…啧！这『曜青』的『曜』字…是怎个写的来着？」"
素裳,2,其二,"自素裳响应罗浮云骑前来已有些时日。她平日已铆足气力四处逻察，却也不见半点鼠窃狗盗之扰，引得她是又恼又气。末了便只好依旧修武习剑，闲时便去听人说书，日子过得是百无聊赖。
这日，她正伛在「不夜侯」案几上，待说书先生做些预备，听他好好道一道罗浮「云上五骁」。可不等惊堂木落下，那云骑同僚便破门而入，冲堂内喝道：
「素裳，快来！那化外民又在作乱惑众了！」
听罢呼喊，她一双眸子登时瞪得煞是圆亮，快步抄起重剑夺门而出。临得现场，很快瞧见一赤发女子又是吞剑、又是喷火，搅得人群欣快绝伦；不多时，这女子竟又欲使出青花岗石大板，决计来段「胸口碎大石」。
「住手！此地交通素来不畅，岂是你杂耍逗趣的地方！」素裳一声厉喝，当即双膂一沉，大开大合间将『轩辕』剑尖指向女子。女子见她提掣不稳，当下也不惊惶，旋即斜身踏步，将那三尺火棍舞得火星连连，骇厉十足。
「本姑娘就先走为敬了！」那赤红女子朗声道，顺手一挥，枪棒钝头直向素裳一对手腕袭去。素裳急忙退开半丈，却不料女子竟从皮囊中摸出几件浑圆物事，向地猛砸，熏烟火燎一时四散，爆裂炸响不绝于耳。待她半晌回了神，只见女子早没了身影：
「这是甚么…爆竹？！」
「这化外民…真是不容小觑啊！」"
素裳,3,其三,"「尊敬的母亲、父亲大人：
不知二位是否别来无恙？素裳已因您要求，随罗浮云骑四处正战历练有些日子，可以说小有所呈。在此分享给二位！
在我看来，近期最重要的大事便为——素裳不依靠他人帮助，独自制服了一名危险分子！这化外民常常四处寻衅滋事，还持有大量爆炸物，严重威胁公共安全。不过，这人只因生机所迫，不得已而为之。在素裳的感化下，她决定重新做人——现在已是素裳的密友了！
素裳还依二位吩咐，每日坚持练习剑术，自感大有长进。如果能得空回家为二位演示，想必二位也会为我的进步感到欣慰的！
我想起当年起程时，两位让素裳务必沉下心随军历练，不要心愿意马。如今，女儿经历了许多，渐渐成长。虽仍有不足，但素裳能独霸一面了！还请二位不必挂心！
素裳
于十月廿一」"
素裳,4,其四,"「素裳：
得书之喜，旷若复面。我二人安好如常，勿念可也。
关于来信所述平日之近况，我二人已了然，深感欣慰。另又新添些许嘱咐，且以此手书为示，愿自勉之。
其一，与朋友交，应明辨损益。素裳如今年至及笄，却不知人心多叵测，世途有机阱之险，以至竟与邪徒恶党同道，实令我二人深感忧愤。直者、信者、博闻者，此乃君子，应广结交之；便辟者、善柔者、便佞者，此乃小人，应自当远离。
其二，不可好大喜功。我二人深知素裳向来急公好义，然信中陈述虚实参半，数处似有夸大之嫌。仙舟古语有云：『名不可简成，誉不可巧立』，出力而自矜功伐，虽多劳苦，终不可取。谨记：我仙舟民寿限无穷，几多功名终须归过眼云烟。是故为人应先固本，足履实地，如临薄冰。一时急功，扼腕歧路，令堕魔阴，贻害终生！
另：平日砥砺剑技，更莫忘复诵『剑心决』，凝练心气。心蕴乃武艺之本，待炼心气于无形，方可知剑不过身外凭依之物。草、木、石、竹皆可为剑，顺心顺力，逍遥自在，驯驭『轩辕』则计日可待矣。
又：错别字好多啊素裳，执勤结束多读些书吧。还有，是「独当一面」，不是「独霸」。
素衣
于十月廿二」"
绯英,1,其一,"最初，秘庭中的古树只是在独自聆听。
它听见自己虬结的树根在地底蔓延，听见自己茂盛的枝叶在风中开散，听见无尽的生命涌入新生的世界，却又落回尚无名字的大地。
它并未过多关心。于它，这些生命不过是一瞬枯荣的过客，如雨水终将没入土壤。
但无名之地再未归于寂静。天外的来客，异乡的旅人，因缘际会，在此驻足。透过枝叶传来的震颤愈发热烈，即使并未瞩目，他们的声音依旧顺着盘根错节的根茎传来。
他们给了土地名字，称其为家园，他们也感谢它——以古老的游戏和仪式，将死和蛮荒的阴影永镇于洪渊之中。
在那些美丽的传说里，月满之时，神树之灵会化作古灵精怪的少女，来到梦中为虔诚的人满足心愿。
在那轮回反复的仪式中，它好奇什么是笑，什么是哭，人们为何歌唱，为何流泪，为何一去不复返，为何总有更年轻的人们在此顽强地活着。
当天外忽然降下灾厄，毁灭的波涛山呼海啸，摧枯拉朽地席卷这片大地上一切的生灵。
它看见他们哭泣，听见他们哀嚎，看到曾经从无到有生长出的一切，似乎正在无可逆转地复归于破灭。
它看着这一切，忽然惊觉自己深处的某物如雨一样飘摇，如风一般震颤。
它似乎明白了，什么是笑，什么是哭。人们为何歌唱，为何流泪，为何一去不复返。
夜晚，他们依旧向它献上歌谣。明日，便是决死一战——他们以莫大的勇气如此宣告。
一位母亲怀抱着稚嫩的婴儿，让她将祈福用的红绳挂在它的枝桠，孩子用不知何为恐惧的澄澈眼睛盯着它，笑着向它的枝桠伸出火光中近乎透明的小手——
「神树姐姐，拉勾勾……」
那一刻，累世的缘如同彩墨般挥洒，为它勾画了在人间的形貌。
在下一个瞬间，一大一小的两只手掌轻柔地贴合在一起。
而名为「绯英」的少女，也在月色下走向了人间。"
绯英,2,其二,"「晨起所见，皆非旧时风物。有圆滚金黄之物，名曰蛋挞，更有奇物，名掌机，人影晃动，声自屏出，如见海市蜃楼，乐之乐之，一刻不玩，甚是想念。幻月之仪礼毕甚早，竟恋恋不忍……」
——哈托彼亚生活随记 其二
「千里通信之器，名为手机；歌舞祈福，名为偶像；短袖，名为T恤；笑料，名为梗；同行者，名为搭子；甚乐，要说成『今天超级开心哒』…我已完全明白！
……
这次就决定扮演女子高中生啦！出去逛街的时候可不能被当成老古董，先换掉过时的衣裙，再把我的武器也美美改造一下！感谢我的搭子，我终于赶上大家的潮流了！以前没有漫画看的时候，过的是什么苦日子啊，我现在满脑子都是：好燃！好萌！好戳我！可恶，这一次不守规矩的谒者太多，到现在还没时间看完，老师我有生之年一定能看到完结篇的对吧！」
——二相乐园生活随记 其八
「…我圆梦了家人们！今天第一次去漫展，第一次cos，穿上喜欢角色的衣服，戴上假发，化好妆，站在镜子前的人，这真的是我吗……自从公司来了这里，新奇的玩意一天比一天多，一个又一个热梗层出不穷，我连夜背都背不下来！
可大家的笑点越来越高，为了整个大活，谒者都开始不择手段地吸引眼球，我救下了那些被绑架的孩子，但我不能动用丰饶的力量治疗他们…一旦无法控制，一定会造成更恐怖的灾难…唉，听着他们的心脏不再跳动，有时候我也会怀疑，我为什么会站在这里，这片土地又是为什么有如此之深的厄运……」
——二相乐园生活随记 其十六
少女不在幻月之上俯瞰人世流变，反而时常动心在凡尘中自在取乐。
人是如此奇妙的生命，他们想象，他们许愿，他们祈福，他们诅咒。无论如何，在欢愉之主留下的幻月游戏中，她唯一的任务只是让游戏顺利进行到终点——
但她触碰到的喜怒哀惧，又何曾随风而逝？
在她还未知觉的时刻，她也被自己所感受的一切塑造着。"
绯英,3,其三,"倒数60秒，距离文字的完全消失还有一分钟。
当这一场幻月游戏的胜者宣布这项神迹的时候，大多数人以为不过是又一场大型过家家。
他们抬头望着，准备迎接一场愚人的狂欢。
倒数59秒，一场精彩而激烈的漫画战斗台词，从漫画书的页间被抖落。
「我们不干了，之后请自行想象战斗的声音。」
二相乐园的人们哈哈大笑。
倒数50秒，逃逸的文字获得了新生。它们长出了手脚，获得了符号之外的意义——
「刀」顶着利刃在街道狂奔，「枪」和「子弹」携手，化作横距在街道的无差别攻击凶手。
图书馆，家中书架，咖啡店…无穷无尽的字眼如同洪流般冲来，没有躲避的场所。
仍有更恐怖的字眼在破壳而出。
倒数40秒，尖叫、哭喊、哀嚎充斥二相乐园的各处。
「世纪大魔王」，「毁灭之主」，「缄默修女」…从那些充斥娱乐产业的书籍中脱胎成型，吸收着人们的恐惧。
它们化作悬浮于二相乐园顶端的恶魔，指挥着末日的狂欢。
倒数30秒，随着所有代码溜之大吉，数字化设备陷入停滞，二相乐园的防御设施全数失效，大量治安官阵亡。
倒数20秒，四处奋战的少女停了下来，看着已化作人间炼狱的世界，她似乎做出了什么决定。
倒数10秒，秘庭中的建木爆发出了从未有过的光芒，密密麻麻的枝桠自虚空垂落，抓住了所有作乱的文字怪物。
倒数5秒，少女面露冷酷的微笑，文字的生命迅速被枝桠吸干，如同干瘪的落叶一般飘散。
倒数3秒，一道绯色刀光闪过，符号被斩断、交织在一起，形成了后世的新生语言。
一分钟后，幻月游戏复归正途。但世界染上枯萎的黄意，大地开绽，山川崩碎，少女目露悲伤，自天坠落。"
绯英,4,其四,"幻月沉暗朦胧，她再度沉入梦的怀抱。
在那些漫无止尽的梦中，陌生而熟悉的碎片时常泛起，沉淀。
她梦到一滴眼泪。
丝竹礼乐不绝于耳，她伴着乐声，为奄奄一息的族人祈福。
无论如何施救，族人的生命总会定格于青春年华，倏忽老去，至亲之人的眼泪如同灼烧，滴落在她的手。
她又梦到仿若鲜衣怒马的出征时。
她已被族人称为「剑歌者」。剑是荡平险阻之剑，歌为抚慰族群之歌，她誓要为族人扭转命数，求得长生不老之恩泽。
在寻药的漫漫长路中，她所向披靡，因此一刻也不曾驻足。在她焦急的脚步后，死亡仍然如影随形。
以生命为燃料，那调弄玄圃的柔荑，也终于向她投来眷顾的枝条。
她又被唤醒了生死一线的记忆。
因为那未逢敌手的傲气，她未做过多思量，便闯入了舰队联盟的禁地。
如今，站在她眼前的对手却能从容挡住她的利剑。而那煌煌燎燃的火焰令她无所适从，就像是面对即将蔓延的野火，簌簌而响的叶子。
当她以毫厘之差落败时，她听到另一个自己的嘲笑——
「为什么要抗拒你本来的模样？」
她看到一株巨树，它永生不灭，周围的一切都已被蚕食，化作累累白骨。
然而，不待梦境呢喃出回音，她已自绵延的梦中挣脱。
她听到秘庭之外的喧响，那份喧响赶走了死寂带来的恐惧。
坐在金黄的树冠上，再一次，她向人世伸出了手——
「这还用想吗？要是变成你那样，我还能等到苍天航路绒绒号的更新么！」"
缇宝,1,其一,"「▇▇▇月▇▇日
逃离雅努萨波利斯，至今已有十年。
十年时光，*我们*以脚步丈量大地，不知不觉间已将翁法罗斯走遍。
黑潮的发展比想象的更严重。自西至东，自南向北，甚至连高居天空的城邦也无法幸免于难…*我们*看着边境的蕞尔小国在一朝一夕间便被疯涨的黑潮吞噬，将生灵化作它的养料，随后以更加迅猛的姿态向前推进…翁法罗斯辉煌的往日不复存在，到处是触目惊心的腐坏，泰坦疯狂，英雄陨落，人民流离失所。
但醉心于纷争的人们看不到。
不久之前，黑潮已然迫近内陆。那里的城邦富庶，彼此之间交通发达，商业繁盛，但有人将*我们*的预言视为狂妄的戏言，有人将*我们*视作口吐不祥之语的祭司，无人聆听，无人驻足…如若一定要流下滚烫的血才能使众人团结，从*我们*开始又何妨？
缇▇呵，我知道你已飞向黑潮的前线，送回了最新的消息，却身中黑潮造物的利箭死去。
缇▇呵，我知道你掩护难民离开，却遭到贵族的仇视，在刺客的匕首下奄奄一息。
缇▇呵，我知道你护送迷失的孩童，只差一步便能抵达安全之所。那明丽的发辫浸没在血泊之中，*我们*再也不能为你编织，为你梳洗。
一座又一座城邦的陷落，使世人从无休止的内战中抬起头来，看清这世界濒临毁灭的面貌。
羔羊的鲜血不会白流，我等在一片荆棘踏出最初的路，希冀后来的人，比*我们*行向更远……」
——一篇年代久远的日记
纸张已薄如蝉翼，由缇安放在一个娃娃的怀中"
缇宝,2,其二,"「▇▇▇月▇▇日
『圣女呵，我们愿意倾听，在末世为我们指引方向吧，替我们祈祷战争的胜利吧。』那些王说。
王们为*我们*恢复了雅努斯圣女的身份，他们将*我们*奉上神坛，绸缎加身，以仪式遮掩*我们*的面容。
然而*我们*并未重返城中，而是居住在高高在上的王城。*我们*想替生病的农人与流离的战士祈祷，为悲伤的人排解心中的痛苦，为迷茫的人指点迷津，为新人送上祝福，看着他们围着火堆歌唱。
然而王并不愿意*我们*来到民众之中，就像在雅努萨波利斯那时一样……
母亲啊，此刻*我们*才真正理解你当时的苦闷无助。*我们*曾相信，神谕当使那些王者尽弃前嫌，联手寻找黄金裔，如此，救世才有一线希望。可他们害怕流着黄金血的人剥夺他们的权力，他们想要的，是一场又一场以神谕为名的战争。那些来之不易的信任，那些民众期待的目光，正在一点一点消磨殆尽。
雅努斯的火种越来越灼热，金色的神谕仍旧审视着*我们*，催促着*我们*。
*我们*决定逃离。
缇▇和缇安张开百界门，约定在密林中汇合，却遭遇了如雨毒箭，缇安躲过一劫，却不幸被士兵挟持，离*我们*越来越远。
缇▇选择主动撞向敌人的长枪，死死拉住了想要抽回武器的士兵。可*我们*错估了王的残忍，即便死去，*我们*也不能被其他城邦得到。
……
数十倍于往常的痛楚加诸于吾身。这个春天，*我们*中的大部分永远留在了鲜花尚未盛开的荒原。
再见，缇▇。
再见，缇▇。
再见，缇▇。
……
缇安，*我们*还不想和你说再见，请一定要找到*我们*……
今夜，*我们*就能穿过这片荒野。」
——缇宁保存着的一篇日记
上面画着划过天空的流星"
缇宝,3,其三,"「▇▇▇月▇▇日
我们初见阿雅的时候，她说喜欢缇里西庇俄丝这个名字，听起来又高贵又美丽，就像她编织的衣服。我们问她，就为了这个把我们留下？她摇摇头，说，主要是想听老师每天晚上讲故事。
当时阿雅也是个姑娘，又怕黑又怕鬼，想到她嘴馋了还要拉上我们偷偷去厨房吃晚上剩下的面包，我们就忍不住想笑。时光是个雕刻家，像刻律德菈、海瑟音一样，现在阿雅出落得多么美丽啊！
就像我们平时教导的那样，阿雅没有让任何人失望，她手中的金丝就像密网一般，任何敌人都无法飞出她的指尖。
可那活在阴影中的清洗者在返程途中偷袭了我们的队伍，服务于元老院的刺客组织绝不允许能领导圣城奥赫玛的黄金裔成长起来。但我们也一样，宁愿选择牺牲自己，也绝不会眼睁睁地看着年轻的英雄夭折——
我们顺利用百界门度过了这次劫难，但意识也模糊了一分…上一次用百界门以后，我还以为再也找不到缇宁和缇宝了……
没事的，阿雅。还不是现在，我们只需要休息一会，一会便好……
只是旅程的脚步，必须要加快了啊……」
——一封字迹虚弱的日记
缇安在回忆，缇宁提笔写，缇宝来补充"
缇宝,4,其四,"「▇▇▇月▇▇日
梦越来越模糊了…听小风堇说，这是因为能记住的东西越来越少啦。
不过今天，*我们*突然梦到了好多好多条路，天好黑，我们往前跑呀，跑呀，怎么走都走不出去……
『别怕，yong者来了！』力大无比的小白从天而降，帮我们赶走了怪物。
『老师，向前飞吧。』紫色小小蝶扇动翅膀，吹飞了前面的石头。
『梆梆！』灰色的小浣熊力气好大！
『哼——』红色的狮子把坏人吃掉了！
是可靠的新伙伴！他们从前面的人那里接过手中的火把，火光一个接一个点亮，赶跑了黑夜。
不过我们手中的火把越烧越小啦，得快点向前走！
——一这么想，我们的身体也开始变大，大到不用举手，就能碰到天空。我们的脚jin泡在蓝色的大海，指尖长出绿色的叶子。缇安的声音是呼呼的风，吹动了更远处的风沙，缇宁枕着软绵绵的雪山，耳朵听着风和雨的摇篮曲！
就这样，我们走呀走，眼前的路就只剩下一条啦——
在不远处，天空是玫瑰色的，大地是银白的。西风吹拂，鲜花开满了原野。咦？好熟悉，这里也是翁法罗斯？路边的泉水尝起来像fengmi和羊奶一样甜，树上的果子怎么摘也摘不玩！再往前走，月亮和星星都浮上来了，那是缇█在乘着它们前行！前面还有缇█、缇█、缇█…原来大家都在终点等着我们呐！
看，远处是妈妈在迎接我们！是妈妈在朝我们挥手、微笑！
我们要去吗？
嗯，有一天我们会来的！
但我们的路还没走完呀！
那，明天见？
我们『明天』就会见！
嗯，明天见。」
——一篇字迹歪歪扭扭的日记"
罗刹,1,其一,"「您的身份是？」
「行商。」
「您的入境目的是？」
「商业活动。」
「您是否愿意承诺：不违反仙舟联盟律法、依法依规进行商业活动、不进行签证许可范围外的活动？」
「当然。我承诺。」
「您是否愿意承诺：不进行任何与『长生』有关的非法研究？」
「嗯…我承诺。」
「很好，请在这里签字。」
「罗刹先生，欢迎来到仙舟『罗浮』。」"
罗刹,2,其二,"「哎，你还记得那个人吗？常来我们家光顾，背着个大箱子的……」
「您是说罗刹？」
「对，罗刹…应该是化外民？但感觉这人说话办事的作风，都特别像老派的仙舟人，应该在这生活了挺久吧？但他偏偏一直穿着风格那么独特的域外服饰…」
「谁知道呢？大概是因为他那头金发和仙舟的服饰有些不搭吧。」
他偶尔会想起故乡。
恶魔、教会、疯病…那不是什么美好的回忆。
人们成群结队地攀上高处，以便更清楚地观看自己的城市是如何毁灭的。
如果一切必须终结，那至少需要目击者，需要一双眼睛。
「你为何还穿着故乡的服饰？」谁人问道。
「它提醒我应保守的道路，仅此而已。」罗刹答道。"
罗刹,3,其三,"仙舟人不认得棺椁。
每当罗刹带着棺材出现在街上时，都会引来好奇的目光。
如果有人问罗刹：「这东西究竟是什么？」
罗刹总会搪塞道：「这是我做生意的用具。」
「『做生意的用具』…希望我没有冒犯到你，」罗刹站在长乐天的亭台上，漫不经心地说道，「不过你我之间的关系，倒也算是一桩生意，不是吗？」
棺材以沉默作答。"
罗刹,4,其四,"罗刹背上棺材，前往远方。
棺材没有发出声响，它并未抗议，也没有抗议的权利。
「你不说话时，便是自由的。」
大幕升起，他将罪恶抛向身后。
罪恶不过是另一种被操纵的武器，欺骗自己相信能得到一个正确的答案。
「而你有何不同？你的痛苦，为什么就会比其他人的更有价值、更能打动人么？」
「去仙舟吧。」那将棺材交给他的说道，「勿忘你的誓言。」
「永世不忘。」
说着，罗刹却在心里立下了另一个誓言。"
翡翠,1,其一,"银链星系，一场数百琥珀纪难遇的离子风暴正在逼近。年轻的珠宝名媛站在露台，远眺泛着奇异色彩的天空。
「小姐，该走了。荷露先生包下了一架星舰，我们得前往巴斯维亚星港避难。」
「银链星的人们还没收到消息？」
「为了避免骚乱，这也是无奈之举。」
「…你们离开吧，我会留下，寻求那位女士的帮助。」
「离子风暴会毁掉您所有的财富……」
「世上总有些东西无法以价格来衡量，比如…善良和生命。」
年迈的管家深深叹了口气。
年轻的珠宝名媛走入那家典当行。
「欢迎光临『慈玉典押』。来者何人，所求何物？」
陌生而优雅的声音从帷幕的另一边传来。
「善良的小姐，你心中的烦忧似乎与银链星系的灾难一样沉重。」
说话者端坐在阴影中，却散发着温润的光。珠宝名媛忐忑地抬起头。
「这就是我前来的原因。我想向您…交换一个希望。」
「拯救银链星的希望，为此你能付出多少？」
「『海洋之梦』，『圣血』，『世纪瑰宝』…这些宝石，每一枚都足以兑换一颗小行星的所有权……」
「你知道它们远远不够。」
「银链星系三分之一的矿产租用权，期限是…永远。」
「很有诚意，但依然不够。」
「我没有其他能给您的了……」
「你相信，这世上的一切都可以被交易么？」
黑暗中伸出了一只手，洁白、纤细。
名媛抬起头，她眼中将熄的光芒重新开始跳动。
「银链星系的和平，我会给你，作为代价…我要你的全部。
「你会成为公司在银链星系的代行者，往后的每一分钟，每一次呼吸，都将为琥珀王的事业添砖加瓦……
「直到生命的最后一刻。」"
翡翠,2,其二,"「银链星系已正式纳入公司的贸易版图，下一周期的利润预计将提升47%。」
富丽堂皇的会议室中，三位「P46」围桌而坐。
「那地方就该被一场离子风暴毁掉，简单直接。」
说这话时，男人始终看着窗外。庇尔波因特的黄昏是紫红色的，林立的高楼反射出欧泊石般七彩的光芒。
「我的意见恰恰相反。自然死亡的猎物…有什么乐趣可言？」
圆桌的另一边，女士轻晃着手中的酒杯，那酒是血红色的。
「和二位不同，我只是一名商人。」
翡翠起身，微笑着结束了陈述。她知晓这个结果，这房间里的三人从来不会达成共识。
「所以我擅长的，也无非是在一场又一场交易中，等待最关键的那笔投资出现。
「那些身处绝境的人们，他们甘愿付出一切去实现自身的欲求，所以这些欲求也会赐予他们无与伦比的力量。
「看，始终抗拒公司的银链星系，如今也成了『战略投资部』可靠的盟友。
「所以期待吧，我们在今天种下种子，当然是为了让它在明天结果。」"
翡翠,3,其三,"边星地带有着这样的传说：当陷入绝望时，可怀揣舍弃一切的觉悟向星际和平公司请愿。若你有幸，一位来者不拒的放债人将会出现。
「欢迎光临『慈玉典押』。来者何人，所求何物？」
她重复着这句问候，静待群星间的欲望朝她涌来。
貌美的舞者向她求取容颜永驻的可能，她收走她的部分寿命，为她打开博识学会的大门。一次又一次，舞者重拾青春年华离开慈玉典押，又因衰老再度归来。直到某一日，她掩面离去，再也没有回来。
亡国的军人将情感尽数抵押，以换取复仇的可能。在失去所有的悲伤和愤怒后，他变成了战争的机器。往昔的敌人被尽数歼灭，他也永远留在了昨日，只留下化为废墟的焦土——它们在日后成了公司的属地。
还有一对巴维鲁夫妇，以自己的记忆为代价，向她换取纯粹的财富。他们在生命的不同阶段来到慈玉典押，换取金钱，换取声名，换取地位…直至将记忆挥霍一空。他们度过了幸福的一生，只是最后忘记了所有。
无论何物都能在「慈玉典押」用作抵押，哪怕一贫如洗也有机会鱼跃龙门。
「什么慈善事业！她是个魔女！一个喜欢收藏灵魂的恶魔！」
「一定不要和她说任何话，否则，你将一无所有……」
「那位慈玉女士？她不可能是这样的人，如果没有她的资助，我的故乡早就沦为殖民地了。」
……
她听着星间关于自己的传言，并不在意。
「是非善恶，只在人的一念之间。」
「微小的欲望一旦燃起，就会点燃更多的欲求。『慈玉典押』所做的…只是等待和收获。」
她点数着藏品，一份一份，都是欲望的余烬。"
翡翠,4,其四,"这一天，又有两个年轻人叩响了大门。门无声无息向后打开，隐隐绰绰的烟雾中，她停下了用天平称量抵押物的动作，为两位到访者斟上了清茶。
「如我所料，欧泊还是选择了你去办匹诺康尼这案子。不过…你似乎又多了一位同盟者呢。」
她示意他们坐下，华贵的座椅上还留着上一位客人的余温。
「为了收回匹诺康尼的坏债，你们需要什么？」
「你的基石。」少年看向她的眼睛。
「第一次有人提出这样的要求，那你们愿意付出什么？」她微笑道。
「我们的基石。」少女说。
「还有我的命。要在匹诺康尼撕开一道口子，我别无选择。」少年深不见底的眼瞳中，光一闪而过。
和他们眼神相触的时候，往日种种一闪而过，最终定格在她与二人初遇的画面。
她轻轻叹息，将代表匹诺康尼的微缩模型置于天平一端。
「我们有各自的来路，也有各自的归宿。」
托帕石落在天平的另一端。
「这段同行的路可以长，也可以短…但只要还未行至终点，我们就必须履行立下的契约。」
砂金石接着落下。
「这世上不存在无价之物，一切都可被衡量、抵押、交易……」
最后是翡翠石，它坠地的刹那，天平彻底倾斜倒下——
「现在，用它们去换取匹诺康尼的明天吧。」"
艾丝妲,1,其一,"当艾丝妲年纪尚小，却已经开始自行挑选望远镜时，耳旁总隐隐约约传来长辈的赞叹。她对此颇为自豪，因为望远镜的主镜工艺、导星系统，她看一眼便知。
直到有一天她走近偷听时，才发觉他们只是在啧啧称奇，一个小姑娘居然能挑中如此昂贵的物件。
个人喜好在看客眼中并不存在，他们只愿意将她当作一个养尊处优的小姑娘而已。
「喜欢星星？噢我懂，小姑娘嘛，喜欢亮晶晶的东西。」
「嗯…我在研究恒星胚胎，希望有一天由我发现的星星，也能以我的名字命名…就像那些厉害的天文学家一样……」
「就这点小事？今年的生日礼物，就用你的名字给这颗星球命名吧？两颗也行，没多少钱。」
「……」
「喂，艾丝妲你去哪，艾丝妲！」"
艾丝妲,2,其二,"她明白，她和母亲是否是合格的义工并不重要。人们只是希望她们出现在这里，仅此而已。
食物分完了，人们也陆陆续续散去，只剩下一个小男孩。他右手有伤，眼神像狼一样，瞪得她有点不爽。
「你也要问我借钱么？」
「我不要钱。我得还刚刚的饭钱，但我现在没钱。」
时常有不认识的「朋友」前来找艾丝妲借钱，但她第一次听到有人要还她钱，惊异地睁大了眼睛。一旁的母亲也忍俊不禁。
「你还是个孩子吧，会干什么？」
「打架。」
「这可不是个好工作——这样吧，我这儿有个工作介绍给你。」
——时至今日，在艾丝妲心中，阿兰的那顿饭钱，在他说出要还钱的那个时刻，就已经结清了。"
艾丝妲,3,其三,"「星星尚且能遵循自己的轨迹穿行，那人类呢…人类真的无法掌握自己的命运吗？」
优渥的家庭背景给予了艾丝妲探索星空的力量，但也成为了她本人的束缚。
随着年岁增长，艾丝妲想当天文学家的誓言，逐渐被家族视为某种旁门左道——她甚至不记得已经有多少次在家族会议上和亲戚争论这个问题了。
直到某次会议结束后，一个人偶少女从门外走入。而刚刚还盛气凌人的其中一人，在她身旁却是一副唯唯诺诺的姿态。
「就这个小姑娘吧。」
「但是她…」
「什么但是，我大老远过来听你们那些狗屁不通的学术汇报，还不如听这小姑娘和你们吵架有趣。」
「……」
「三天之内，我要在空间站里看到她。」
人偶少女说完，头也不回地离去。"
艾丝妲,4,其四,"成为空间站「黑塔」的站长后，艾丝妲的生活相较从前更为忙碌。她需要管理各抒己见的科员，替黑塔回复多如牛毛的信件，以及频繁和公司交涉，从各种渠道购置新的设备…但与此同时，她也在这里获得了最大的自由——
「调用2号设备舱的纽尔•伊曼望远镜，设置100倍天文单位，观测前方『星前云核』。」
「要特别注意粒子密度，一旦发现超致密结构，马上开始记录『恒星胚胎』的分裂过程。」
闲暇时，艾丝妲偶尔也会想起，自从自己接手这个空间站之后，黑塔女士已经许久没有出现。她也曾询问过，得到的只是「没有趣的新东西，我就不来了」这样的回复。
「…还不如听这小姑娘和你们吵架有趣。」
她想起很久以前的那一天，黑塔漫不经心地跟身边人说道。
回忆中的黑塔仿佛站在绚烂的星光中，带给她掌控星空与自己命运的力量。"
花火,1,其一,"女孩是被遗弃的孤儿，活着，却不知自己在哪，从何而来，要往哪去——直到那个戏团路过，她跑去看，远远看到黑色双马尾少女像一条鱼，从舞台的这侧游到那侧。少女戴着面具，很多种面具，但这不妨碍她在舞台上的大笑与痛哭，即使与观众离得那么远，却像在他们眼皮底子下表演。游鱼也悄无声息地在女孩的面前跃起，再入水，泛起涟漪。
她才逐渐意识到自己的行为，是「自己」在「舞台下」观看「表演」。
她又去看了很多次，不分早晚。但她仍旧只是观众，舞台上的聚光灯不会落在自己身上。散场后，她去了后台，黑色双马尾少女递来一个面具。
「我可以吗？」
「为什么不呢？反正戴着面具，他们认为你是『花火』，那你就是。去吧。」
作为第四面墙的幕布拉开，灯光还没亮起，她看着台下，那儿只有一个黑洞，即使隔着面具也令人难安。她知道黑洞里坐着密密麻麻的人，他们看得到她，还听得到她说话，她总忍不住想着「花火」的表演，想调整自己的动作、声音、仪态，方方面面。
「就第一次来说，做得非常不错。」
「但那和你的『花火』…不一样。」
「这是个问题，但你不让别人知道，就不是问题…而且明天戏团就要走啦，所以只要你想，在这儿你就是花火，花火就是你。你想让她是什么样，就是什么样。」
她欲言又止，少女揉揉她的脑袋。
「除了你也没多少人来看我们，小戏团嘛，我们也不指望自己能扬名银河…偶尔能碰见你这样的孩子，能记住有这么个角色叫『花火』，就足够我高兴好一阵子啦…别哭，这个面具你留着，这就是你的面具。」
她点点头。
「听好了，只要戴上面具，你谁都是，也谁都不是…要是真想当演员，就别只盯着这个小小的台子，去更大的地方吧。」"
花火,2,其二,"女孩身为人偶一族的末裔，没有选择的权利，她拿到的是哪个面具，就必须依据「面具」的安排度过此生。人偶只是「面具」的载体罢了。
在他们的传说中，面具与人偶融合得越久，便越有可能使人偶获得灵魂，让他们看上去和「人」无异。但在人类的传说中，面具成了能令死去之人复生的工具——正因如此，她的族人日渐稀少。
然而她对成为人不感兴趣，只当个按部就班的人偶也不是什么坏事，反而遵守面具的命令，恐怕难逃被追杀的下场，但面具的意志却难以违背。
首先是动作。
按「面具」的意志，她开心时要露出甜美的笑，哭泣时要以手扶额，愤怒时要从齿缝里挤出字来，嫉妒时则要斜着眼睛，绝望时要大呼小叫。还有一些标志性的动作，比如她微微挑眉时必须要以左侧脸面向对方，表达爱意可以将手抬起，表现捂胸口的趋势，但最后得把手放下，因为轻咬下唇才能体现她真正的心意。
然后是声音。
按「面具」的意志，她快乐时的声调就应该高高扬起，抒情时就得柔声蜜语，陈述时就得沉稳平直，仇恨时就得咬牙切齿，悲伤时哭腔则是不可或缺的。
神奇的是，她就这样生活了许多年，完全融入了周围的环境，甚至成为了一名剧作家。从没有人怀疑她戴着面具。但她也禁不住思考，世界上有没有另外一种「面具」。也许戴上面具的人，会哈哈大笑着复仇，会眼含热泪着微笑，或者愤怒时则一言不发…也许会用最平静的语气，说着最刻薄的话。
由于「面具」的意志，她自然无法做到这点，但她是一名剧作家，让舞台上的角色如此表演，对她来说还是易如反掌。
某一天早晨，门铃响了，但门口不是她熟悉的邮递员。
「花火小姐，请问现在方便么？」
「我们看了您的新作，不知您是否对『面具』，有所了解呢……」"
花火,3,其三,"无貌的少女意识到自己一定受到了某种诅咒，不然为什么感受不到任何外部的刺激？痛感、味觉、嗅觉都很正常，她却无法对此做出反应，自然也丧失了喜怒哀乐，体会各种情绪的能力。她只能尽力弥补，试图提供不同的场景，通过观察来询问其他人的感受。
「…如果你在喝一杯很苦的茶，你觉得怎么样？会怎么喝？」
虽然被绑在椅子上不得动弹，但左边的流浪汉男士还是做出赞赏的姿势点点头，中间的女孩马上哭了起来，摇着头拒绝，右边的年长女士则嫌弃地皱了皱鼻子。
「如果你身处一个极其寒冷的小屋，手边只有这杯茶怎么办？」
男士自然不必说，女孩哭闹了一阵后接受了，女士则还是摆出拒绝的态度。
她不断变换预设，日以继夜地提问，直到受访者忍受不住昏了过去。她将他们送回家中，搜罗另一批人来接受她的采访。
那段时间，小镇里的居民都做着同一个噩梦，他们被关在一个地方，面容模糊的少女礼貌地向他们提问，他们没有拒绝的权利，只能对回答做一遍又一遍的补充，直到少女将每一处细节都面面俱到地记录在一个又一个纸面具上。一个写满了，就换下一个。
这个噩梦很快又被另一个噩梦取代了，居民们声称半夜会看到纸面具在空中飞舞，彼此交谈，它们隐隐发光，又转眼熄灭，就像夜空中的花火一般。他们每晚都会出现，仿佛是在小镇暗处生活的居民。
在一个幽暗的地下室，少女并不知晓这个噩梦。她搜集了足够多的资料——人们细微的情感，对不同事物的看法——用于制作更多的纸面具。她坚信，虽然自己无情无泪，但自己制作的那些面具却有血有肉，甚至终有一天，会成为真正的生命。"
花火,4,其四,"「有几个版本的身世特别招人喜欢。」到了愚者的「酒馆」，花火也只能大大方方地承认，「喜欢和相信是两码事，但大家更愿意相信自己喜欢的故事是真的。」
「撒谎？拜托，我不是为了讲一个精彩的故事，编一段博人眼球的经历…我是为了我自己才全心全意地锻炼和鞭策想象力，想象各种各样的生活，寻求刺激，然后尽我所能地表演、展现、还原，在想象力的气球爆破前的一秒，刹住车。」
「说真的，只有剧本当然不够，首先我自己就得毫无保留地相信我扮演的角色真的存在，然后我要想象这个角色还会出现在其他什么故事里，为了让表演的动机有逻辑，有情感，我总是要补充额外的信息。」
「然后，我觉得我才能抓住这个角色，不受其他人的影响。毕竟我可能还会碰到其他愚者，在确认彼此的身份前，我可不知道你们想干嘛。有时候，你们只是喜欢某个角色的外形，有时候你们就是想体验一下玩玩——我有时也会这样。」
「当然还有些人，只是把扮演当作一种交易手段，或者你们希望自己被当作其他人，因为这可能会带来不可预知的财富、地位、权力…总之我想说的是，在这样的环境里，除了我自己，谁能保证我不会偏离正轨，变成其他故事里的角色？没有！所以你看，我必须得不知疲倦地想象，还有扮演。」
「没有，我没有否认…这真的让我上瘾。我越想象，我就越沉迷于这些角色，沉迷于我为他们构造出的美妙的、悲惨的境遇，沉迷于他们在这些境遇下可能萌发的情绪……」
「当然，以前我当然想过那种人生…跟个戏团，当个演员，去不知名的星球表演几场，创造一个与自己同名的角色…但有一天，我突然想通了！」
「想要表演，还有比自己的人生更富感染力的舞台吗？」"
藿藿,1,其一,"昏迷复醒的藿藿被第一次带到十王司时，司内的一切对于她来说并非新奇，而是阴森恐惧。
白发判官察觉到小女孩的不安，以尽量温柔地语气询问她。
「小姑娘，我问问你，你是怎样遇到『那团火』的？」
「…我只记得，它孤零零地落在路边，就快要熄灭了，我…我想帮助它。」
「于是你把『那团火』放在了自己的尾巴上？为什么？」
「我、我也不知道，等我意识到了，就已经这么做了…对不起。」
「真是个善良的孩子，你不必道歉…不过从今天开始，你要接受我们的看护了。」
「嗯…谢谢大人。」
「我叫寒鸦。」
「啊，谢谢寒鸦大人，我…我叫藿藿。」
名叫寒鸦的判官思绪回到了几天前——
十王司收到求救，她奉命出巡，找到了即将被岁阳吞噬的狐人小女孩。寒鸦见小女孩年幼柔弱，而那岁阳也并非泛泛之辈，若要强硬拔除，必然伤及性命。情急之下，寒鸦只得书写符敕，将岁阳镇伏于狐人小女孩的尾部——亏了岁阳先从尾巴下手，属实万幸。
「…这究竟是对是错呢？」
判官喃喃自语道。"
藿藿,2,其二,"岁阳脾气暴躁、孤高自傲，但并非无法交流。它受不了藿藿那哭哭唧唧的样子，也不太理解狐人的社交——小女孩会因为「尾巴在燃烧」而遭到同学排挤。
「你把那个符纸给老子揭咯！」
「不行，寒鸦大人说符纸不能揭……」
「你听到了，他们竟敢取笑老子！本大爷从来就没有受过这样的委屈。」
「…他们取笑的是…我……」
「那你自己去，你自己动手，你要是不能给老子出这口恶气，就别来见我。」
「可，可是，我不敢。」
「哎呀，这样吧，你深呼吸，放空大脑，什么都不要想，老子来帮你解决。」
「…寒、寒鸦大人说符纸不能揭……」
「你别管，照做就行。」
…等小姑娘回过神来，「恶鬼附身女魔头」的传说不胫而走。
在那之后，藿藿打听了不少有关岁阳过去的故事。不知道多久以前，名叫「燎原」的岁阳败给罗浮将军后被分成若干分灵碎片，被封印到了造化洪炉之中。漏网的岁阳原本是「燎原的孤高」，从不愿附身于任何人，漂泊隐匿了千百年…直到奄奄一息，直到被藿藿捡起。
「为了不惹人注目，我就叫你『尾巴』了…」
岁阳对此不置可否，当作是默许。"
藿藿,3,其三,"藿藿被早早送进十王司内，为的是避免尾巴那货跑出来为非作歹，图个安稳。
渐渐地随着她逐渐熟悉冥差工作，藿藿开始对十王司记载的各种「邪祟」如数家珍。
「雪衣大人，上、上次备好的符箓，好用吗？」
「好用，对付星灵生物绰绰有余。」
「嘿嘿…那就好，我也不知道效果如何嘛……」
「自己试试呢？」
「不不不，我怕……」
「藿藿，所谓『邪祟』，多半是外星生物或以某种形式存在的有害智慧生命。」
「雪衣大人，我知道它们是什么，却还是怕得不行，我想，我是不是不适合这份工作呢……」
「…只能问问汝自身了。」
藿藿并非对自己的胆小无动于衷，她尝试过，想要培养战胜「邪祟」的勇气。
她熬夜观摩乙级小成本恐怖喜剧片，试图磨砺胆量，却只得到了黑眼圈。她全数购入新式科学驱魔道具，用来提升战力，却只是让钱包变得更干瘪。尾巴常常讥笑这些尝试徒劳无功，并想尽办法在过程中添油加醋，变本加厉。
「最吓人的还是尾巴……」
但在雪衣看来，藿藿对尾巴早算不得是「畏惧」了。"
藿藿,4,其四,"尾巴最初与其他岁阳无异，打算「吃掉」藿藿，附身取代她的名字、身份，享用她的七情六欲。
后来，尾巴发现看藿藿吃瘪也是一种乐趣，反正总有一天要吃，也不急这一时。
「尾巴、尾巴！救救，救救！」
「关我屁事，你那句话怎么说来着…『要独当一面』，这机会来了不是吗？」
「下次再独当一面，救救啊！」
「先提醒一句，你若是嗝屁了，大爷我就自由了。不过…老子做事向来从始至终，不把你这块肥肉啃下，岂有随便离开的道理。」
「你身为十王司判官，死后妄纵妖物肆虐仙舟，何其失职…喂！干什么，你们这些小杂碎，只有老子才可以凶她。」
「啊啊啊呜呜呜！」
「闹他娘个天翻地覆！」
尾巴附身让藿藿犹如蜜糖之于花蝶，烛火之于飞萤，屡屡被各路妖物关照。
藿藿总是抱怨这「贞凶之命」与尾巴脱不开干系，尾巴也觉得自己当年撞上藿藿也算是倒了血霉了。可是漫长的时间过去了，尾巴也会在藿藿吃瘪够了之后答应帮忙，但它依旧不会承认这一份交情。
「奉十王敕：冥差藿藿，艺精业勤，资赋具足，可堪要任。即日擢为判官。」
十王司下达了她的升职通令，至此，藿藿的见习判官生涯开始了。"
虎克,1,其一,"「██年██月██日，地点：诊所，与虎克谈心，内容记录如下：」
「费斯曼老爹很早之前就是爸爸妈妈的好朋友。那时候，我们住在北方的一个小镇上。有一天，妈妈去了裂界里，再也没有回来。妈妈最喜欢吃岩烧洞螈了。爸爸很想她，所以每天都给我做岩烧洞螈吃。」
「后来有一天，当我回家时，我看到爸爸躺在床上，看起来很难受。我急哭了，赶紧去找住在隔壁的费斯曼老爹。他说爸爸是生病了，就带着爸爸和我去找镇上的医生。」
「我们陪着爸爸在医生那里住了好几天。最后，钱全都快花光了，但爸爸偷偷对我说，让我把钱存着，他觉得那里待着不舒服，想要回家。于是我就去找老爹，想要把爸爸送回家。结果，我和老爹回来的时候，他就不说话了。」
「老爹一直跪在地上哭，可我不明白怎么回事。老爹解释说，是爸爸太想妈妈，就在梦里去找妈妈了。我问老爹，他什么时候会醒。老爹就只是一直哭，没有回答我……」
「虎、虎克才没哭呢！不用…娜塔莎姐姐…不用给我纸巾……」
「…其实，我后来偷偷问了医生。我知道，爸爸其实是死了，永远不会回来了，妈妈也一样…我知道，老爹是不想让我伤心，所以才一直对我说谎……」
「我知道，老爹是世界上最好的人，我也最喜欢老爹了……」
「所以，我要和大家一起找到宝藏，然后给老爹盖一间大房子，还要帮老爹把病治好！」"
虎克,2,其二,"「██年██月██日  天气：还是好冷  心情：不好（划掉） 普通」
「今天，阿丽娜的爸爸妈妈来看她了。阿丽娜很开心，看到阿丽娜这么开心，我也很开心。」
「我想起了爸爸妈妈，我已经好久都没有见过他们了！虽然费斯曼老爹对我非常非常非常好了，但我还是好想爸爸妈妈！」
「晚上，老爹又给我解释了一遍爸爸妈妈回不来的原因。但其实我都记得…因为老爹已经讲过好几次了！」「我发现，老爹最近好像很容易忘记自己说过的话！我去问了娜塔莎姐姐，她说这是因为老爹年龄太大了。我又问她，能不能帮老爹治病。但是，她说自己也没有办法治好老爹的病，还对我说了对不起。」
「我想，肯定是老巫婆觉得我最近表现不好，所以才骗我！她可是镇上最厉害的医生，什么病都会治，怎么可能治不好老爹的病呢？」
「好吧，我决定，只要老爹讲过一次的话，我全都要替老爹记下来！因为我可是最厉害的鼹鼠党的老大呀！」"
虎克,3,其三,"「██年██月██日 天气：好冷 心情：很开心」
「今天，我去了『机械 木（划掉）慕（划掉）墓场』，想要找一个合适的兵器。作为老大，必须要有一个厉害的兵器！」
「我在那里认识了一个女孩子。她比我大几岁（但我还是老大！），穿着一件很漂亮的红色外套，但是没有穿鞋子。我不知道她为什么不穿鞋子，我觉得那样会很冷！可能她不会觉得很冷吧。」
「她的头发是白色的，就像雪一样，非常好看！我也想有白色的、长长的头发。」
「她很害羞，一开始不敢和我说话。但是没关系！我 超级喜欢说话（划掉）超级会交朋友！我和她聊天，聊了很久。我知道了她叫克拉拉，而且，她的爸爸原来是一台好大的机器人！」
「她的爸爸很帅气，但是没有费斯曼老爹帅气！我和她成为了好朋友，她还帮我找到了很厉害的『洞洞机』！她现在是鼹鼠党的荣誉队员啦！」"
虎克,4,其四,"「██年██月██日 天气：非常好 心情：非常不好」
「今天，我打破了老巫婆的一个 式管 试官 试管，被批评了一顿。」
「老巫婆好凶！她总是不让我们中午一起玩，只能睡午觉，太讨厌了！」
「我们应该反抗她的 抱正（划掉） 抱政（划掉） 饱政（划掉） 暴政！不能让她 为为所所（划掉） 为所为欲（划掉） 为所欲为！」
「我要成立一个『鼹鼠党』，把诊所里的小朋友全都 抓（划掉）逮捕（划掉）要请（划掉）邀请进来！一起反抗那个老巫婆！然后，我们就一起吃好吃的、玩好玩的，没有人可以阻止我们！」
「我就是这个鼹鼠党的老大！还有，是诊所的老大！我要每天狠狠批评老巫婆，还要让她每天做 清务（划掉）家洁（划掉）清洁！哈哈哈哈哈！」"
貊泽,1,其一,"狐人医士用羽扇半捂着脸，颇为痛切地看着眼前的景象…无数眼、耳、舌、齿、肢节、毛发在已死的躯体上疯狂增生又脱落，仿佛只是在徒劳地感受最后的痛苦。
久违地，他感到一丝不适，不止是因为眼前的狼藉，而是又想起了模糊的从前。
「药王慈怀…生无涯…老不至…死回生……」
药王信徒拥簇一团，其中一位似是重伤，但身旁之人却照旧叨念着那些似曾相识的言词。
「丰饶神迹护身…快…把它喝下去……」
「痛苦只是暂时的…你会重新拥有完整的生命，绝不会陨于此…刻——」
下一瞬，说话的人已然倒地。乌衣影卫现于光下，肃杀地立于他们面前。沉默也难掩此处再次涌动的杀意。
……
「那些人早就算不上是人了，他们可没痛觉…你呢？伤成这样，你想告诉我你也没痛觉？」
狐人医士将药粉洒在他的伤口，一如既往絮絮叨叨。
「我们本来就是去侦查的，早说了后面还有大部队…怎么就先动手了？」
他没有说话，只是低头看着手里刃口弧度犀利，残留着血污的匕首。
这些年，从一次次的任务中，他早已知道当年的「家人」究竟是什么。但他不愿细细回想，也不愿承认，自己的立场早已与当年不同——不然复仇与契约，还有什么意义？
「痛吗？」
「……」他还是没说话。
狐人医士手上却加快了速度，用纱布缠裹他的伤口，系结，又不经意地使力按了按。
「痛……」
「痛就说呗，忍着对你有什么好处？我看着都痛死了。」
他点点头。
他习惯了不说话，但也开始习惯了有人替他说话。"
貊泽,2,其二,"「你是谁？」
他没有说话，但将死之人话却格外的多。
「我知道了。你是飞霄的影卫？被我猜中了是不是。一辈子行于黑暗，做见不得光的事……
「不如我给你个机会，我家主人想知道『飞霄有步离血统』——这个传言是不是真的？如果我们能达成合作，等未来扳倒飞——啊！」
事情和他想得一样。于是他干脆地结束掉这次任务。
这是他身为影卫的职责，无所谓正确与否…他的行动只是基于命令。
因为，对他个人而言，每一次成功的行动也是一次机会…复仇的机会。
「一次成功的任务便能得一枚巡镝，一枚巡镝可换一次行刺后的宽恕。」
他曾一度担心自己无法接近飞霄，却被她指定为曜青的影卫，跟随她的身侧。
他对飞霄的行刺从未成功，却练就了一身神出鬼没的本领。这柄黑暗中出击的利刃，其所向不仅指向曜青将军本人，更是指向所有曜青仙舟的敌人，成为无所不在的影子。
「难道你就是…鸦羽怪人吗？」
又一次任务结束。那倒坐地上的小孩怯生生地问道。
「他们说鸦羽怪人会打击坏人，惩恶扬善…但他实在穿得太黑了，没有人看得见他……
「你那么厉害，还穿得那么黑，所、所以…谢、谢谢你救了我！」
惩恶扬善吗？并非出于这样的目的，他只是在执行任务中顺手救了他一命。但他确实早已习惯将自己隐匿在各处暗影中，窥察四周，不放过任何一隅。
在小孩熠熠的目光中，他清楚地看见了身着乌衣的自己。
行于黑暗，也立于黑暗。
鸦羽怪人也好，影卫也好，都成为了他的一部分。"
貊泽,3,其三,"「报告将军，药王秘传残党已尽数擒获一百一十七名，待交由十王司镇入牢狱。
「但那个少年，应该是被药物折磨的，您看……」
他躲在阴影处，被唤作将军的女子朝他走了过来，显然是早已发现。
「到时，我们应彼此承继意志。」
脑中想起的声音毫无感情，但日复一日的聆听却令他在此刻举起匕首。
可不过一眨眼，手中的匕首已落了地。
「想杀我？」
「你杀了我的家人。」
他注意到那狐耳女人的眼神似乎有一瞬的怔忡。
「你把他们当家人？」
「他们救了我，所以我活着。」
她松开手，摇了摇头。
「看来你什么都不知道…罢了，之后会有人来安排你的生活与住处，你跟着他们走就好。」
她转过身离开，但少年并未起身，只是紧盯着她的背影。他知道，这也许是最后的机会。
他拾起地上的匕首，自那背影后侧跃起，挥刺向前。
「这招不错！」她赞扬道。
这一次匕首并未掉落，而是到了女子的手中。但他仍未放弃，左突右闪不成，竟发了狠要咬女子的手。
「咬人可不行…哎，没事，你们别过来…这孩子怎么跟我以前在步离军营那会儿一样的。」
女子也不出手，只是躲着。少年气喘吁吁，却仍伺机寻找她的破绽。
他们就那么僵持着。
「这样吧，不如你跟我一起回去。」
女子拿出一枚巡镝，递给他。
「我答应你。只要你跟我走，往后你便可以向我发起挑战，直到你复仇成功。」
「什么意思？」
「只要你跟我走，你就可以随时来杀我。」
不光是少年，连周围的青丘军也怔住了。
「当然，在杀了我之前，你得听我的。按时吃饭、读书、练武…对了，还得每天洗澡。」
少年艰难地咽了口口水。
「杀了你之后呢？」
女子怔了一怔，哈哈大笑起来。
「那自然是你想做什么，就做什么。」"
貊泽,4,其四,"「药王慈怀…听话，咽下去，你的病会好，不仅会和长生种一模一样…还会活得很久，很久……」
他试图吞咽药物，却不敢呼吸。
这样的痛苦，他不知还要经历几回。浓稠的液体流过食管，有如吞针一般。强烈的呕吐欲挤压着他的胸腔。
「咽下去，不能吐，这是药……」他的身体也在这么同他说道：咽下去。咽下去。咽下去。
咽下去。就不用面临野兽的威胁，不再会陷入难以逃离血盆大口的恐惧。
咽下去。手脚不再无力，不再会眼睁睁看着同伴死亡。
咽下去。
药物开始被器官和血肉吞食，陌生的力量在体内横冲直撞，他想大口喘气，从腹部细密蔓延至四肢的咬噬和撕扯感却让他感到窒息。
「忍过去，跟之前一样，只要忍过去……」他已发不出声，只有身体在同他说话。
忍过去。他不再是被村子丢弃、遗落荒野的孤儿。
忍过去。他说的每一句话都将被回应，不再孤苦伶仃。
忍过去。
「貊泽？感觉怎么样…
「很好，你再次撑过来了。
「再坚持下，不要害怕，你的病症将被尽数消除。
「到时候…猎杀野兽，保护同伴，长命百岁…你想做什么都可以。
「而身体痊愈之时…你将获得完整的生命…也将成为我们真正的家人。
「到时，我们应彼此承继意志。」
原来需要熬过这么多的痛，才能唤来家人。
「痛……」
他终于坚持不住，痛苦从牙缝里挤出了声音。但身边人只同他说：
「莳者一心，同登仙道，安度此劫，胜即是生。
「药王慈怀。」
他说的话无人在意，于是他逐渐习惯了不说话。"
赛飞儿,1,其一,"「拾线月末，神殿丢失面包若干，干果一袋，蜡烛数根。
失物虽微，然而亵渎神圣，扰乱秩序，是为大罪。
经勘察，嫌疑人灰发猫耳，身形瘦小。其人行动灵活，诡计多端，需多加小心。
提供线索者，赏金五千，活捉者，赏金一万。」
——张贴在多洛斯城中的通缉令
「抓住她，抓住她！」
遍布监牢，污水横流的广场，鞭打与哀嚎不绝于耳。
衣衫褴褛的女孩奔逐于人头攒动的街道，金色的鲜血一路滴落。
她跑过高台，大腹便便的祭司向着满城的信众发表演讲。
「刻法勒在上，让我们赞美感恩这个美好的世界……」
「正直，诚信，宽恕……
「——我们用美德浇灌灵魂，用爱感化灾厄……」
女孩刚一回头，穷追不舍的猎犬向她扑来，脸庞又添上三道伤痕。
「金钱与财物对于泰坦而言一文不值，然而却能当作汝等虔诚的证明……」
欢呼声中，绫罗、美食、珠宝被抛向高台，堆积成山。
「不要听信那些黄金裔的狂言。相信刻法勒，只要我们真心祈祷，神明便会降下拯救……」
她挤过人群，手上的面包不知掉在了哪里。
她艰难四顾，只有居高临下的面孔像骚动的潮水一样向她涌来。
双腿渐渐发软，嘲笑的眼神、恐吓的微笑在眼中逐渐模糊。
但远方的声音已经咬到了她的耳朵，她不能停下。
「小偷！」
「罪犯！」
「混蛋！」
闭上双眼，她转身跳下足有百丈的城墙。
「好…好饿……」
冰凉的河水淹没了她的思绪。
在以生命为赌注的奔跑中，她赢得了第一次惨胜。"
赛飞儿,2,其二,"流亡至黎明的圣城，她目睹黄金裔的传说在城中激荡。但当她看到那些逼仄肮脏的角落时，只觉得这里与多洛斯并无不同。
「哼，什么逐火，什么英雄，按赛法利娅的经验判断，其中定有不可告人的猫腻！」
将黄金裔视作沽名钓誉的骗徒，她把手伸向那黄金的织坊。
「蜜酿？棋盘…还有一把怪模怪样的琴？都是搜刮来的吧……」
她饮下蜜酿，大啖葡萄叶包饭，耍弄着水晶的棋子。
「呵，地板还会转呢……」
待她从酩酊大醉中清醒，手中多了一封带着香味的密信。
她寒毛狂竖，挣脱毯子，逃向自己阴暗的小窝。
「小馋猫：
玩得还开心么？织坊厅堂被你当作了肆意嬉闹的游乐场。
你品尝蜜酿，不胜酒力。棋盘乱作一团，连旧琴也不放过。
有句话你需记得：蜜酿须饮尽，世事有转圜。
知道你手艺甚巧，把你碰坏的琴修好。幸好那位骑士统领不在，不然她一定会用剑锋钉住你的尾巴。」
拿着密信，女孩心中第一次涌出来说不清的感受。
「大城邦的人…花样这么多啊。」
流浪的猫儿等了一天又一天，却没等到严厉的兴师问罪。
于是，她吹着口哨，抛着金币，一次次装作不经意在织坊门前停下脚步。
「飞儿，有什么想吃的，直接和*我们*说！」红发的女孩们每次都准备一大堆食物。
跟随织者编织的时候，她常常听到那些英雄的故事。
「对于流着黄金血的人们来说，逐火是不断失却的旅途…即使连生命本身，也微不足惜。」
织者谈起提琴最后的悲鸣，死局中陷落的棋子，碎作千道的门径……
「…那跟我有什么关系？我只是想吃顿饱饭而已。」
她嘟囔着，蜷起了手指，不小心刺破的指尖上，冒出一滴小小的金色血珠。
这一晚，她也悄无声息地溜出了织坊。
「没关系。奔跑吧，赛法利娅。
只有你知道，你的终点在何方……」
月下的身影从视野中消失，房间中只留下织者的喃喃自语。"
赛飞儿,3,其三,"「扎格列斯，旧日的诡计之神：
偷窃珍宝，挑唆诸神，掀起纷争——
你的老把戏，我们已经看厌了。
在那即将到来的幽灵日，三百侠盗将于翁法罗斯上演迄今为止至为精彩的剧目。
世界将由我们收下，胆怯的神——
看看我们是怎么把世界搅个天翻地覆的吧！」
——绘有猫爪的预告信，散落于翁法罗斯各个城邦
「从奥赫玛向北，越过覆雪的山脉，便是厄涅俄努斯。
「在那里，我偷偷改了花岗岩法典上的两个字，在裁定生死的审判里赢得了一位侠盗的卖身契。
「南方的海湾里，我扒上抛锚的船，在风暴中与一位侠盗单挑，我最讨厌水了！
「后来你猜怎么着？我灵机一动，拿出吸吸乐把他的长剑吸走了！
「还有呐，在大漠的烈阳下和亡命徒比谁能坚持不喝水，在密林中与猎手比追逐，直至三百侠盗归位……」
穿着金靴的少女眉飞色舞地讲着这一路的经历。
「然后，该让全翁法罗斯的僭主、蛀虫、奴隶主，见识下他们口中混蛋的力量了！」
她回想起翻飞之币落下的刹那，三百颗贼星滑过天穹，奔赴翁法罗斯的大地。
高高在上的僭主从王座滑落，手挥长鞭的奴隶主狼狈逃窜，如雨的金钱凭空消失，又自天空落向饥寒交迫的人群……
在那场盛大的表演中，扎格列斯忍不住诱惑而露面，正中黄金裔的埋伏。
燃动的火种，最终沉寂于涡心。
奥赫玛城中，渐渐传起那神速无影的半神之名，流浪者的保护神，作恶者的惩戒人——
「我能做到的，只有奔跑呀。」"
赛飞儿,4,其四,"「致各邦司铎、主祭、辅祭，全世之座照耀下的信徒，以及一切有知的生灵：
自大司铎逝世以来，全世宝石不知所踪。
经排查，现场并无任何破坏的痕迹。宝石失窃后，曾有数人报告，目睹其流入黑市后被换成巨额的利衡币。
凡提供有效线索者，可得五千利衡币。缉拿罪犯者，可得十万利衡币。」
——元老院泛黄的告示
「难得回来一次，过了这么久，还没撕掉啊……」
她记得告示贴出的那一天，那个不得不告别的刹那。
她不敢看织者的眼，只能匆匆转身从奥赫玛逃离。
数百年后，新的英雄自翁法罗斯各地而来。她戴着兜帽，远远看着旧日的集市，认识的人却已没了几个。
「酸瓜糖出新口味了？」
将包装纸团成团，她随意弹向花丛的方向。
「玻璃弹珠，好久没玩了！」
她掂量着弹珠，比划着朝水中掷去。
……
片刻之后，花丛中，水中，树上…刺客装扮的人纷纷掉落——
在更远的前方，是那凯旋而归，沐浴光芒的年轻英雄。
她藏在阴影中看着，直到身旁的金线颤动。
「裁缝女，过了这么久，你的金线还是那么灵敏呐。不想被你抓住，该走喽！」
她伸了个懒腰，微微蹲下，那吹来的风带着荒野的气息——
金色的闪电又一次自奥赫玛飞向永夜。
在那呼啸的风中，她仿佛回到了小时候一场又一场以生命为赌注的奔跑。
「奔跑吧，赛法利娅……
只有你知道，你的终点在何方……
终有一日，你能够奔向那个辉煌的未来……」
电光划破黑夜的一瞬间，世界似乎都已被她照亮。"
远坂凛,1,其一,"圣杯战争本是魔术师之间为实现胜利者夙愿的残酷厮杀。身为时钟塔的学生，远坂很少提起这段过去。
她的同学，她的妹妹，她在普通学校的老师，她在魔术道路上曾经的指引者（事后证明还是她的杀父仇人）…形形色色本不应有多余交集的人们共同织就了当年那场残酷的斗争，梳理起来实在千头万绪，又容易引人误会，不如索性不讲。
自己是圣杯战争的「赢家」也好、当过亚瑟王的御主也罢，真要传出去，且不说被别人嫉妒，要是被当成远东来的土包子傻瓜，那才得不偿失……
…才怪。
远坂根本不会在意这种小事——「还有更重要的事要做，低调些，乖乖当个别人眼中的好学生吧。」——她如是想。
不过，这点小心思瞒不过她的导师；好在他也是个特立独行的老好人，在圣杯战争领域还是她的前辈……
「啊啊，真是的…这世界上的巧合也太多了吧。」
吐槽归吐槽，两人还是一拍即合，把冬木市的圣杯彻底解体，终于结束了这场病态的魔术仪式对当地人长达数百年的折磨。
当然，对远离魔术世界的凡人而言，不过是诸如瓦斯爆炸、连环车祸之类的事故率又下降了几个微不足道的百分点……
但对于远坂来说，这件事或许意味着她的童年真正结束了。
「我走了，之后的事你知道该怎么做吧。」
时至今日，她总算能够坦然地面对父亲这句称不上遗言的嘱托——
或许不如父亲初衷那样荣耀，但既然肩负远坂之名，问心无愧就是最正确的结果。"
远坂凛,2,其二,"家乡的圣杯已被解体，魔术师的事业还要继续。
远坂家族世代相传的魔术基于「转换」构筑，本质是对力量的积累、流动和变化的操控，媒介则是宝石。
「我知道这很烧钱啦，还不是没得选嘛。宝石的能量密度无可取代，要想做出了不起的成果，就不能心疼实验材料……」
「呃，说不心疼其实是假的…当然心疼了！超心疼的！每年能进账上千万元结果却还是月光族，谁想过这样的日子啦！」
「…抱歉，失礼了。说到底，我有着不得不去做的理由。」
——无论何时，都要秉持自信与优雅，全力以赴。这就是远坂家的家训。
不过，要是让伊什塔尔听到这些话，说不定要建议远坂去当海盗了呢。
恐吓、抢劫、诈骗，对金星女神来说，这些都是再正常不过的赚钱手段：威胁拆毁冥府，强夺天神之屋，灌醉智慧之神骗取法宝，纵容乌鲁克人勒索外邦…可谓战果累累。
自认是老好人的远坂完全不明白自己怎么会和这样的一位神明结下缘分。
「总不能是因为我很需要钱，而她恰好很贪财吧？」
…虽然真正的理由并非如此，但好像确实难以反驳这种可能性存在。"
远坂凛,3,其三,"自从和女神结下缘分，远坂的位面与次元之旅就开始变得奇怪起来。
「怎么说呢…就是感觉越来越容易穿越到奇怪的地方，遇到些奇怪的事情。
「比如说，有一次我不小心钻进了不知道哪个星际帝国的军事要塞里…刚想手忙脚乱地找个地方藏起来，却发现对方根本看不到我，我可以像幽灵一样想去哪里就能去哪里。
「还有一次，我去参观了一座建设在小行星上的博物馆，结果里边全是赝品——因为馆长说，四千年前有个和我长得差不多的人把真品都偷走了！
「还有还有，一座表面上看起来很正常的城市，但那里的法律禁止任何人在公共场合说『我保证』——如果违反，就要罚抄他们的哲学专著，《论承诺的不可靠性》。
「我顺便打听了一下这本书的来历：当地人说这书最早是三千年前一个路过的女神留下的便条，被历代哲学家不断扩充才成了一本专著。
「那本书的第一页只有一句话：『我保证』……」
…但是！
虽然听上去不可思议，公允地说，伊什塔尔仍是一个善神。
至少，在神话里，她从来没有直接动手抢凡人的东西——
*一些被涂污的字迹*
在文明需要守护者的时候，她总会站出来对抗文明的敌人——哪怕嘴上充满了言不由衷的抱怨和坐地起价的任性。
更难得的是——当意识到自己其实在助纣为虐的时候，她也能果断放弃旧的契约，撤销对亚述人的庇佑，帮助巴比伦人完成史诗般的复仇。
*笔者注：本人在撰写过程中并未受到高贵的天之女主人伊什塔尔及其相关人员暗示、贿赂或暴力胁迫。*
「某个装腔作势的时钟塔老师说，这才是我和金星女神能结下缘分的真正原因……
「真是的，他究竟把我当成什么人了？」
好吧，我们就姑且承认远坂从来不曾展现过「言不由衷的抱怨」和「坐地起价的任性」，也没有本来打算赢得圣杯最后却毅然决然地摧毁圣杯的经历。
不过，即便如此，远坂和伊什塔尔之间，似乎仍然有一些不可思议的联系……"
远坂凛,4,其四,"「…嗯？想说我们都是『土豪』吗？
「我，不，要。这么说，搞得我好像生来就在占别人便宜似的…不过，要是有人会因为这个讨厌我，也确实说得过去。
「虽然，那个最该讨厌我的人，却完全没有因为这件事讨厌我……
「…扯远了。『土豪』就『土豪』吧。
「能力越大，责任越大。还是那句话：身为远坂家主，我有着不得不去做的理由。」
「至于金星的女神…哼，她肯定不会从这个角度考虑问题吧！」
「身为诸神的宠儿，她肯定一点生活压力都没有。你看，她做什么都是理直气壮，炸山也好、下冥界也罢，还有说求婚就求婚，说翻脸就翻脸——
「啊啊，说到这个，她会向那位狂妄自大的金闪闪求爱，还真是一点都不奇怪！」
「不过，仔细想想…她应该也有自己的原则，不是完全胡来…吧。
「亚述人也像乌鲁克人一样对她顶礼膜拜，她要是只觉得『谁给我好处我就帮谁』，那贫困潦倒的巴比伦人来求她的时候，她应该完全无视才对。
「可她最后却向巴比伦人显灵，帮助他们攻陷了亚述的都城……
「…等等，我怎么开始替她说好话了？你也看到了，不论帮助谁，这个女神的最终目标仍然是统治世界、作威作福而已！
「至于为什么要管一些明明可以不管的事…说穿了还是任性使然吧？
「是『做这样的事比较有趣』，而不是『做这样的事比较正确』——和富有正义感的我完全是两码事！」"
遐蝶,1,其一,"自她有记忆的那天起，哀地里亚的雪一直都在，时间仿佛冻结在这片寂静的白色土地上。
年幼的她曾问阿蒙内特，雪是什么？阿蒙内特说，雪是人世的悲欢离合。
她总是出神地看着城中的人们。
小个子勇士每日都在神殿门前练武，高塔下的中年祭司偶尔喜欢打瞌睡，苦行学者将安提灵花饼分给孩子们。
远处打雪仗的孩子们推搡着，笑声就像成熟的果子落进她的心里。
她在高塔之上努力分辨着，却看不清他们的脸庞。
圣女大人——只是当她出现在众人面前，别人总是如此称呼她，无人敢直视她的眼睛。
她鼓起勇气靠近，他们却后退一步，把眼睛垂得更低。她仍旧看不清任何人的模样。
直到他们站在死亡面前——小个子勇士在战场上受了重伤，中年祭司为经年累月的疾患所困，苦行学者在救治伤患时被感染——这是她距离他们最近的时刻。
生命不再痛苦挣扎，而是在她的指尖化作风中的花瓣。
当终于有机会端详他们的脸庞，但她却转过头去，不忍再看。
「有些手是为种植而生，有些是为统治而生…你只不过是履行告别的天职而已。」
阿蒙内特的话在她耳旁想起，她曾疑惑自己的双手，究竟可以留下什么。
回过神来时，她看着手中未完成的冰雕——年轻的战士挥舞武器，母亲拥抱即将奔赴战场的孩子，眷侣依依不舍地捧起对方的脸庞……
这些人都不在了。
但这样的事还会发生，一次又一次，在风雪之中，在风雪之外。
她终于明白，哀地里亚的雪也会融化，就像万物都要走向「死亡」的怀抱。
「爱笑的尼古拉奥斯，慈祥的赫莲纳
还有如风一般寡言的克力同……
夜晚，我捧起那些
失落的名字，静默的记忆
将白日的哀伤化作
沉浸在雪水中的滚烫
……」
——少女写下的，名为「哀地里亚」的诗"
遐蝶,2,其二,"离开哀地里亚的那一天，她踏上觐见塞纳托斯的旅途，一场不知终点在何处的征程。
她斥退黑潮造物，挽救衰败的村庄。她不再是哀地里亚的「督战圣女」，却还是刻意与人保持距离，藏起自己的双手。但她不忍孩童闪亮的目光，第一次拿起针线，满足了孩子抚摸玩偶的最后愿望。
在那遍布死亡的战场，她为无法归乡的战士写下寄托哀思的家书，她也曾跟随骄傲的诗人学习，用诗篇为后者送别……
「死亡是无法逃避的必然」，「死亡是属于战士的荣誉」，「死亡不过是走出时间」…在那漫长的一路，她听过许多或直白或诗意的议论，然而这些答案犹如拂过水面的微风，从未抵达她的内心深处。
「后来…有人说，那黎明照拂的圣城满溢生的希望，我或许能在这里……」
少女欲言又止。
「没事没事，你现在不想说也没事，奥赫玛欢迎你！」红发女孩为她端来一杯热茶。
金发女士颇有兴趣地打量着少女的手套——
「很有设计感的饰品，也是旅途中学会的么？」
她羞涩地交叉起手指。
「嗯，我想…至少能让告别，更庄重一些。」
奥赫玛的阳光热烈而灿烂，黎明机器永不落幕的宣告许诺了无尽的明天。
从那小屋开始，她小心翼翼地开始第二次人生。
原本空旷的房间在她的装扮下一日日丰盈起来，羊毛毡玩偶，奇美拉抱枕，厚厚的诗集，它们不再是悲伤的象征，而成为赠礼、纪念与祝福——
那些曾为了逝者而存在的习惯，在奥赫玛的阳光下第一次有了生的温暖和力量。
「从这扇窗中望出去的风景
依然同来时的一样
阳光灿烂，水波温柔
我吹散双手的雪
不让它们太过寒冷、太接近于春天
……」
——少女写下的，名为「春天」的诗"
遐蝶,3,其三,"她知晓自己的终点与逐火的同伴不同，却也逐渐开始拥有属于自己的一些小小的温暖瞬间。
在金丝温柔的牵引下，她第一次笨拙地与人共舞。在那生机勃勃的花园，她与风堇一同制作如生般鲜活的干花。还有在树庭毕业的那日，阳光洒落她的长裙，有如蝶翅的碎影……
那些对他人而言或许无足轻重的瞬间，早已成为她度过寒凉岁月的薪柴。
她是如此地渴望温暖，却也恰恰因此克制着更多的期待，也许是因为那不断失却的逐火之旅，也许是因为不想再经历残酷的伤悲…就像那个纠缠她已久的噩梦，一遍遍重复的那样——
刻法勒手中夕阳沉落，血色的迟暮笼罩黎明的圣城。
黑潮涌至，死寂的浴池中，黄金的织者第一次与她拥抱，花海中只余织者疲惫的叹息。
「我的『爱』，不会因死亡而逝去。」
「小蝶，明天见~」褴褛不堪的信使化作玩偶，倒在她的怀中奄奄一息。
她试图抓住那些飞散的花瓣，而那捷足的盗贼握住她的手，为她捎来最后的酬劳。
「就当帮我一次，骗骗死亡那又如何？」
天空的祭司低垂眼眸，靠在她的肩头消散。浴血的王储闭上双眼，等待她的处刑。战士流下血泪，铠甲破碎。树庭的哲人微笑，邀请她作最后的见证。
梦的末尾，她看见那天外来客跪倒在星空之下，她最恐惧的猜想就此印证……
「蝶宝，再多休息一会吧。」
在昏光庭院的催眠治疗室，医师的眼中满是担忧。
她擦去额头的汗水，仿佛下定某种决心。
「不，我会尽我所能，绝不让噩梦成真……」
「逐火的英雄们本行于不同的路
我们因微茫的光互相吸引
就如忍受灼烧之痛的飞蛾
并非因为看见希望才向前飞去
而是因为向前飞去而看见希望
……」
——少女写下的，名为「逐火」的诗"
遐蝶,4,其四,"她/他「也许…这就是在奥赫玛度过的最后一天了……」
在苦旅的尽头，她终于寻到冥界的线索，前往那或许有来无回的地方之前，她还想再好好看一眼世界。
那是黄金裔的浴池。
她记得阿格莱雅曾在氤氲的水汽中，将精心修补的手套送给她。
「蝶，和第一次见面相比，你变了许多呢。」
她惊喜地触摸着手套上美丽的花纹，那平日淡漠的领袖微笑着向她眨了眨眼。
「即使是如今的我，也能看到你那被寒冷包裹着的、炽热的心……」
那是屋后静谧的花园，它已被塑造成了她梦中的模样。
在那时空错乱的梦中，她常常遇到另一个自己，她们一同在花园中耕作，培育，直到荒芜的土地变为盛大的花海。
「但愿在未来，我也能如此播种希望……」
那是她为曾在指尖逝去的生命立下的纪念碑。
从哀地里亚的逝者，到逐火之旅的黄金裔…千年以来，她尝试记住每一个人的名字和过去。
「有人记着，就不算真正的逝去。」
那是她初见{NICKNAME}的地方。
相遇是一件多么神奇的事，她想，往日见惯的街道，因为人而有了特别的意义。
「阁下，我一定会用我的双手，为你带来……」
门扉时将近，约定启程的时刻也将到来。
在那热烈的阳光下，她许下最初的、也是最后的心愿：以那寒冷而漫长的一生作为开端，她将与一同写下——
一首以真正的拥抱作为句点的、名为「遐蝶」的诗篇。"
那刻夏,1,其一,"「呀，你出生于一座偏远城邦。父母早早离去，唯有姐姐与你相依为命、靠着驯养动物的微薄薪酬养家糊口。
你从小就孤僻离群。当同龄人都在草地上嬉闹时，只有你躲进树影里，拾起地上的落叶。
『大地兽为何不能飞向天空？』
你看着身边那头伴你成长的大地兽，喃喃自语。
『因为这大地兽前世也是个书呆子吧！』
你听多了这样的话语，但从不理解为何那是一种嘲笑。
『神明若是无所不能，为何还会害怕死亡？』
在领读圣训的神殿，那些理所当然的事情总会让你质疑。
『出去，阿那克萨戈拉斯！』
气急败坏的祭司常常将你赶出大殿。
姐姐从未责怪你，反而从不多的收入中挤出一部分买了你渴盼已久的图书和工具。
小小的螺丝，沉重的钳子，轻灵的天平…你在家中摆弄着这些仪器，全身心沉浸在创造的喜悦里。
五岁的你总是对生命有着无穷的好奇，自动歌唱的机械鸟，大地兽孵化器、永远鲜艳的人造花——你大言不惭地说要成为知识最渊博的人，啧啧啧，孩子的豪言壮语能得到家人的认真对待，可真是难得呐。
后来，她从往来的商人那听说，有一座名叫神悟树庭的学园，是追求智慧的圣地。你暗暗记住了这个名字，心想以后要能和姐姐一块去那儿，生活就不用那么辛苦。
再后来，她终于筹满了路费和盘缠，请求行商的朋友捎你一程，前往树庭求学。
行至半路，听闻黑潮来袭，你急匆匆赶回，那被侵蚀的废墟真是不忍目视呐…骄傲如你，竟然也有跪在地上的时候，你不会是在祈求神……」
「别再翻我的脑子了，顽劣的泰坦。」
男人从回忆中回过神来，那说不清是愤怒还是哀伤的情绪在右眼中一闪而逝。"
那刻夏,2,其二,"编号：13
课题：黄金裔的金血实验
材料：本人血液
记录：提纯后的液体状如流动黄金，透镜下显现种子状的结构，取血其间共计晕倒三次。
……
编号：55
课题：泰坦造物的灵魂解剖
材料：三只濒死的██泰坦造物，水银药剂，安提灵花提取物
记录：实验对象在解剖至核心时突然发狂，还好，本人只受重伤，未伤及他人。后续改进炼金器具。██泰坦的灵魂谱系图接近完成。
……
编号：144
课题：灵魂融合的中期尝试
材料：学者捐献的灵魂之火，泰坦造物
记录：████，可敬的友人，按照你的遗愿，你的身躯将化为烧却刑柱的火焰，你的灵魂将成为人类解析泰坦的柱石！
……
*最后一页凌乱的批注*：
那件事已过去数年，死亡的阴冷依然盘旋在左眼，但我看见了人类的「灵魂」，那份滚烫足够填补空荡。
也许是明天，也许是明年，也许就在下一刻——
我将被指控，将被抓捕。总有人想让我低头，让我沉默。
但姐姐，我一直记得，我在这里见了你最后一面。你什么都没说。
但这样就足够了，我知道自己做了正确的事。
这十数年，一直如此——
「所有『错误』的尝试，都是更接近『正确』的一步。」
——那刻夏的灵魂学实验日志，原件已被销毁"
那刻夏,3,其三,"「树庭诸贤人：
关于某些学者指控我『学术诽谤』、『败坏青年』、『不信神明』三大罪名，我无意奉陪这些拙劣的把戏，也不屑为自己辩护。不过，考虑到这能让诸位深入了解我的研究，我不妨简单说说。
学术诽谤之罪，据他们所言，是我在课堂上公开诋毁经典的泰坦学与灵魂学研究，称其为『学术界的黑潮』。请问：评价是否有错？一门研究泰坦能不能站在一根针尖上的学科，以及一门主张灵魂本质为水的学科，因某些权威的坚持存活至今，和精神黑潮何异？
我自小在树庭求学，深知只有批判和怀疑才能掀起思想的变革。我鼓励学生挑战我的权威，这就是他们称之为『毒害青年』的方式。以白厄和遐蝶为例，两人初入学时，对如何思考，何谓逻辑一无所知，看看他们现在，有时都能将我驳得哑口无言！如果说这是『毒害』青年，我难以想象他们所谓的『正确教育』指的是什么。
正因此，某些人指控我和参与逐火的黄金裔过从甚密，宣称我的理论为他们提供夺取火种的支持。是啊，我曾经向缇里西庇俄丝请教过失落的历史，我那两位最优秀的学生正巧也是黄金裔，这又如何？
我也是他们所谓的黄金裔，但我从不迷信神谕。如果神是超脱人世的至纯粹、至永恒之物，那么听好了，世上有且只有一个神，那就是无法毁灭的真理！
只有真理的信徒才会在这条道路上前仆后继，而以智者自诩的权威们如此恐惧神明的坍塌。
你们建议双方在瑟希斯见证下各退一步以缓和事态…抱歉，我毫无此意。相反，我想给指控我的诸位一句忠告——
未来的世界会了解我，而你们对我宣读指控，将比聆听判词的我还要恐惧！」
——那刻夏于一次贤人会上的即兴申辩"
那刻夏,4,其四,"「时至今日，我也未曾认同那神神叨叨的逐火之旅。但唯有一句话令我印象深刻——逐火是不断失却的旅途。
我从来不信黄金裔拥有相同的宿命，但毫无疑问，我也同样走在失却的道路上。
只是我失去的还不够…和我追求的东西相比，远不够满足等价交换的法则。
从提出泰坦与人的灵魂本质无异，灵魂由智种构成的理论后，我一直在等待一个彻底证实它的机会…
现在，这个机会终于来了！来得有些猝不及防，却也恰如其分。
今天，我终于能弥补多年前一场相似的灾难留下的遗憾。
我从死亡中得到灵感，也该如此偿还
——我的身躯将作熔炼神明火种的容器，我的灵魂将成逼迫神明低头的枷锁，成就吾之理论的终极证明！
现在的我无比快乐。
第一次造出能飞上天空的机械鸟，我曾这样笑着。第一次孵化出新生命时，我的双手曾这样颤抖。
后来的学子，倘若你看到这番话语，证明我已功败垂成，倒在黎明之前。
尽情使用我的成果，把我当作研究的对象！踏过我的身体，接过我的火把，把我当作照亮真理的薪柴投入燃烧的火焰！
不要害怕亵渎——
跨越神明本是禁忌，成为神明那又如何！」
——树庭沦落后那刻夏记忆的回声之一，因无人发现而消散"
银枝,1,其一,"他的故乡曾历经战火数年。炮火纷飞中，他最初的童年记忆总是萦绕着鲜血与硝烟。某次在地下躲避炮火时，他掀开一块石砖，找到一枚陶笛。
他尝试将流动的空气制成旋律——
但他的音乐的确是场灾难。
只是彼时的陶笛声，对他来说是唯一的「精神逃避之地」。
音调的旋律随时间溶解在他的记忆中，成为「神秘」的片刻。直至数年后，他在某地吟游时救下阁塔炮火中的孩子，被赠予一枚珍贵的陶笛时，记忆又被再次唤起。
他于手中揣摩笛身，白璧无瑕高贵的质感，空气穿梭于孔中，由气压制成音调。音调再被组合，竟能唤起回忆的情绪——
但他的音乐仍旧是场灾难。
「我如此愚钝，处理不好与它的关系……」
他惶惑不安，思忖许久，一种使人生畏的勇气再次发芽。他再次尝试将流动的空气制成旋律——
音律如旧，但他开怀大笑。
「但我爱它，我真的爱它——我相信它是『美』的。」
他将其陶笛收起，妥帖收藏，不再犹豫，继续前行。"
银枝,2,其二,"离开家乡后，他跟随一位年迈的师门老者。
除了日常的淬炼肉体、精神修行外，偶尔午后小憩时，老者也会向其描述他所从未亲眼见证的时代——那些古时的星际吟游客，声称自己见证「纯美」的瞬间。
「那是一个静止的玛瑙世界，众人皆为其中所存封的奇谲壮美之现象泪流满面。」
「据传伊德莉拉会在陨落后经过数次十三琥珀纪的轮回，于第十三个月在宇宙某处回归。」
在那些年头里，师者日复一日向他传授「纯美」的精神：
如何以虔诚的「战」代替吟咏的「诗」，将「纯美」的精神贯彻。
——他知晓了，那是一种名为「骑士」的准则与品格。
但师者未曾同他说起过多便匆匆离世。他再次独行，一如早些时候他刚远离家乡时，冥思自己的存在。只是他不再有过关于孤独的「愁闷」，他思考着，要如何成为一名「骑士」。
他曾呆在老城，将污脏的街道翻新，像沐光的婴孩。
他剿灭如噩梦般的怪物，次年春日，兔子们再一次蹦蹦跳跳穿过林间。
他也曾同另一位「骑士」短暂并行于世，那位骑士说，他坚信盔甲上有女神的祝福。
「奉献灵魂带有这种意味：每次都可能一去无回，但每次都将决不退缩。」
「共勉，我的挚友。」
他凝视长枪上的斑驳，这是捍卫「纯美」的证明。
他擦拭长枪上的斑驳，这是踏上「纯美」的证明。"
银枝,3,其三,"自他踏入「纯美」的命途后，在苦修之路上，各类不同的「试炼」便逐渐展现——
或是出自祈愿，或是出自忏悔，或以三重魔鬼的形式降下密语纷扰。
而当他以无畏的「枪」，心怀荣誉地斩下三重魔鬼诱惑后，软弱、贪婪、杂念皆被抹去。
他将奉献灵魂与生命在纯美星神的脚下。
三重魔鬼的密语正如形态不同的呓言，它们在纷杂雾中幻化成各色人类欲念：
是庸俗逐利，是不耻罪孽；是权力王冠，是魅惑之音；
是战戮巅峰，是饮食大欲；是忘记忏悔，是常情而已。
他的血将伴随着荣誉洒在战场上，殷红一滴一滴与长发绞在一起。他的长枪放在这里，神祝福它永远锋利——
已故师者、同行者的声音都化作呓语萦绕耳边，除非他的主人低头，它将永不折断。
在他于血液的浸泡中，几乎失去意识之时，他终于听到了不知来自何地的呓语：
「你们阻绝恶名，你们宣扬美誉，你们是『纯美骑士团』。
每次胜利时，你们都要一次次看到自己，看到自己想作恶的心。」
「恭喜你，又一次通过『镜之试炼』。」"
银枝,4,其四,"骑士团对如何秉持「纯美」态度各不相同：
有人以一生贯彻自己的信念；有人不断假设，不断绝望推翻假设；
有人获得授勋，征戎沙场；有人自认是钟楼陋人，羞于接受「纯美」的华袍；
不变的是众人皆在宇宙中苦苦寻找「伊德莉拉」的真身。
他发誓牢记谦卑，怜悯，公正，一路从未违背过誓言；他将「纯美」戒律铭记于心，信仰也变得愈发偏执。
「怪人…纯美骑士真是一群怪人！」
自「伊德莉拉」可能已死的流言传播于宇宙后，他们的惶惑更甚：
更多地虔诚，却对应更多地不解；更多地大笑，却对应更多地怪异。
于洪荒中往回窥视，各类「荣誉」、「美名」、「恶名」皆在冗长时间中湮灭。
一切的最后。
当他再次遇见往日同行的「骑士」时，对方已变成迷失在追求力量之路上的审美者。
那位曾经高举传奇武器，弑杀吞天巨兽的英雄，其铠甲化为巨兽的鳞皮，其武器成为无法取下的爪牙，其血成了粘稠躁动的火焰，其双眸只余野性而无人智，曾经唤他「挚友」的声音，如今只余嘶嘶的叫声。
试炼的话语化为「终末」的预言，近在眼前：
自己，又是否…会同样堕为「恶兆」？"
银狼,1,其一,"她玩着摇杆，日复一日。
只有一个员工的快餐店，用地下室改装的街机厅，几台陈旧的游戏机，这就是她的童年。
她没有合法的名字，没有身份编号，只有女主人给她取的昵称。
她也没有朋友，但她并不孤单。
她喜欢《波恩》：两条横线，一个光点，最简单的击球游戏，她能玩上一整天。
她喜欢《战轮32》：点阵绘成的星空中，八个迥异的色块，规则只有一条——成为第一，不论方法。
她喜欢《几何战争》，喜欢《奥德修斯》，喜欢《星际猎豹》：这些游戏的得分记录上，满是顾客们留下的天文数字。
她玩着摇杆，日复一日。
直到有一天，所有的记录上只剩下一个人的名字。
于是她放下摇杆，回头望向空空荡荡的地下室。
在这里歇息的人很多，但留下来的却很少。
从这里离开的人很多，但再回来的却很少。
她眨眨眼，关掉了屏幕。
那晚，快餐店唯一的员工和女主人告别，成为了下一个离开的人。
名为「地下室」的游戏，在这一天结束了。"
银狼,2,其二,"她一路向西，穿过大荒野，来到废品山。
她想给自己找点活干，却因独来独往而四处碰壁。
在朋克洛德，人们从来都是搭伙做事，独行的人，大多混不下去。
没有办法，她只能给自己造些虚拟的同伴。
第一个人叫「朋友」，理所当然，它就该叫这名字。
第二个人叫「魔王」，源自她在街头看见的海报，在她的想象中，它是一位失语的军人。
她忽然觉得这个团队有些和睦，缺乏一点真实，便给第三个人取名「打工仔」，给第四个人取名「奴隶」。
最后一个人叫「幼儿园同学」——没什么原因，她实在是创意枯竭了。犹豫再三后，她干脆从名单上划掉了这个人。
她把这些「同伴」存储在一把智能武器里，这样她就能在中间人面前，煞有介事地介绍自己庞大的团队。
她得到了第一份工作，如愿以偿——它的风险同报酬一样难以想象。
或许她的包装太过真实，令人信以为真；又或许他们只是想看看这位新人的表演，无论是死是活。
在朋克洛德，人们从来都是搭伙做事，独行的人，大多混不下去。
所以混出头的那些，最后都成了传奇。
二十四个系统时后，她从炉渣帮的据点里走了出来——独自一人，走的正门。
中间人沉默半晌，看了看她，又抬头看了看天空，最后转过身，把一箱金块扔在地上。
名为「废品山」的游戏，在这一天结束了。"
银狼,3,其三,"她站在虹霓都市最高的大厦顶端，从这里可以望见她出生的地方。
只有一个员工的快餐店，用地下室改装的街机厅，几台陈旧的游戏机，她记得，这就是她的童年。
她记得自己喜欢《波恩》：两条横线，一个光点，最简单的击球游戏，她能玩上一整天。
恰如此时此刻，无人机群的红光遍布夜空，连缀成线。它们一片一片向她袭来，又一片一片轰然坠地。
她记得自己喜欢《战轮32》：点阵绘成的星空中，八个迥异的色块，规则只有一条——成为第一，不论方法。
恰如此时此刻，各异的色彩将网络空间一分为八，来自各个组织的人们在广场上攒动，为了同一个目标——抓住「银狼」，不计代价。
她记得自己喜欢《几何战争》，喜欢《奥德修斯》，喜欢《星际猎豹》：那些游戏的得分记录上，满是不可追及的天文数字。
恰如此时——哦不，只有这个不太一样……
不可追及。哈，什么是「不可追及」？
她站在虹霓都市最高的大厦顶端，从这里可以望见她出生的地方。
她站得太高，以致身边容不下第二个人。
但她还要抬起头，往更高的地方看去，她看见星空就在那里，近在咫尺，又遥不可及。
「好无聊啊。」
名为「虹霓都市」的游戏，在这一天结束了。"
银狼,4,其四,"她站在椅子上，擦着街机屏幕，打着圈，一遍又一遍，像是要擦掉每一粒灰尘。
她回到了那家快餐店，那间地下室。她打开门，一切一如既往，女主人为她保留了所有的布置。
粉色的灯光洒落在屏幕上，像是城市里的霓虹，让她想起那一夜看见的星空。
她不是第一个登上那座大厦顶端的人，也不是第一个眺望那片星空的人。
她知道「零号」的故事，网络战争年代最伟大的骇客、最可怕的玩家，他引起了第一次全球网络瘫痪，只为将星际和平公司的押送船叫来自家门口。
她又想起「先哲」，以太编辑技术的创造者，以死者为自己命名的怪人。为了离开星球，他甘愿抛弃肉身，攻入黑域，成为一个在星际互联网络中永远徘徊的幽灵。
她想起「石剑」，废品山的骄傲，他反抗绿洲区的故事在大荒野家喻户晓，有人说他最后追随巡海游侠而去，在银河中继续挥洒叛逆的火花。
还有他的挚爱「孪蛇」，绿洲区的红人。她的去向众说纷纭，人们只知出身没能阻止她和石剑走到一起，银河却让他们最终分道扬镳。
在朋克洛德，所有被称作「传奇」的骇客都走向了同一个终点。
而身为如今的传奇，她知道自己也已来到那扇门前。
哒、哒…她听见头顶传来脚步声，逐渐靠近、靠近……
一个人、两个人、三个人、四个人。
一个男人、一个女人、一个铁皮人，还有……
她坐下来，转过身，看向空空荡荡的地下室，看向门边的那个人——
「我加入。」
名为「朋克洛德」的游戏，在这一天结束了。"
银狼LV.999,1,其一,">>>「我加入。」
>>>就这样，名为「朋克洛德」的游戏，在这一天结束了。
>>>管理员「ID：艾利欧」开放权限。
>>>「ID：银狼」已加入「星核猎手」阵营，登录游戏「银河」。"
银狼LV.999,2,其二,"「幕后彩弹」是她最先想到的，只需把炸弹扔进面前的屏幕，它就会从半个银河之外的另一个屏幕中被丢出来。
要是有一伙假面愚者敢给她假情报，还大放厥词……
「有本事你顺着网线过来把我们爆了。」
她一定会满足他们的愿望，那颗炸弹可以把酒馆在当地的分部炸上天。
「格式化枪」会将触达的一切分解为像素，触发一「枪」格式化一切数据的效果。
「要揭开无漏净子的真面目，就得有从忆庭全身而退的把握……」
少女想象着自己闯进忆庭，搜寻线索的场面——
「干脆把忆者的记忆也都格式化，他们准会呆愣在原地，像一个陌生人一样看着我溜走！」
「贪吃蛇」，仿造古兽「贪饕」的道具。原本是一条蛇的模样，吃着吃着就会变成一个甜甜圈。
她把它忘在了一座火山之上，但两个系统时后，她一眼就找到了它——
因为那座火山不见了。
禁闭室的门打开，女人的身影倚在门楣，无奈地看着满墙的涂鸦。
「幻想时间该结束了，银狼。」
少女无聊地扔掉画笔。
「下次怎么玩我都想好了，你们关不住我。」
「你知道擅用卡带，会闹出多大的乱子吗？」
「我记得。」
少女露出狡黠的微笑。
「不就是银河大乐透开出了一百万个头奖，奥斯瓦尔多亲自出面取消了活动么？」
「哦，还是说谐乐众弦演奏的时候，史无前例地连错三个音？」
「你不会在说螺丝咕姆吧？那都是假的，我才没有真把他拆成零件好吗？而且就算是真的，我也不怕他报复。」
女人摇了摇头。
「我是说你。你差点就没了，那张卡带在操纵你。」
少女偏过了头。
「用不着你们多操心…下次我会开发新玩法的。」
>>>「ID：银狼LV.999」已登出「银河」
>>>「ID：银狼」登录游戏「银河」"
银狼LV.999,3,其三,"少女有一面「成就墙」，每次达成目标后，她就会为自己颁发一枚数字徽章。
如今，她的成就已数不胜数——
【成就】「我独自满级」
【内容】在朋克洛德，成为活着的「传奇」
【状态】已完成
【玩家评价】「对我来说，最难的不是活着，而是待在朋克洛德，止步不前。」
【成就】「公司之友」
【内容】将公司的虚拟货币平分给所有「星际猎豹」玩家
【状态】已完成
【玩家评价】「又把年底对不上的账安到我们头上了，说什么一切献给琥珀王，不如说一切推给星核猎手。如你所愿，顺便再把黑料统统公布…希望他们把我的赏金再涨涨。」
【成就】「阿刃看了也摇头」
【内容】在罪恶都市耶佩拉，硬扛所有电子恶魔的攻击
【状态】已完成
【玩家评价】「那次我在耶佩拉的天空留下了一句特别帅的台词：『罪恶都市，我赦免你的罪行。』」
【成就】「真是个天才」
【内容】与天才展开信息攻防战，取得ASSS评分。
【状态】已完成
【玩家评价】「牢螺是不是玩不起？动用管理员权限把我强制下线是吧，不讲武德！」
……
少女不断刷新着自己的记录，然而，在那面成就墙的末尾，却还留着一块尚未点亮的成就。
徽章里铭刻着一道和她相似，却更为张扬的身影。那是在某一种未来里，站在欢愉顶点，抵达极限的「银狼LV.999」——
【成就】「GAME NOT OVER」
【状态】未完成
【内容】打破LV.999的极限，让这场游戏永不结束。"
银狼LV.999,4,其四,"「首先，作为『狼尊』的骨灰级玩家，我先来吐槽前作的制作人
——阿哈就是个欢愉的星神，懂个锤子游戏。
强制使用「流浪孤儿」这种高难开局，拿着那张初始卡带磨经验条，太肝了！让我爽爽能怎么样？
熬过开局体验好了很多，黑域帝国的霸主，招安游侠和酒馆，成为第Ⅸ机关新的主人，挺有意思，然后游戏怎么就结束了，这不烂尾了吗？
还好我知道你设定的等级上限，LV.999。不然让我和一个跟自己长得一模一样的人战斗，而且她的每一次攻击都像是在说『累了，毁灭吧』——真的很恐怖啊你知不知道？
总之回到正题，筹备了很久的『狼尊Online』就要和大家见面了。
针对以上痛点，本作做了如下优化：
一、大减负！无须肝，一键升级
只需经历星核猎手特训，你就能一键解锁最新形态，拥有全新强力道具，相信我，带你飞！
二、新功能！体验剧本更自由
「欢愉」来袭，剧本也得让道，你想怎么玩，就怎么玩。
三、新流程！无尽DLC模式，挑战无极限
拒绝无聊刷刷刷，游戏最好玩的部分永远在路上，LV.999又如何？欢愉的顶点之上，还有高峰。
阿哈，看到了吗？这才是新时代游戏的典范。
不过，你选择了『狼尊Online』，你就选择了『极度困难』模式。一命通关是基本要求，何况每一关的BOSS都和之前的不同。
所以，你肯定想问，失败了怎么办？
当然，这种情况基本不可能出现。要是出现了，我希望每个玩这个游戏的人都能记得：
这张卡带记载了前所未有的骇客人生，玩到最后很重要，但玩得更开心更重要！
接下来，请期待『狼尊Online』开服！
屏幕前的你，祝你快乐，也祝我玩得开心！」
——开发者银狼的寄语
>>>管理员「ID：艾利欧」开放LV.999卡带权限。
>>>「幻月游戏」副本加载中……
>>>「剧本」已暂时失效。
>>>「ID：银狼LV.999」登入「幻月游戏」……"
镜流,1,其一,"剑，长三尺七寸，轻如无物。
它并非凡铁熔铸，而是一截坚冰凝成，幽幽含光，如握一线月光在手。
「剑，长三尺七寸，重七斤有余。握在手上，用尖的那一端刺向敌人。」
戎装女子一手轻招，剑如有灵，自武备架上骨碌跳起，入掌出鞘，贯入女孩身侧，嗡鸣不休。
「学会了吗？会了的话，就以步离人陆战最常用的战兽为敌，杀够十只血眼睚眦，这第一课就算结束。」
她沉默不语，只是左顾右盼。这是被救以来，她第一次离开病房，也是她此生第一次摸到名为剑的武器。
「我已屏退了医士和医助，没我的命令，他们不会来找你的。」
「苍城罹难，活下来的人本就不多。我不知你在救援抵达前到底经历了些什么…但我不想看你就这样一辈子溺死在过去的恐惧里。」
「你不开口没关系，你可以用它说话。」
「你可以用它，让那些夺走我们一切的怪物彻底消失。似这般美好的东西，世上已不多了。」
戎装女子眉目不动，将视线投向女孩身侧的长剑。
如镜的剑刃让她照见自己的模样，无数锋利伤人的碎片风暴般卷起，将女孩拖入过去——
幽暗的深空中，名唤罗睺的妖星悲鸣着，歌唱着，挟着燃烧的山脉与大地向所有人扑面而来。
长街上人们尖叫，在末日灭顶的绝望中挣扎、翻滚，任由金色的枝蔓在每个人的口鼻孔窍中滋长不休。
她看着一切发生，动弹不得。五内如沸，有一物自她的丹腑中勃然翻滚，仿佛熟透的谷粒即将脱壳挣出，膨胀至无限。
但迎面而来的山脉却让她明白，自己不过是蜉蝣，即将死于神使指尖的轻捻。
即将溺死的片刻，她抓住了身边唯一的浮草。
剑，长三尺七寸，重七斤有余。"
镜流,2,其二,"剑，长六尺五寸，重十四斤。
此乃云骑重剑形制，需双手握持挥舞。锋刃蕴藏离火，在接敌瞬间足以切开器兽的惰性外甲。
另有佐战援护的飞剑十二把，接入自「大椎」至「阳关」一线穴道，应使由心，一瞬间施展开来，如惊风疾雨。
她对剑术还不甚了解。她还有很多要学。
戎装女子来不及教她更多，就要率军出征。于是少女的第二课便在战场上学，由那些倒下的敌人教。
「刺」固然简单明了，但动作灵敏的怪物不会自觉迎上剑尖，任由少女处决。于是她学会了「斩」。
接着是「缠」，在力量惊人的怪物面前，少女懂得了以剑脊卸去攻击。
对剑术，她自认已心融神会，于是跳上了身高十倍于己的器兽战卒「龙伯」。
折断所有随身携带的剑，也不过在对手巨硕的身躯上留下成打成打的伤口。
她被巨掌拍飞，躺在战场的血泥里，再度被恐惧淹没。在溺死的关头，她才明白，剑术亦有极限。
一支装填炽火的弩矢炸去了龙伯的头颅。「起来。」戎装女子看着她。
「我不学剑了。这东西…没用。」
「没用？在我手里倒是好用的很。说到底，是人无用罢了。」
「……」
「不学剑，那你想学什么？飞行士星槎上的炼石箭，神臂直配备的炽火弩？还是…朱明仙舟的朱明火？要消灭那颗妖星，有它也尽够了。你想学那些？没毛病，那些东西连照面都不用打，便能杀死对手。」
「…我只是不明白，你为何一定要我学剑！？」
「上至将军下至兵卒，每个云骑都要从出剑开始学起。
「工造司的各色军械确实能代你杀灭敌人，但那些都是兵器自行运作罢了。如果有那么一天，箭矢耗尽、星槎坠落、金人停转，谁来保护你我，谁来保护仙舟？
「握住这柄剑，给我牢牢记着，只有云骑亲自掌剑上阵，才是人类自己的战斗。我们用自己的血肉、自己的技艺向那些非人的孽物们证明，我们必将战胜它们，而不是让机巧代我们行事！」
戎装女子转身离去，将她和断剑留在了演武室里。
剑，长二尺一寸，只余残锋断锷。"
镜流,3,其三,"剑，长五尺，重若千钧，玄黑的锋刃上血色浮泛。
剑以天外金石之瑛百炼所成，不遵兵仗规制，一如锻造它的那位短生种匠人般横逆不可当，狷狂已极。
从来只与剑为友的她，竟有了许多朋友。
她荣任剑首之日，匠人一袭黑衣出席典礼，负手投剑。剑没地数尺，惟余其柄。人人哗然。
「我造的剑，唯有罗浮云骑剑首方能诠尽真妙。」他露齿一笑。
如月般孤高傲岸的罗浮龙尊，因目睹她的神技，竟生出一较高下的胜负心。
枪与剑争锋多年，苦无结果。最终她于显龙大雩殿中一剑分断海潮，终于赢得龙尊钦服。
飞遍星海、见识广博的无名客曾为她操舟转舵，带来星海彼岸酿成的仙醪，与她酣饮畅谈，看天空中的群星熠熠。
「便是天上的星星，我也会斩下。」
她依稀记得酒酣耳热之际的豪言。自童年记忆中扑面而来的那颗燃烧星宿，那时时牵缠不休的恐怖梦魇仿佛也不再可憎可怖。
舞剑至今，她第一次明白了何谓生机。而在此之前，她所怀者，不过是死志罢了。
还有他，她的徒弟。
她想起与他的初识，这个年纪小小鬼主意却极多的孩子，曾问出与当年的自己相同的问题。
「师父为何执着于用剑？能杀死敌人的武器有千百种，就算要消灭那颗星星，仙舟的朱明火怕是也能做到。」
「这个问题就像问诗人为何要写诗一样？表达自我的方式有许多，但属于我的只有这一种。」
如今，他也已成为云骑的翘楚。
她已经没有老师了。戎装女子殒于战阵，无法再教她任何东西。
她也不再需要老师。对关于剑的一切，她了如指掌。它们就是身体的一部分，是行走坐卧间的一呼一吸。
人们称呼她「无罅飞光」，是万载犹不可得的剑士巅顶。但她明白，要「斩下天上的星星」，她的剑，仍然不够——
即便她手中握着的，是夸称仙舟第一的宝剑……
剑，长五尺，重若千钧，玄黑的锋刃上血色浮泛。"
镜流,4,其四,"剑，长五尺，重若千钧，玄黑的锋刃上布满裂纹，剑尖不知所踪。
在纷乱如雨的战事中，她曾手执此剑和战友弟子一同杀入千足之舟，斫下步离战首的狼头；也曾登上高耸入云的飞空城巢，削去羽卫们的翮羽；她与慧骃铁蹄相抗，将六足骏马的执辔者们尽数镇入牢狱…在她剑锋所向之下，孽物或死或败，无一幸免。
她从未料到自己竟会将这柄剑指向自己的生死至交。
她喘息着，勉力支撑伤疲之身。远处洞天中传来悲痛的龙咆，如祈求解脱。
看着狷狂的工匠跌落在污泥中，她游魂般走过他身畔。
「我本该先杀了你…但你还有别的罪要受，永生永世……」
她将残剑指向龙尊。
「不可能，龙师们说过…我族之血，我祖之魂，本该造就另一个龙尊。这一切…不该是这样的。」
「如果让你牺牲可以令一切恢复原状，我会做的…但现在…告诉我那头龙的逆鳞所在。」
「颅顶……」
半是龙形的孽兽掣电般在空中游过，足以吞灭海平线的身躯撞碎了又一座浮岛，哀鸣声如一千柄剑交击。
她感到自己的丹腑在翻滚烧灼，仿佛熟透的谷粒即将脱壳挣出，膨胀至无限。
她看到自己又被困在幼年的梦魇里，凶星灭顶而来，蜉蝣无力挣扎。
女人自裙幅上扯下一条黑色的绸布，蒙住双眼。
雷击霆碎。她持剑跃起，迎向孽龙。
在似梦似真的幻觉中，她感到血肉终于超越了极限，开始崩解。仿佛有丝弦般的束缚，紧绷着四肢百骸，一丝丝切裂她最后的意识。
毫无来由地，那句话在耳畔响起：
「便是天上的星星，我也会斩下。」
那一瞬，她握住了梦寐以求的剑。
那是能解脱一切束缚的剑。那是一柄熟悉多年的剑。
它并非凡铁熔铸，而是一截坚冰凝成，幽幽含光，如握一线月光在手。
剑，长三尺七寸，轻如无物。"
长夜月,1,其一,"「亲爱的三月七：
见到你就像见到微露的晨光一样，令人期待。
也许是我太过心急，就这样出现在了你面前，还好信息素的传播让你误认为那只是一场幻觉。
上一次与你这样接近，还是在你试图查探过去的时候，和那时比，你似乎又成长了一些。
你与你的伙伴们——{NICKNAME}，丹恒，姬子，瓦尔特，还有那位骑士友人——齐心协力在战斗…那样的大家伙，连我也需稍稍费些力气呢♭
记忆就是这么奇妙，不知不觉，你的旅途已经开始了这么久。
我仍记得无数贪婪的眼睛在闪烁的星痕后，窥视这具躯体，觊觎这份秘密。
即使我能撕裂追捕者的罗网，忆庭的棱光始终追逐身后，任何雨雾或泪珠，在那光影上都会被蒸发为一缕真空。
但去往哪里才能摆脱『过去』…摆脱『我』？
是那早已失去情感的标本，无处寻觅的『纯美』吗？
是那永远游弋，也永恒无归的『巡猎』吗？
或是血泪交织，为人憎恨的『毁灭』？
……
直到一束刺眼的灯光自远处射来，让眼前的视野几近曝光泛白。
但那瞬间确实启发了我。
——你需要一个空白的『起点』。所以我闭上了眼睛。
现在我有机会告诉你了——那是来自列车的灯光。像一颗流星。
你的，
『长夜月』♭」
——深藏心底的声音"
长夜月,2,其二,"「亲爱的三月七：
三月，永夜已然落下帷幕。安心睡吧。
你关心的人们，我会替你记录他们的轨迹。
待你醒来的那一天，你会知晓它们是否值得被记住，又是否需要被遗忘。
碎作千身的少女，在你的帮助下才能安然踏上旅途。
即便如此，等待着她的依旧是相似的命运：她们向世人宣告逐火的神谕，而其中的大多数仍旧凋零在那血与火的纷争之中。
……
歌声美妙的剑旗，与那燃冕的女王一同拉起弑神的大幕。
可那些欢庆胜利的醉宴，彼此的救赎，在神明的践踏下如同空中纷舞的泡沫一般消散。
……
如果将这些岁月汇成一本关于逐火之旅的手账，那一定缀满了徒劳的词句，凋零的花朵。
但我想，倘若你看到了，你也会赌上自己的生命，为同伴永远『开拓』下去，与未知的远方无数次相遇。
就像你当时向我求援的那样，不是么？
我会以『记忆』的力量，抚慰那些悲伤的岁月。
我也会保护你那还未抵达的伙伴，让他们免受窃忆者的伤害。
你的心中一直有着毫无保留的信任，信任你的伙伴会与英雄联手改写徒劳而悲伤的结局。
信任「开拓」会为过往踏足的每个世界都带来改变。
晚安，三月。
希望你醒来的那一天，我能送给你…描绘着美好结局的「未来」♭
你的，
『长夜月』♭」
——深藏心底的声音"
长夜月,3,其三,"「亲爱的三月七：
夜是如此漫长…是因为听不到你的声音么？
我庆幸你的沉睡，如此便不必亲眼目睹翁法罗斯的午夜，这处你最初抵达的遗迹，埋藏着最无情的，遗忘的气息。
无边的噩梦从这里涌出，吞没银河…你不会喜欢的。
就像我曾经的困惑一样——被记忆裹挟的「过去」，无法诞生任何新的「未来」。
三千万世，那女孩徒劳地将记忆收集，向天外主宰记忆的神明祈祷。
可那些伤痕累累的回忆，那粉饰为『英雄故事』的记忆的涟漪，都是毁灭的薪柴…他们，真的会有任何结果么？
可奇怪的是，那女孩的一举一动，她所描绘的故事，有时让我想起了你。你也总在每次旅程之后，绘声绘色地讲述自己的冒险故事，想象奇妙的未来。
你爱说，有一天，你会用相机的闪光灯，为大家照亮探索的前路。
你曾说，你一定会用上『斩星破宙•大琉璃剑』保护列车组的所有人。
你也说，你会变得成熟、优雅、强大，带领着大家前进。
你的那些遐想…一笔一划都勾勒在我的沉眠中。
那么…如果是你，在听到一个无缘未来的故事时，会想做怎样的润色呢？
我也曾思考，怎样让那女孩讲的『故事』，不徘徊在周而复始的岁月里…你应该理所当然就会这么做吧？
但当我透过岁月的罅隙窥视这个世界『记忆』的始末时…我知道那伪善的天父，祂早已背向翁法罗斯，将目光朝向『毁灭』。而祂狂热的信徒，也将追着记忆的残照，再次寻上你……
纵然是你的伙伴，开拓的行者们，他们的到来不过延缓了孕育『毁灭』的进度——
我们唯一的出路，一场彻底的『感官之雨』，它会涤净这里一切徒劳而惨烈的痕迹，你的伙伴，只需要一场沉睡，便能迎来再度启程的机会。
这场『雨』不会持续太久，它会将一切痛苦的记忆冲刷殆尽——也许「忘却」才是唯一出口。
然后，我就可以在这本名为「翁法罗斯」的手账中，真正贴上你想要的未来。
不要睁眼，三月。
残酷的事，就由我代劳吧♭
你的，
『长夜月』♭」
——深藏心底的声音"
长夜月,4,其四,"「亲爱的三月七：
天快亮了。
我很庆幸，在最接近黑暗的时刻，又看见了那缕光。
它们曾是我长眠时，如梦般的浮光掠影。
我曾在匹诺康尼光怪陆离的记忆中梦见过，在鳞渊境惊叹过，雅利落-VI的风雪也无法阻挡它的温暖。
如今，尽管我将要沉入熟悉的夜色，也能感知到身后的视线。
他们在等待『你』。
也许我不该假意被你说服。说不担心那是骗你的。你们真的能抵御「毁灭」的浊流吗。你能照顾好自己吗。他们能守护好你吗。你会变成什么模样呢。你自己有不一样的答案吗。你会后悔吗。
我会后悔吗。
我会后悔吗。
我会后悔吗。
你早已向我摊开所有回忆，毫无保留。我知道，你们所言的『开拓』是承载过去，连接现在，并勇敢驶向未来的旅程，而非建立在一张白纸上的海市蜃楼。
我不知道你是否能成功，但也许无论结局如何，我此刻能选择的，只有现在的你。我能望向的，也只有未来的你。
我也会想，如果有一天我离开了，要留给你什么呢？
力量。否认。身份。告诫。习惯。祝福。
可这本就是你的人生，我能留给你最好的礼物…就是待你自己描绘的一片空白。
就像『三月七』这个名字，别出心裁，又多么贴切。
更重要的是，它只属于你。
去吧，三月。
这场不期而至的相逢，就把它当成滋润你的一场细雨。
将空白的未来，染上属于你的颜色♭
你的，
『长夜月』♭」
——深藏心底的声音
「亲爱的长夜月：
不知道你能不能听到，我就在心里说啦~
其实，我有听到一些你的心声哦，虽然你神秘又强大，但我知道，我们其实没有什么不一样的！说着要把记忆都烧光，明明你记得比我都清楚，对吧~
偷偷和你说，我以前也时常会幻想能变成这样…就是那种…特别厉害，特别优雅的人！
谢谢你保护了我的伙伴，也谢谢你为我们兜底！
但人总是要学着长大，看，在迈向未来的路上，我迈出了一大步！
我会一直走一直走，总有一天，我们会一起见证，『我』的过去，『我』的未来！
你的，
『三月七』」
——深藏心底的声音"
阮•梅,1,其一,"在童年时代，身为「科学家」的母亲就给予了她最初的启蒙。
在倾心科学的家人们齐聚的小屋内，她的生活与爱密不可分——因此她很快察觉「爱」存在细小的差别，以及不同的气味。
外婆满头银发，爱听那「咿咿呀呀」的戏，父亲的皮靴很大，毛烘烘的。
母亲与父亲是爱着彼此的，但他们时常争执。
她是一个淡然的小女孩，常常犯错，常被原谅。
「阿尔莉丝姨妈比起长辈对我更亲，会给我买点心吃，她的爱是最好的。」
少女很快学会了倔强，对「爱」的理解跳脱出书中公式。
再大些时候，母亲便严苛要求她，一步、一步，一同行于巨大的冰川星球之上。
少女在途中喘息、驻足，仔细观察那些埋藏于冰川下的、充满魅力的奇妙「生命」——曾经是，生命。
每次科考回到屋里，都是「奖励」的时刻——
将糕点咬一小口，香味便会紧贴上颚一闪：她的小小期待，总让母亲的研究中弥漫着香气。
以家乡，一个被「丰饶」赐福过的世界为起点，他们乘坐科考的飞艇，去往更多世界。
各种闪光弹，纱头巾、缎带和花边簇拥，在数据旋转升腾成的「生命」中，少女拥抱快乐。
「阿阮，吃完青团子要把手指洗干净，才能碰实验台喔。」"
阮•梅,2,其二,"在父母的葬礼上，她穿一身全黑的丧服。她依旧把头发束得很好，如墨的发丝遮掩着她的神情。
她没有掉一滴眼泪。
直到夜色降临，在实验室的屏幕上，数据螺旋制成的层层几何花纹在戏声中变换、舒展、流动，而将那花纹层层剥去后，是她万般呵护、小心制作的秘密——阖眼的父亲与母亲，二者冰冷如沉睡般的面容。
「是辜负。他们没能遵守和外婆的约定。」
「我也没能履行保护父母的承诺，同样辜负了他们。」
「唯有科学…不会辜负。」她说。
少女希望父母平等，便将自己从前的昵称抹去，将名字从二人姓氏中各取一。
自那以后，每当有人问及「家」，她的眼中总是闪过一丝迷茫，她似乎把一切都忘了。
在这样的状态中，她开始了忽视时间规律的演算。由于沉迷科研，她的进食毫不规律，兴致起来便研究几日几夜，到了极限便昏昏睡去。
很快，她只借着火萤微弱的光，在每个夜晚收获研究的进展。她愈对已有的生命法则置若罔闻，她的前进就愈加迅速；她完全不在乎公式，接着她漠视了生命的意义。她只去观察、用双手揣摩，将数据握在手里感受，接着就编纂出新的物种规律。
于是，在她的实验室中，那些蕨类植物与花愈发生长地茂盛，它们以肉眼可见的速度长高，接着充斥了所有空间。在那花叶开合的缝隙中——笼罩着父母清冷而素净的、由「数据」汇聚而成的面庞。
在沉睡的「父母」将要睁开双眼的时刻——她几乎摧毁了整个星球原本的物种衍变规律，但她仍然在向着自己的目标前进。
直到她从研究中抬起头，猛烈地望向天空：「智识」的瞥视降临到了她的身上。"
阮•梅,3,其三,"在被博识尊瞥视后，她离开了家乡，从此过上隐士的生活。
无人知晓她向祂发问了什么，但在此之后，她的性情愈发寡淡，也对研究愈发沉浸——她只研究「生命」的本质。
更多样的「生命」在她的拟造下出现了。
一些「燃烧」的生命变成流动的火，在她脚下匍匐、穿梭；有时她感到她即是火本身。
一些「流动」的生命化作液体的光芒，在她纤细的手腕旁流转；有时她感到她即是光本身。
部分「知识」拟造的生命试图发展出自己的思维、意识与情感，它们有时聒噪地哭泣、欢笑或哀嚎，这些都融入了她的躯体。
但她无法感受它们。
生命存在的时间终究短暂，它们扑朔着转瞬即逝，唯有她的实验一直在继续。
有时，她随手的「研究」总会撼动生物学体系。她的「研究」改变了诸多星球，飞鲸、游鹿，惊惶的花朵，庞大的植物根系，她的创造已超越有机生命尺度的经验与想象。
她一直在突破自己对「生命」的理解，只为了接近祂——祂的一瞥令人难忘。
「星神」…是种怎样的存在？那亦是一种生命吗？
当这些「震撼」美名贯穿银河学界时，总有人试图打破她隐士般的生活。
她转头看向了桌上那封来自「天才俱乐部」的联络函——接着，又一次，随手把它扔进了垃圾桶。"
阮•梅,4,其四,"奇妙的小镇科学狂人、无机生命，以及人偶少女环绕着她。他们分享下午茶、他们共同研究，他们时而聒噪，有时欢笑。
与他们第一次见面是什么时候？她已记不清了，只记得是为了某个项目。她是被迫的——她很确信。她咀嚼着糕点，不慌不忙，参与这一切只为那值得令人付出时间去揣摩的模拟「星神」。
值得付出时间…但并不值得被迫社交。
「天才俱乐部？不关心。」
「很怪的直觉，那名叫『黑塔』的家伙和我有点像。我是说…更深层次一点的地方，有点像。」
她确信自己不会再犯错。因为不再信任，便不再会被辜负，同样…不会辜负任何人。
「生命」的本质是什么…「生命」的终点在哪里？
答案真的存在吗？
她寡淡而沉默的面庞上没有表露出丝毫情绪。然而，她的发丝蒸腾着翻滚煮热的香气，她的眼眶微微发红——她在享受这一切。
宇宙纷杂都是干扰。唯有「星神」二字，可令她怦然心动。
多么有趣。
于「温床」上，那「电饭煲」孕育的「生命」恰好出锅，创造生命的手法恰似神迹。
多么浪漫。
她比谁都知道研究「星神」要付出的代价…可她不在乎，她知道！她甚至可以——成为……？！
时间正好——「项目」的更新又要开启了。
她转身离去。
少女不曾知晓，无论过了多久，外婆的目光一直透过屏幕注视着她，日日皆然。
「阿阮…我的阿阮。再见面时，不知会是……」"
阿兰,1,其一,"如何评价阿兰在防卫科的工作？
——大哥，是指引防卫科前进的明灯，是支撑大家战斗的核心！若无大哥一日，则空间站哀鸿遍野；若无大哥十日，则空间站民不聊生；若无大哥百日，则空间站宛如炼狱！
——但他在工作时间和佩佩玩电子飞盘诶。
——因为大哥提前完成了防卫科的日常训练！目睹大哥的身姿，也是对我们的激励！
——但他在工作时间和佩佩玩电子飞盘诶。
——你怎么知道和佩佩玩电子飞盘不是大哥的工作之……
「巡逻的时候玩手机，没收。」
「不是，阿兰大哥，有人在群里说你坏话，你不管管？」
「没空。」
「啊？有紧急任务吗？我跟你一起去，发生啥了？」
「带佩佩去做复健训练，玩电子飞盘。」"
阿兰,2,其二,"在艾丝妲小姐家中，怪异且贵重的东西数不胜数，一条奄奄一息的小狗反而有些惹人注目。
更何况她哭得很伤心，当父母安慰着艾丝妲，说捡来的狗多半活不长，不如给她再买一条的时候，她哭得更大声了。
而那条脏兮兮的小狗只是躺在那，甚至没力气抬起头看一眼周围的人们。哭喊、争吵、沉默，这一切都和它无关。
他一度以为它已经停止了呼吸，因此蹲下身探了探它的鼻息。突然，小狗用舌头舔了舔他的手指，这是它力所能及之下，能触碰的最远距离。
——它的舌头湿漉漉的。
「想玩电子飞盘么？」
无神的眼睛亮了起来。"
阿兰,3,其三,"他在走廊停下脚步，望向窗外，宇宙寂静，映着他的黑眼圈。
窗上出现另一双布满血丝的眼睛，眼睛的主人比平时在科员前更放松些，漫不经心地打了个长长的哈欠。
「这么晚了，还不休息？」
「有点不放心，出来巡逻一趟……」
「我刚替防护罩更新了代码，安保系统也运转正常。」
「可能是我多虑了，但……」
「我知道。你是防卫科的负责人，我相信你的直觉。」
空间站依旧灯火通明，不分昼夜轮转，他们回到各自的岗位。
他们都明白，黑塔女士的光芒笼罩也好，空间站的防御措施也好，防卫科的日夜不眠也好，如果危机发生……
也只在刹那。"
阿兰,4,其四,"「所有人都撤离了，阿兰，赶快撤退！」
「可能还有幸存的科员。」
「没有了…已经没有其他生命信号了。」
他明白自己应该相信艾丝妲，直到他看见反物质军团正如潮水般向他涌来。监察域传来的信号微弱，艾丝妲看不到这个画面。
此刻，他正站在电梯前。这里只有他一个人，他必须做出判断，即使要反抗艾丝妲的命令——为了守护他们，不惜一切代价也要封锁电梯的权限，不能让怪物再接近主控舱段一步。
「抱歉，小姐……」
他还来不及解释，就遭到反物质军团的背后偷袭，他倒下，远程通讯随之切断。
他想起自己无论是在小姐家工作，还是前往空间站「黑塔」成为防卫科负责人，自始至终未有任何「犹豫」。因为小姐决定前往了那个方向，所以自己当然要追随着一起。这是理所应当的事。
阿兰艰难地抬起头，怪物步步朝他围拢。他也未曾反抗过小姐的命令，这是第一次。
「希望不是最后一次吧。」
他突然冒出这样的念头。
他用大剑支撑着自己的身体，缓慢地、坚定地站起身。"
阿格莱雅,1,其一,"许多年之后，当她无意间找到少女时代织就的衣物，温柔自绸缎流淌而下，令她久无波动的心为之一颤。
世代供奉「墨涅塔」的家族中，人人从小学习一项「美」的技艺，大师们的画像悬于私人浴池的名誉墙上，无时无刻不审视着他们的子孙。
谁到了这里不是噤若寒蝉，可偏偏她在那大师目光的重压下轻盈走动。
「绘画失之于虚假，音乐失之于抽象，雕塑失之于笨重，戏剧失之于流俗……」
长辈一脸无奈，稚嫩的声音却让人无法反驳。
「小雅，还能有什么比它们更美？」
她踏出浴池，踮脚舞蹈至镜前，淡金色的长发如瀑般流淌而下。
「不。」
水晕弥漫的镜面上，金色的双眸牵引着万缕千丝的视线——
「我一定会找到——那更美的存在。」
「就是为了这样单纯的理由，后来啊……」衣物的温暖触着指尖，泛起回忆。
她在树庭中淘气攀爬，浴池中沉思想象，只为了拾一枚金叶，一捧灵感的浪花。
她在屋顶跳跃奔跑，在原野逗留张望，为了用丝线重现微风的自由与弥远的花香。
时间流淌，织机不停，她的作品源源不断，于奥赫玛中掀起风潮，一次又一次。
她穿着最为得意的织物拜访神殿，但她仍怀有疑问：「这是美吗？」
那「墨涅塔」的祭司已至暮年，虽难以清晰视物，但女孩的光彩仍刺破了她眼前的昏暗。
「小雅，当你接过『金织』的职责时，你一定能创造出令诸神嫉妒的作品。
「这件衣物，以及穿着这件衣物的你，都是如此美丽…但这并不是『美』。」
「可…美和美丽…不是一个意思吗？」
「你呀，还不懂…不懂是好事，好事啊……」"
阿格莱雅,2,其二,"时光荏苒，她设计的服饰已如星空那般浩繁。
不知为何，那华美广大的衣橱内，却保存着许多褴褛不堪的旧衣布片。
充斥纷争的大地上，年轻的将士们穿着鲜亮的衣裳出征，归来时战服已成殓衣，甚至只能带回衣裳的一角。无人认领的时候，只有她会将这些布片收集起来。
她也曾在愤怒中毁去华服，那些腐朽堕落、养尊处优的贵族不配穿上她织就的衣裳招摇过市——即使她自己也曾是这番模样。
还有…那一件又一件小小的衣装。
在过往的时光里，她们伴她成长，同她诉说往日与未来的歌谣
——见证诸多丑恶之后，她才明白，那些稚嫩话语中的分量。
「身为奥赫玛的改衣师，墨涅塔的祭司，我与你们有着相同的职责。」
「但救世要付出的代价……」
「…就像你们一样？」
「就像*我们*一样。」
最显眼的地方，悬挂着朴素简洁的祭司长裙。她时常拿出清洗扫尘，只为不忘自己向那神明许下的诺言。
「请原谅我，为了人世间最美的作品……」
很久以前，握住火种的那一刻，她突然在黑暗中「看见」了一幅从未见过的美丽景象——
在那黄金般的未来里，再也没有纷争，也再没有死亡。"
阿格莱雅,3,其三,"他们说，那是「逐火」的旅途。他们也说，那是「失却」的旅途。
她隐约察觉到某种珍贵的东西在自己身上流逝，但她无暇旁顾，只因走在她前面的人正历经着比她更为痛苦的失去。
「这儿就交给你了，阿格莱雅。」
「一定好好干啊。」
「下次见！」
她不明白，为何告别的时候，他们都这么说。
留给她的，只有深海中隐约传来的乐声，大地上随风而逝的足迹，与一盘无解的棋局。
「孱弱的丝线，如何承担命运的重压？」
陪伴她的唯有「衣匠」，但那曾经华美的衣橱如今空空荡荡。
高贵的小姐进入政治的角斗场，引得元老院议论纷纷，在旁人的连连嗤笑中，她开始自己的筹谋。
指尖的金丝在奥赫玛织造一种网，若虫憩息在城中角落，一呼一吸都无法逃脱她的耳目。
连金丝也变得锋利，第一次染上血的气味。"
阿格莱雅,4,其四,"时至今日，沐浴神性的织机仍在不停轮转，众多衣匠飘摇于半空，无人知道它们是为何而舞动，又是为何而休止。
「衣匠，请前往广场，那里有我们远道而来的客人……」
这样的场景似乎重复过很多次。以往是她走向别人，现在是别人走向她。
彼时彼刻，那身着银白铠甲的青年站在此处，稚气未脱的脸庞被仇恨和血污浸染。
紫裙的少女静默无声，她所行之地，冰冷的死亡会掺杂着幽深的花香。
还有一位飞贼像猫儿似的从奥赫玛消失，但她仍当这是场滑稽的恶作剧。
那如微光般温暖的女孩，也曾治愈过她的伤痕。
还有那异邦的王储，高傲的学者——
「如果一根丝线不够，那么就让千千万万根丝线拉起天穹……」
她寻找着，牵引着各异的命运之线，将他们连缀为强韧的网，然后，那网会扑向泰坦的火种，令它们在新的世界再度燃烧。
「黄金裔们，会一同编织出璀璨夺目的未来。」
在等待的间隙，她来到窗边，俯瞰着熙熙攘攘的奥赫玛城。
「衣匠，再为我沏一杯热茶吧。」
她感到些许寒冷，但她的心已不再为往事的悲伤而悸动。
无形的金线自她的指尖向外延展，城邦的脉搏与心跳，风声与雨声，都在她的指尖跃动、颤抖，就像浪漫之神诞下的灵感，孕育着新生命的搏动——
她端详已久，终是收起了少女时代裁剪的华服。
「哪怕，最后只能身着素衣……」
相传每一位「墨涅塔」的信众，往往都会耗费一生的辛劳，向神明献上自己所认为「至美」的作品。
她已很久没有编织过美丽的衣物了。
但她从未停下过织造命运的脚步。"
雪衣,1,其一,"「十王圣断，业报恒常。」
白衣如雪的判官从街巷幽暗处踱步而出，封死了他最后的去路。
男人靠得更近了，只是拔尖的颤音出卖了他的恐惧：「怎么…光抓住那几个家伙还不够？」
用「怎么」起头，但不是问句，是反问句——对语义的分析在思考中枢里转了个来回，除了「目标对共犯的下场一清二楚」外没有任何其他情报。
她决定直接执行被交付的使命。
眼球、额角、下颚、心脏、丹腑、下腹…一瞥之间，她标定了所有能一击奏效的部位。虽然对手是以灵敏反应著称的狐人，但他空门大开，一合…至多两合之间便能解决。
但这一击落空了。
判官略带好奇地看着他。男人体表上下如有小鼠游走般，肌肉起伏不休，双眼闪动着计划得遂的光芒。
他像得了急病般剧烈喘息，在一阵无法遏制的痛苦呐喊中，身躯攒生出大片细密的毫毛，四肢躯壳被某种看不见的力量强撑了开来。洞天月色的照耀下，一头巨狼人立而起。此刻在判官的视野下，那片笼罩人体的鲜红轮廓已烧成了一丛野火。
「汝…这是自蹈死路，」内心深处的某种习惯想让她叹一口气，可身体已没了这个功能。「服下药王秘传的药，不过是加速死亡。」
男人的目光没有丝毫动摇，「从被你们发现的那一刻起，我就没几天活了。」
狐人抓起身侧的药囊，如倒豆子般将更多药丸倒进嘴里，「你们这些无血无泪的东西又怎么会懂，我有必须离开这里的理由！」
一枚巨大的拳头倏然扩张，撑满整个视野，判官的反应机巧刚刚来得及做出响应。双臂一抖，她随身携带的锁链绷成一个圈，试图兜住这一拳。
拳头挟着惊人的力量轰入胸膛，白衣判官双足所踏之地也裂开密如蛛网的碎纹，深深凹陷。
没有疼痛，只有机巧器官损坏的轻响。白衣判官一阵恍惚。"
雪衣,2,其二,"「雪衣大人，你这幅身体已经没救了。我…我得把你移进新的偃偶里。这个过程可能会让你有些糊涂，你忍一忍。」
在她与冥差藿藿之间，类似的对话已重复了不知多少次。她也一如往常应对，「谢谢。这回请挑个结实的。」
她看见藿藿的狐耳摆了摆，是在表达丧气的情绪吗？她不知道。她的眼睛虽然可以看见，但没有辨认情绪的能力…或许，这不是眼睛的问题。
「我已经把最好的、最硬的、最灵敏的零件全都塞进雪衣大人的身体了，但您的负伤率和损坏率还是部里最高的…问字部的匠作们都开始埋怨了。」
「等你拼好吾，吾就……」
「…你就给他们一人脑袋上『轻轻』敲一下对吧？」一个熟悉的声音来到四分五裂的她身旁。「他们还是血肉凡胎，受不住你的玩笑。」
垂下的长发覆盖在她的脸上，她的人造肌肤传来一阵扰动信号。女人俯瞰的脸从各自独立的五官凑成了一张教她无比熟悉、亲切的脸。
「姐姐，机巧之身总会让人产生自己金刚不坏的错觉。但我却要用还阳的假日，抵扣这次你身体的超前损坏。盼你下次执行使命时记住了，你还有个妹妹会为你担心。」
「记住了。」
「再不行的话，就得让藿藿把这一条写在你的脑海里…啊不用，藿藿，我开玩笑的。我相信姐姐会记住。」
「那雪衣大人，我们准备开始了。」
她感到自己被切开，被复制，分裂成数千份，被上传到十王司万千回路之中——
一瞬间，她翻过因果殿中无数刻录简牍，在惊鸿一瞥仙舟人的灵魂全貌后又忘之阙如。
下一瞬间，她进入周遭金人勾魂使的身躯，体会金铁身躯的刚强和玉兆中难以动摇的意志。
她长出一千只眼睛，用机巧鸟的翅膀和视线俯瞰星槎海下的人流……
她生就一千张耳朵，听到无穷个频段中波形的变化与尖啸……
她的一千只手在冥差身上书写业判，一千只脚在陌生的街道上紧追慢赶……
她明白自己此刻只在十王司的玉兆回路中，但她又感到自己无处不在，渐渐消散……
「姐姐…姐姐！」
熟悉的声音再次出现，超乎声纹波形之外，一个回忆牢牢禁锢住了她。白衣判官脑海一阵恍惚。"
雪衣,3,其三,"「姐姐…姐姐！」
她惊觉自己身处在蓝天下，周遭麦浪起伏，昂扬生长。
她笑着将细枝和一早捡来的花朵编在一起，戴在怀中女孩小小的脑袋上。女孩回过脸瞧她，笑得比花朵更明亮。
她紧紧捧着这张脸，发誓要永远保护这张纤巧、脆弱的脸，发誓要为她做很多很多。
「姐姐…姐姐！」
才一走神，这张脸就变宽了，开阔了。那俊俏的五官间已经没有一丝需要她呵护的柔弱，只有坚毅。这张脸曾与自己并肩行走，一同登上星槎，远征域外。
风沙、冰霜、泥痕…时间在这张深爱的脸上留下许多尘垢。但自己的手总会轻柔细致地抹去一切。
和自己一样，妹妹已经是个大人了。她不该当着众人的面，像总是操心的母亲那般为她擦拭。但她又怎么能轻易放手呢？她发过誓要永远保护这张脸，发誓要做很多很多。
「姐姐…姐姐！」
她抬头已身在火与血的焦土之上，地上是数千张熟悉却早已丧失生机的脸庞，妹妹的脸也在其中。
但她找不到自己的脸。
「我能救她。我能救回你们所有人。只消挥挥众手中的一枝，我就可以教血肉从白骨上长回去，让花瓣从泥尘落回花蕊。你很清楚。」
她的身下，生有千面的怪树在对她说话，也是在对所有人说话。祂挥舞枝条，枝干深扎大地。
「我乃倏忽，我乃万古。从我开始，尔等将获得真正的长生。」
她饮泣闭目，没有了反抗的余力。此刻她已是这巨树上微不足道的一颗果实，无法向雄伟的根须抗辩。
一柄燃烧的巨剑自天而降，烧尽了空气中甜腻的腐臭味。身着重甲的魁伟男子如同流星般坠入战场，怒啸着冲向巨树。那怪树如同花朵般再度绽开，金色的枝干猛烈生长，紧紧纠缠住宿敌。
「每一次克服死亡，皆是无上喜乐。和他们一样，你的血肉微不足道，但你的痛苦或能取悦我。」
枝干尖笑着，让每一个头颅开口代祂说一个字，接连成句：「腾骁，这次你打算用什么杀死我？我很期待。」
「用我自己。」男人平静回应。他的背后，金色的幻影将巨刃自天搠下，直贯大地。
「姐姐…姐姐！」
呼喊越发急切，她感到自己再次被筛选、被删除、被合并，塞进狭窄有限的自我中。
「所谓的幽府判官、十王敕使，也不过如此。」
如同所有从梦中惊醒的人一般，她回到了自己的身体，却忘记了刚才的梦。白衣判官脑海一阵恍惚。"
雪衣,4,其四,"在白衣的判官耳旁，狐人嘶哑的笑声听来直如狼嗥。
男人带走了组织中最宝贵的丹药数十丸。而今看来，是他应敌经验不足，只服食一丸便已能将眼前判官轻巧捏碎。
「说到底，机巧终有上限…不如我们长生种的身体，潜力深不可测。」
狐人笑着想要抽回手，但却被牢牢拖住。数圈锁链彼此紧扣，犹如蛛丝纠缠着他的手臂。
披面的黑发间，判官的眸子闪闪发亮，那神情让狐人联想起了嗅到血味的猎食动物。「『五藏神』，吾的机巧器官被打坏了。负责同情的部分，弱了一些。」
「…不知所谓！」狐人撮指成爪猛力击凿，却被一枚三棱尖刺穿透掌心，他失声嚎叫。
「原本打算让汝全须全尾地入幽狱受审，少去皮肉之苦。但你打碎了吾的同情心。」
「少装模做样了！你忘了自己的锁链和我连在一起吗？」掉入陷阱的伤兽猛烈挣扎起来。狐人拖过锁链，将白衣判官拥入怀中，每一寸巨硕的肌肉都在回应他的愤怒，绞索般收缩，令人牙酸的错位声在空气中嘣嘣作响。
「诚如汝之所说，血肉的潜力深不可测…但败也只败在一处，会痛。」
白衣判官的声音嗡嗡作响，伴随男人撕心裂肺的呼号响彻夜空。
她撑起破碎的右臂，折断的手铁骨戟出，如锋利矛尖，锥入狐人已呈狼形的下颚。走火入魔的逃犯左冲右突，却无法甩开紧紧纠缠的判官，在剧痛中翻滚半晌，终至失去意识，瘫软如泥。
「无血无泪？」血衣判官自犯人巨硕的躯体上缓缓站起。「是汝等丰饶孽物…打碎了吾的同情心啊。」
她勉力将颅骨、脊椎和髌骨推回正确的位置，然后把怎么也接不上的断手系在腰间。
这一回，小妹和藿藿会如何唠叨呢？内心深处的某种习惯想让她叹一口气，可身体已没了这个功能。"
青雀,1,其一,"青雀的传奇故事始于黉学。
自青雀入学算起，到她毕业为止，凡有考试成绩记录在册，「青雀」二字身后必随一大写数字「陆拾」——雷打不动，绝无例外。
起初，黉学导师只觉青雀不过天资平平，大抵不是做学问的料，便未有过多追究。然而，随着那醒目的数字陆续填满黉门成绩册，导师们终于意识到此事恐怕并非巧合。
很快地，与导师们促膝长谈便成了青雀的家常便饭。听多了也便知道，这些个大儒们翻来覆去也不过几种腔调——起手言必称她「文静乖巧」、「天资聪颖」，后复又带些埋怨「可惜好脑瓜用错了地方」，末了再画一大饼「若是能将这股巧劲专用在学问上，那必能怎怎怎」……
可自己究竟想要什么生活，青雀心里比导师们更清楚。谈心时不停复读「啊对对对」、「嗯好好好」，转头便又上课伏案睡大觉，然后在考试中低空飞过——这就是青雀面对导师们威逼利诱时给出的答复。
先生们终于磨没了耐心。最后，他们只能在青雀的毕业评价一栏恨恨留下一笔：
「难成大器。」"
青雀,2,其二,"在太卜司十余年，青雀活像只人畜无害又低调的小麻雀。
顺应父母的期望捧上了铁饭碗，青雀自以为终于可以松一口气，却不知负责情报、计算和信息的太卜司实属混子们的无边苦海，就算再使劲回头也望不见涯岸。高强度的工作让青雀就此陷入煎熬，不得解脱。
然而，所谓「杀不死你的便能使你更强大」，在漫无尽期的社会人生涯中摸爬滚打，青雀已然习得了一身老油条的摸鱼功夫。部门流转来去，上级换了好几个，青雀始终是雷打不动最低职级的卜者，并且还有更低的趋势…堪称长势喜人。
只是，如今尚有两件事困扰着她。一是每年元春时都要拜见父母，谈谈自己最近的生活状况和未来的人生规划——因为她根本没有规划；二是她那行事如玉兆般精准的领导总能在她偷闲时为她加塞新活计。
青雀决心继续精进自己的时间管理功夫，以便逃离太卜司恐怖领导的追缉——可惜小麻雀哪里明白「雀算不如天算」，连她这点小心思，也在那法眼的计算内。"
青雀,3,其三,"「帝垣琼玉」这种游戏据说从古帝国时期便已存在，只是在仙舟联盟长久的星间漂流中失传了。多亏了太卜司某位不愿意透露姓名的卜者将其规则整理、带回了现代仙舟，人们才能有幸接触这法星辰天象而成的烧脑牌戏。
当然，仅有规则是远远不够的。于是，卜者又以书库中的图纸为饵，勾引自己在工造司的匠作密友为她打造了一副琼玉棋牌和棋枰，集自动洗牌上牌多种功能于一体，并经由后者名下的「四至棋牌馆」迅速推广开来。
如今，「帝垣琼玉」已经成为风靡罗浮的热门游戏之一。卜者不时会在书信中与那位匠作拿此事打趣：她称这玉牌本是为自己偷闲所用，不想竟还一举俘获千万罗浮人的心，真是始料未及。
「不过嘛，这倒也不是什么坏事——」
「毕竟…能借着这休闲益智的牌戏光明正大地划水摸鱼，何乐而不为？」"
青雀,4,其四,"「如何快乐工作是一种艺术。」
「其一，不超额完成任务。上峰交代的任务在期限前匀速完成，千万别提前交付。」
「其二，不主动揽活。上峰若不开口言明要你办妥的事情，就是与你无关。」
「其三，不单独打拼，也绝不争功。能拉上别人合作垫背一同辛苦，就千万别为了显示能耐单枪匹马一人扛着。」
「事后有了功劳也要推给同侪，既做了顺水人情，为将来栽了一颗大树好乘凉；又杜绝了上峰欣赏提拔你的可能——职位提升，那要做的岂不是更多了？」
「总而言之，言而总之，这三条就是快乐工作的基本法则——不主动，不拒绝，不负责。你，学会了吗？」"
风堇,1,其一,"「可以把翅膀慢慢打开，对…就像我们上次做的那样，配合医生一起深呼吸哦！」
「放松一点，没问题的…嗯，翼展变宽啦，你在很努力地吃饭，对不对？」
毛茸茸的脑袋被烛光衬得暖烘烘的，女孩抱起小马，轻轻地放在体重秤上。
「放心吧，很快你就能和其他翼兽长得一样又高又壮的，嗯？」
戴上听诊器，女孩开始各项检查，她触碰到小马肋下新的「伤口」。
「你受伤了？」
她摩挲着小马的翅膀，小心翼翼地将棉花塞进松落的裂口，又取出针线。
「会有一点疼，但别担心，我扎针很稳……
「你又拼命训练了吗？是因为有很多人和你说，你的母亲，祖母，还有好多厉害的先辈，一个腾飞就能飞到天上，一个冲撞便能撞碎岩石？
「大家期待你会成为如雷霆一样的英雄，可不管训练多久，你好像都只能让他们失望……
「就好像…你和他们完全不一样……」
小马一动不动，黑溜溜的眼珠看着窗外。
划破天幕的雷鸣仍在远空回荡，那是天空城邦的英雄与他们的翼兽掀起的风暴。
「偷偷告诉你一个秘密…我和你一样……」
在那孤独昏暗的病房，养病已久的女孩抱着玩偶，拿着针线，第一百次演练父亲教习的医术——
「但也许…不一样的光芒，也有它存在的意义……」"
风堇,2,其二,"同其他医者一样，女孩许下治愈所有人的愿望。
她想抚慰世界倾覆下凡人的惨痛，可当黑潮将城邦吞没，瘟疫包围重伤的人群，她只能驱散疫病，而无法停止绝望的蔓延。
「或许，一名好的医师，需要的远不止灵验的药草……」
「乳色的窗帘要能透光，床要软硬适中，床头摆好新鲜的花束…这样在房间里也能看到和外面一样的『色彩』……」
她想为末世中的人们带来希望，一缕从未来照入的光。
于是伴着安神的香薰，一位弥留之际的少女在温暖舒适的房间中喃喃自语，尘封许久的记忆慢慢复苏。
「爸爸送我八音盒的那天，外面也下着淅淅沥沥的小雨。我听着叮叮当当的旋律，在滴滴答答的雨声中度过了最美好的生日……
「我还记得，白玫瑰开满了街道，刮风的时候，就像在下一场香气扑鼻的大雪……
「还有那片天空，越来越深的蓝色中落着一点橙红…」她回忆着，「然后那些透明的泡泡环绕着我，就像……
就像现在一样……」
滴答，滴答——
时针在回忆中走动，叙说的声音逐渐低弱。
那流动不息的雨声中，只余一声满足的叹息。
「嘟嘟……」小伊卡低垂着头，懊丧地趴在小马玩偶旁。
「小伊卡，听到了嘛…她看到了我们创造的天空呢……」
房间的天花板上，夕阳落入海中。
她握着少女逐渐冰冷的手，晶莹的眼泪滑过脸庞。
「以后，我们一定能把它变得更宽广，更温暖……」
「嘟！」"
风堇,3,其三,"奥赫玛，英雄汇聚之地，末世最后的希望所在。
「逐火之旅」，「火种」，「泰坦」…即便已熟悉那些酷烈灼热的名词，当别人称她为英雄时，她仍是挥挥手。
「我只是一名医师而已。」
她对每个来到庭院的人都那么说。
悲伤的少女来询问那被死亡之泰坦波及的「顽疾」。
「蝶宝，那才不是病呢！你还有很多事可以尝试！」
她常常和少女一同观鸟观星，制作标本和奇美拉玩偶。看到少女脸上的笑容，她也会感到温暖。
她知晓冷冽的织者和高傲的学者之间的不和。
在那崭新的调解室，她为织者准备了最爱的燕麦粥，学者批改论文时必备的气泡山葵醋，并请来资历最老的半神——
「如果他们不来，我就…派小伊卡天天在他们耳边嘟嘟嘟！」
她在昏光庭院播下石榴的种子，种下一方麦草，开辟一片花海，让每一位从远方来到奥赫玛的异乡人，都能在此放下心结，畅所欲言。
「希望点滴的善意，能消融族群之间长久的心病。」
她总放心不下那不断磨损的半神。
「小风堇…踏上逐火之旅的第一天，*我们*就已经想到这一天啦……」
她们总是如此说。
「即便能为你们减少一丝痛苦也好…我再去树庭的图书馆查查资料吧……」
她也总是如此做。
……
天空的后裔，悬锋的族人，奥赫玛的原贵族，哀地里亚的圣女，哀丽秘榭的战士，雅努萨波利斯的圣女…小小的庭院中，各色融汇成一道虹光。
但闲暇的片刻，她也会想到旅途的尽头。
「到那时候，我…还能做些什么呢？」"
风堇,4,其四,"「『光历████年，机缘月』风堇医师
展信佳。虽然当年姐姐没能挺过来，但姐姐最后在庭院度过的时光…她临走前的微笑一直温暖着我的梦境。我想跟您说，今天我也正式成了一名医师，我想像您一样，去帮助那些在末世中煎熬的人们，希望在这长夜中，我也能成为一盏小小的灯……」
「『光历████年，门关月』堇宝
…真的很感谢你这段时间的陪伴。当我蜷缩在昏光庭院治疗室的时候，你允许我的悲伤像积雨一样堆积又蒸发，当我说自己『天气不好』时，你又完整地包容了我…或许，我也应该更勇敢一点……」
「『光历████年，自由月』风堇女士
小家伙们都恢复得很好，特别是那位上次吵着要喝石榴汁的奥赫玛小战士。城邦间的宿仇很难很快消除，但我现在相信，不同的色彩也能共存。」
「『光历████年，长夜月』风堇助教
感谢你执着的提醒，我会考虑和她缓和关系。当然，完全是看在你的面子上……」
「『光历████年，哀悼月』风堇小姐
不必费心为我寄来新的药剂了，我自知人性的流失已无法挽回。你也不必担心，我们与树庭的关系并非降至冰点……」
「『光历████年，欢喜月』风堇女士
我从来没有想过，家乡的麦种能有一天重新发芽。躺在昏光庭院的花园，又像是回到了哀丽秘榭一样。每次心情低落的时候，闻闻这里的麦香，我就又有干劲了！」
「『光历████年，长昼月』小风堇
人们总称赞以前包容烈阳与惊雷的天空，*我们*却觉得你比那样的天空更温柔。无论*我们*明天将去向何处，*我们*一定会永远、永远记得你！」
从满溢的箱中露出的几封信件，被珍藏在诊疗记录册旁。
在旅程之初，女孩微弱的光似乎旋即会被黑暗吞没，然而在启程成为明日的天空前——
在她走过的地方，晴空早已不知不觉绽开了第一缕笑颜。"
飞霄,1,其一,"空气中透着一丝血腥和不安。
「凝梨……」
她轻轻拍了拍身边颤抖的伙伴，「我闻到了…自由的机会，就在今夜。」
「萨兰，那三个逃跑的狐人奴隶的尸体，还悬挂在门楼上……」
「不，今晚不一样。」
她抬起头看向远方，一道巨大的流光正缓慢滑过夜空。
「今晚会有流星。」
她攥起同伴的手，「没事的，我们向前看，不要回头。」
淡漠而璀璨的流星下，两道小小的身影在无际原野之上奔跑。腥风扑打在她们的脸上，令人胆寒的狼嚎不断地激发着深埋于血脉中的恐惧。
但是她从未怀疑自己不能逃脱狼群的追捕。
只要向「流星」许愿，「流星」便会照耀她们，只要追逐那道天上的光，她们便能到达光所在的远方。在竭尽全力的奔逐中，她似乎看到光愈来愈近
——那不是「流星」，而是一个会飞的女人，她自称是曜青仙舟的将军，名为「月御」。
远方，从未见过的军队自她身后奔腾而来，数不清的箭矢越过她的头顶，朝着步离人的追兵倾泻而下。
「看啊，凝梨，流星实现了我们的愿望！」
她欣喜若狂地喊着，自始至终都没有回头，没有看见「流星」最终触及大地，将一切归为寂静。"
飞霄,2,其二,"在曜青的军营中，她穿上云骑铠甲，拿起武器。
新的语言、新的生活习惯、新的名字、新的战斗方式——她痛苦地学着，学得飞快。她跟随月御征战，为月御执旗。在无尽的征战中，少女已成为独当一面的战士。
战吼仍旧时不时在耳边回响，一开始，她以为那是恐惧。
但直到有一次，她闭上眼，眼前那温暖的红色流淌着，她好像看到了一轮血腥的月亮，向她温柔地呼唤着，鼓动着她的血脉。
她的肌肤寸寸崩裂，野蛮的力量像洪水一般涌入——她发现自己只需轻轻踮脚，便可如同流光一般极速而动。
她沐浴鲜血穿梭在敌军之中，在他们还未回过神来时送上死亡，敌阵中赫然显现出一道越来越宽阔的裂口。
漫天血雨的长战中，她的速度愈来愈快。没人能跟上她的脚步。
恐惧——她从敌人眼中看到了恐惧，而在身体中时时刻刻涌动的，是战栗与愤怒。
她回过神来，望向自己所经之处，身后只有步离人的尸体，愈来愈多，越垒越高。
曜青的战士们也远远地望着她，他们的眼神有惊讶、有欣喜、也有恐惧。
她倒了下去。
再次醒来时，只有月御坐在她的身边，营外模模糊糊的声音传入她的耳朵。
「你没看到她没尾巴吗？这也未免……」
「天生的？怪可怜的。」
「她以前是步离人的战奴，怪不得拼那么凶。」
「你们不知道那是『月狂』？我当时快吓疯了，怕她谁都不认……」
「但如果不是因为她，我们这次恐怕没法赢得那么轻松吧？」
她明白，这些声音或许将伴随着她的一生。"
飞霄,3,其三,"她曾回到窟卢的旧地，但迎接她的既非狼嚎，也非狐鸣，只是一个望不见底的深壑。光浪的烧灼后，甚至连枯骨都未留下。
但她依旧追逐着流星，这里的每一个人都是——那是帝弓的光芒，是他们身处险境的精神支撑。
也正因如此，当面对丰饶民的再次进犯，她无法相信眼前的景象——流星正在向他们落下。
即使这里有无数丰饶孽物集结，也有无数曜青军士苦苦死战。
但流星破空的声响宛如步步逼近的死神，让她通体冰冷，如堕地狱之中。
那位在她心中战无不胜的将军，也于帝弓之光下化作齑粉。她绝望地奔走在战场上，试图带回存活的人们，直到在光芒的余波中失去意识。
她狂怒般地呐喊，但无人能听见她的声音。
一切归于寂静。
至此之后，她经常会做噩梦，梦见有人向她伸出手，但在她到达之前，他们已被光淹没。
「还不够…还不够……」
她也曾泪流满面地从梦中醒来，但她知晓所有的承诺，只有在战场上才能得到实现。
她披带铠甲，走向阵列的最前方。任由狂乱涌入血液，以赤手空拳为军士开辟前进的血路。
她如流星一般降临于敌阵，如山的怪物在她的轰击下四分五裂。
在众人的注视下，她以一己之力迫使敌方大军不断后退。
「天击将军！天击将军！」
微弱的呼声化作彻地的战吼，一股庞然而原始的意志正在她的感染下苏醒。
她于血雨中停下脚步，于狂暴中怒而沉声道——
「我向你们许诺。
终有一日，我会比帝弓的光矢更快。
终有一日，我们不必再目睹『流星』落下。」
那一天，那场雨中，她在血与火的淬炼下新生。"
飞霄,4,其四,"今天是难得的休息日。
天蒙蒙亮的时候，她已从住处出发，只是行动轨迹略有偏移。
今天是她定期体检的日子。
「会头晕？」
「不会。」
「间歇性疲惫？」
「不会。」
「心脏不舒服？」
「不会。」
狐人医士皱起了眉。
「将军，恕我直言，如果什么都正常的话，这份检查报告就是无稽之谈。你我都心知肚明，『月狂』的后遗症愈来愈频繁与显著，我只能尽力减缓。」
「那又如何？」
「但一切都只是时间问题，长期以往，最终你恐怕会彻底迷失，再也……」
她笑了笑。
「你负责『医治』我，我负责『医治』战争。我们说好的，彼此都全力以赴。」
取完药，她特地绕了远路，那是一条僻静的小径。一墙之隔，便是人声鼎沸、热闹非凡的繁华街道。摊贩的叫卖声、孩童的笑声此起彼伏。
「现在多好啊。」她喃喃道。
耳旁响起了黄钟共鸣系统的传信——
「征忒斯特-Ⅷ孽物，大捷。
「征萨金夏都孽物，初出而不利。后得公司助力，大捷。
「鏖战果儿都，大捷。
「……」
在生命结束之前，她会将仇敌一一猎尽。
直到有一天，她会因「月狂」彻底成为野兽，不分敌我。
直到有一天，「巡猎」的锋镝，将贯穿自己的心脏。"
驭空,1,其一,"「你知道吗？能进天舶司的，只有三种人。
能说会道的人；追求刺激的人；渴望回归星空的人——就是这三种，再无其他。」
我们与形寿无尽的仙舟人不同。虽然狐人也被称作「长生种」，但寿元也不过三百余载。所以，我们中的许多人更加乐于尽情享受生活乐趣——全心全灵，只为追求生活的极致。
我？现年二百四十六岁，半截身子入土，早就过了享乐的年纪。你或许知道我年轻时也性格泼辣，手段风雷；在老一辈仙舟人口中，你还可能听说过我连闯六个红灯的战绩。
那会儿我才刚成年，就被人提溜到将军面前…结果你猜怎么着？他竟然让我加入天舶司——只因为我星槎开得实在漂亮，想来定能在这天舶司大有作为。
那时候，他管我叫「不良少女」。后来，他们叫我「王牌」。"
驭空,2,其二,"「衰颓的老人百无一用，如同褴褛的衣裳挂在木棍上。」
很多年前，我听过这样一首域外的古诗。它们的韵律与仙舟诗不同，我谈不上喜欢，可唯独这句始终盘旋在我心中，像魂灵挥之不去。
我见识过异邦人如何衰老。皮肤和肌肉变得松弛、大脑发生不可逆的退化、骨骼变得脆弱、眼球变得浑浊…
我理解他们为何羡慕我们。我曾经同他们一样，以为我们不会衰老，以为我们会永远保持不变的模样。
每次出征前夕，我都会向战友承诺：「你只管握紧武器，我会把你带回仙舟的。」
但我食言了。那场战斗后，只有我一人拖着残躯回到了天舶司。
我回不去了。我再明白不过。
自此，我便埋头专注于公务，不再作回归天际的空想。
我老了。"
驭空,3,其三,"「这故事里的情节和你们仙舟人恰恰相反。」
这个故事来自仙舟之外。故事说，有一个青年人，与神明做交易，祈求自己永生不死。神明实现了他的愿望。他不死，但他的肉体会衰老。他会永恒地衰老下去，承受无尽的苦行。这一切都是因为他妄图获得不会朽坏的肉身。
故事末了，给我讲故事的老人才对我道出如上的感慨。或许，仙舟巨舰在化外民看来就是徜徉星海的极乐宝船——在这里，人们只会以无穷寿量永享天伦之乐，不知衰败寂灭之苦。只是在我看来，状况并非如此。
仙舟人恰恰在经历着永恒的衰老。的确，我像五十岁那年一样精力充沛。我能驾驶着星槎穿过不足两丈宽的峡谷；我能和人连续跳上几个时辰的舞；我还能歌唱——说起来你可能不信，我唱得比长乐天的许多艺人还要好呢。
可惜，我不会再这么做了。我不想再这么做了。它们不再能给我带来任何乐趣。已经没什么能给我带来太多乐趣的事物了。
这就是我们的衰老。这就是所有仙舟住民的衰老。"
驭空,4,其四,"「纸鸢是坠亡飞行士的纪念物。
好好保管——代替那些无法回到天空的飞行士们再度起飞吧。」
当我从燃烧着熊熊烈火的星槎残骸中爬出，看到的是那颗无血无泪的星球未经大气修饰的天空。
那是我见过的最美的天空，可我只感到难以忍受的悲伤。我只能像只该死的蚂蚁匍匐在大地上，眼巴巴地望着它。
在梦里，我死在了那天。
我想了很多。我想起过去。我见过死去的太阳。我见过活化的星球。我见过帝弓司命的光矢。我见过太多事物。我见过太多星星。我见过太多生命陨落。我见过太多生命诞生。我见过太多。我老了。我想我老了。我会死去。我的翅膀折断了。我回不去。我想我老了。我回不去。我想我会死去。我的翅膀折断了。我飞不起来。我像蚂蚁。我想我飞不起来。我想我的翅膀折断了。我想回去。我想回到天空。我想回去。我想回到天空。我想回去。
我从梦里醒来。
我想回去。我想回去。我想回去。
我必须回去。星空属于我。我渴望回归星空。
我将完成生命中的最后一次奋飞。"
黄泉,1,其一,「…并非人选择刀，而是刀选中了人。▇▇▇▇▇▇▇▇▇▇▇▇▇▇▇▇▇▇▇▇▇…那一日，看着『刀』经由我手锻成，再被交予少女手中，我意识到，在对抗▇▇▇▇的道路上，她选择了——或是被选中——踏上那条▇▇迈向明日的道路。▇▇▇▇▇这是一个美好的时代，即便出云国依旧面临威胁，人们也依旧怀抱希望，相信▇▇会被尽数斩落，天下将重获自由…▇▇▇▇▇▇▇▇▇▇▇▇▇▇▇▇▇▇▇▇▇▇▇▇▇▇▇▇▇▇▇▇▇▇▇▇▇▇▇▇▇▇▇……」 ——古老的残卷 完成开拓任务「行过死荫之地」后变更为： 「…并非人选择刀，而是刀选中了人。正如人无法选择命运，而是命运选择人…那一日，看着『刀』经由我手锻成，再被交予少女手中，我意识到，在对抗『八百万神』的道路上，她选择了——或是被选中——踏上那条看似迈向明日的道路。我多么希望这是一个美好的时代，即便出云国依旧面临威胁，人们也依旧怀抱希望，相信恶神会被尽数斩落，天下将重获自由…可直到刀光消陨，我才明白，这是一条没有终点的死路，而踏上它的人们，再无回头的可能……」 ——古老的残卷
黄泉,2,其二,「…从锻刀者留下的残卷可知，出云曾一度来到破灭边缘。为求存续，他们以▇▇▇▇锻刀，持刀者被奉为救国的英雄。 遗憾的是，这个世界已经从星图上消失了，历史的真相无处可寻，『记忆』也不复存在。武装考古学派抵达时，星系中只流淌着「神秘」的歌谣：无边的雨自▇▇中如泪涌出，微茫的雨幕下，出云国的孑遗背对被▇▇▇▇▇▇抹去的故乡……」 ——「执笔者」奥本海默 完成开拓任务「行过死荫之地」后变更为： 「…从锻刀者留下的残卷可知，出云曾一度来到破灭边缘。为求存续，他们以『神骸』锻刀，持刀者被奉为救国的英雄。学会对其中的『八百万神』很感兴趣，目前尚不清楚它们与哪条命途有关，而在日后的记述中，出云人对那些刀主的称呼也渐渐从『人』变成了『鬼』。 遗憾的是，这个世界已经从星图上消失了，历史的真相无处可寻，『记忆』也不复存在。武装考古学派抵达时，星系中只流淌着「神秘」的歌谣：无边的雨自黑日中如泪涌出，微茫的雨幕下，出云国的孑遗背对被她拯救又亲手抹去的故乡…她的前方，只有目不可视的阴影。」 ——「执笔者」奥本海默
黄泉,3,其三,「我用了『醒觉 -310 』制剂，它能让人沉入极深的睡眠，重历过去的回忆。一些患者能以此重拾██████，但她不同。在她以前，从未有人能主动从沉睡中醒来。我观察了她的梦…那实在难以被称作幸福的记忆：阴沉的天空、破败的城市、废土残垣，还有连绵不绝的细雨。 那雨仿佛永远不会停下，在高涨的潮水中，人们在溺亡中微笑。而在沉沦的黑夜，我总能听见遥远的雷声在迫近，直到某一刻，雷光乍现，将黑夜撕裂。在破碎的天空下，我又看见了她——在褪色成无的世界里，她轻轻挥出一刀，将整片梦境带走。 我必须承认，在这条路上她走得远比我们更深。那无可捉摸的████引领她走向██，她却在无形中将其执握于手。也许在旅途之初，她就已准备好面对真正的敌人……」 ——某位药剂师的手记 完成开拓任务「行过死荫之地」后变更为： 「我用了『醒觉 -310 』制剂，它能让人沉入极深的睡眠，重历过去的回忆。一些患者能以此重拾对生活的信心，但她不同。在她以前，从未有人能主动从沉睡中醒来。我观察了她的梦…那实在难以被称作幸福的记忆：阴沉的天空、破败的城市、废土残垣，还有连绵不绝的细雨。 那雨仿佛永远不会停下，在高涨的潮水中，人们在溺亡中微笑。而在沉沦的黑夜，我总能听见遥远的雷声在迫近，直到某一刻，雷光乍现，将黑夜撕裂。在破碎的天空下，我又看见了她——在褪色成无的世界里，她轻轻挥出一刀，将整片梦境带走。 我必须承认，在这条路上她走得远比我们更深。那无可捉摸的『虚无』引领她走向自灭，她却在无形中将其执握于手。也许在旅途之初，她就已准备好面对真正的敌人…我曾向她提问，这一切有何意义？但她并未作答。是她不知晓如何回应，还是她心中早已有了答案？」 ——某位混沌医师的手记
黄泉,4,其四,「我把这封信留在这里。如果我没能回来，就由它来讲述她的故事，一位我在████邂逅的同伴。迈向彼岸的路艰难无比，幸亏有她同行，我才能一路平安无事…… …在我们相遇前，她已去过许多世界，各种生活技能都十分熟练。我和她一起在野外烹饪和搭帐篷，那些没有星星的夜晚，她会听我讲故事，和我讨论明天要做什么。更多时候，我们只是在默默行路。这里的雪是紫红色的，尝起来有树莓的酸甜。她████会赞赏我做的████雪团子…… …在认识她以前，我曾长年在██河流中跋涉。她向我伸出了手，我们便一起在这条河流中同行。如今，分别的时候到了，我还没走到岸边，也不知道即将面对的是什么…但我没有理由停下脚步。生命无非是一条终有尽头的道路，在此之前，我会用自己的双脚走到终点。我相信她也一样。」 ——某位探险家的笔记 完成开拓任务「行过死荫之地」后变更为： 「我把这封信留在这里。如果我没能回来，就由它来讲述她的故事，一位我在俄尔刻龙邂逅的同伴。迈向彼岸的路艰难无比，幸亏有她同行，我才能一路平安无事。初见面时，我总觉得她似乎背负着某种使命，是「复仇」吗？恐怕不是。一个心怀仇恨的人总会在某些时刻将其展露，但她永远那么平静，除了偶尔流露出的一丝悲伤…… …在我们相遇前，她已去过许多世界，各种生活技能都十分熟练。我和她一起在野外烹饪和搭帐篷，那些没有星星的夜晚，她会听我讲故事，和我讨论明天要做什么。更多时候，我们只是在默默行路。这里的雪是紫红色的，尝起来有树莓的酸甜。她已尝不出多少味道，但依然会赞赏我做的俄尔刻龙雪团子…… …在认识她以前，我曾长年在『虚无』的河流中跋涉。她向我伸出了手，我们便一起在这条河流中同行。如今，分别的时候到了，我还没走到岸边，也不知道即将面对的是什么…但我没有理由停下脚步。生命无非是一条终有尽头的道路，在此之前，我会用自己的双脚走到终点。我相信她也一样。」 ——「扶里巴斯」的笔记
黑塔,1,其一,"黑塔女士的手稿是极为宝贵的资产。
其核心的难得之处并不在于黑塔女士极少愿意花费笔墨进行纸面写作，而是对于这样一位天才而言，天下万物都没什么值得记录的必要。
那些普通科员付诸十年、乃至一辈子才可以得出的科研成果，或许可以点亮一整片陌生的科研领域。但对她而言，都不过像是随手点了一盏节能灯那样平凡。谁又会没事浪费时间去将这种小事成文成体系地记录下来呢？
不仅是黑塔女士，其实整个「天才俱乐部」成员的创作文献多是不可多得的珍宝。然而黑塔女士却更宽宏、更体恤理解我等普通人。她将手稿就那样随意地放置于空间站，如她将搜集来的奇物珍宝开放给每一位科员进行研究那般「慷慨」。
当然，我们都坚信并认可，这并非黑塔女士怠于完成那部著作，所以将随手编写的稿纸到处乱放，方便以后应付投资方的时候，可以说一句——「写完了，但是找不到了」。"
黑塔,2,其二,"众所周知，获得空间站「黑塔」的科研资格已成为了广大研究者的共同目标，今天我们就来采访一下空间站的主人，黑塔女士。黑塔女士，请问您成立这样一处科研绿洲的契机是什么呢？
「东西多了，总要找地方放。」
啊，正所谓无心插柳柳成荫！智慧的黑塔女士即便是无心之举，也可以造福千万普通人。然而，总有心思邪恶之徒妄图破坏如此美妙净土，请问黑塔女士，对于上一次反物质军团的入侵，您有何想法？
「下次别来了。」
这…如此严厉的警告，一定是成就黑塔女士的必然要素。区区反物质军团，你也敢进黑塔女士的空间站，你不配被黑塔女士放在眼里！那么我们进入下一个问题！"
黑塔,3,其三,"最近空间站的研究进度受到事故的冲击，有所延后。不少科员捶胸顿足，为辜负了黑塔女士的信任与青睐而自责，请问黑塔女士，您有没有什么话想跟大家说？
「没有，加油。」
大家都想为黑塔女士您的科研之路出一份力嘛……
「不用了。」
确实，大家的科研水平远不如黑塔女士，这也是我们被您的智慧与卓见深深折服的原因。请问黑塔女士，您有没有什么科研建议能送给大家，我们也想向您学习学习！
「没有。」
黑塔女士，您的智力水平与天赋之高大家都有目共睹，可是对于我们普通人来说，实在没办法做到和您一样…您能不能给我们指导指导，比如说我们智力有限，那就应该集中精力在某某领域之类的？
「那就回家睡觉呗。」"
黑塔,4,其四,"黑塔女士还真是体贴啊，确实，「天才俱乐部」成员们研究的东西一般人可能连标题都看不懂。那我们还是聊点别的，空间站里都是您忠诚的支持者，大家对您的个人情况也充满了好奇。比如说您一直在写的手稿，请问黑塔女士，您打算什么时候出版最新篇章呢？
「我认为这并不重要，更加重要的是，以利亚萨拉斯曾经说过，最具挑战性的挑战莫过于提升自我。因此，我们还要更加慎重地审视这个问题： 所谓写稿，关键是稿需要如何写——」
呃…呃…原来如此。不过，黑塔女士，我们非常关心您那本《我如何加入天才俱乐部》……
「我认为这并不重要，更加重要的是，赞达尔曾经说过，一个人即使已登上顶峰，也仍要自强不息。因此，我们还要更加慎重地审视这个问题： 所谓加入天才俱乐部，关键是天才俱乐部需要如何加入——」
您现在是…自动应答模式吗？
「我认为这并不重要，更加重要的是，余清涂曾经说过，为学者，立志之事也。因此，我们还要更加慎重地审视这个问题： 所谓自动应答，关键是应答需要如何自动——」"
黑天鹅,1,其一,"「她呀，是个奇怪的孩子。我早就知道会这样，她出生的那天，云雀在树上鸣叫，月亮的淡影和初升的朝阳一起印在天上，手里的纸牌告诉我，一个眷恋过去的灵魂即将来到人世。从小时候开始，她最感兴趣的事情就是追问那些曾经的故事。她好奇我们是怎么来的，谁创造了我们，这个世界又是怎么来的，有时候那些问题让最博学的人也哑口无言。我知道有很多孩子笑她，但那些问题不重要吗？生命是一座迂回的迷宫，除了记忆，我们一无所有。」
——一位母亲的回忆
患上失忆症的母亲变得健忘，无法辨认家人，也无法回忆起片刻之前发生的事情。
拿着失忆症的诊断书，她紧紧拥抱手足无措的母亲，试图将她留下的日记重新读给她听——母亲就在那，可母亲究竟在哪呢？
她陪伴着母亲到达了生命的出口。但她明白，从记忆变得支离破碎的那一天起，母亲的自身就越来越模糊了。如果有一天连她的记忆也变得支离破碎，母亲便会彻底离她而去。
「生命是一座迂回的迷宫，除了记忆，我们一无所有。」她第一次理解了这句话的含义。"
黑天鹅,2,其二,"「我以探险家的身份来到这颗星球，一如既往，我会统计河流的走向如何，研究街巷的砖瓦是怎样的材质，落差最大的道路有多少度，还有烟囱的个数和分布…这些工作符合人们的想象，对于保存一个星球「记忆」的想象。
——但这远远不够。
当我在人后真正开始工作，便频繁见到那名少女。有时阳光透过叶尖，跟随她的身影下颤动，最终消失在某个转角处，那时路灯便会点亮；有时她目光跟随一只信鸽，每周第三天的傍晚它会从大祭司住处出发，第二天凌晨回到皇宫侍卫长的手中，而他们是明面上的政敌；有时她静静打量雨水落入下水道，损坏的痕迹来自从对岸发射来的火炮；有时浪花会打湿她的裙角，而河边洗衣的老妇正呐呐自语上一代当权者和他五个私生子的故事。
——除了我们，很少有人知道星球会这样把自己的「记忆」裹藏起来。
我跟随她来到一处荒野上的石头前，我觉得，是时候邀请她了。
『你看到了什么？』我以她能看见的模样，向她询问。
她指着杂草生长的地方，那里留着打磨的痕迹。
『一块石头，我觉得它曾是一座壁炉的一部分…但应该不止于此。』
我点点头，帮她清除了石头缝隙中的杂草与泥土。
『它还曾是一座纪念碑。』她抚摸着石头上的刻痕。
『是的。但「记忆」仍不止于此。』
于是我向她展示。荒野上的石头，它曾是某户人家的壁炉，在这之前，它还曾是一座纪念碑，一座花坛，一方祭台…而在更早之前，它是一处荒野上的石头。
『要看见这些「记忆」，我会付出怎样的代价？』
『在你愿意现身前，人们将无从知晓你的存在。』
『就像人们看到黑天鹅前，从不知道天鹅不止白色一种？』
『就像那样。』」
——一位探险家的回忆
忆者们穿梭于诸多星球，在每一条路途，每一个转角间采撷城市的记忆，他们会确保自己不留下痕迹，以免被城市记得。除非他们遇到具备忆者资质的人，并将他们从这座城市的记忆中带走，带去更广阔的大海。"
黑天鹅,3,其三,"「许多人沉湎于过去的美好，幻想能活在回忆中，所以他们想要成为忆者。可惜，这样的人往往会变成为所欲为的焚化工，随意将回忆篡改成自己喜欢的样子。但她不一样…我看到了她对于记忆本身的尊重，以及强烈的意志与决心。按照惯例，成为忆者前的三个问题，她的回答如下：
『你是否愿意用尽你的一生去收集记忆？』
『我愿意。』
『你是否愿意为此放弃肉身，接受自我的异变？』
『我愿意。』
『如果有一天你不复存在，你会给世界留下什么？』
『我的记忆。那里有过去的种子，它会在未来重生。』
有些记忆琐碎而温暖，有些记忆宏大而浩瀚，有些记忆像宠物一样温驯，有些记忆则像猛兽一样难以控制…而她成为忆者的那一刻，她的记忆变得安静而平和，仿佛汹涌的海浪遇到了属于自己的港湾。」
——一位忆者的回忆
「想到了什么？」忆者问道。
她睁开眼，记忆的碎片绕着她的身边旋转。
「人们以为自己面对的是现在与未来，却无人知晓我们其实都在走向过去。」"
黑天鹅,4,其四,"「地点：匹诺康尼
时间：██年██月██日
客人：██、██、██、██
『一份悲伤的回忆，来自██。这份鎏金般的回忆带着夸饰与渴望，它将在往后的岁月藏起隐秘的伤怀，也注定了回忆的主人将长久受此影响。』
『一份欢乐的回忆，来自██。这份戏剧般的回忆披着斑斓的色彩，欢乐，混乱，滑稽——却难以称之为幸福。它所呈现的未来，也是如此。』
『一份遗憾的回忆，来自██。这份幸福的回忆美丽而瞬息即灭，如同死火堆中飞出的流星。享受时光吧，客人，它告诉我那很快就要逝去。』
『一份模糊的回忆，来自██。这份回忆微弱、混沌且令人迷茫，就像看不见尽头、望不到结局的冷雨。我渴望捕捉它指向的明天，是雨，还是晴……』」
——黑天鹅的回忆
「我看到一个女人的身影，在影像和图案间跳跃变形。不…我没有疯，我的确看到了『她』。我记得她的声音，那种丝绒一般的质感，我也记得她手中流光溢彩的纸牌，好像有什么魔力似的…噢，对了，她还邀请我占卜。她说，『不管你是想占卜幸福、灾难、失物还是意外所获…我只需你付出一个真实的故事——因为过去和未来本是同一个圆上的同一个点。』我的脑袋晕乎乎的，她真温柔，我和她说了好多好多，只记得她很耐心的听完了我说的胡话…然后，根据她的占卜，我替酒店的客人找到了她的镜子！噢，你问我向她说了什么——没什么重要的，不过是一些关于过去的传言……」
——一位匹诺康尼本地人的回忆
如今，她以占卜师的身份，穿梭于不同的世界，追索与命途，与星神有关的记忆。她相信，那些记忆坚硬如宝石，即便遗忘也无法彻底消磨它们。
「很多忆者都去过匹诺康尼，但一无所获，他们说那只是水面上一场浮华的梦。」
「但梦…亦是记忆的一种变形。趁着那些窃忆者和焚化工还没到来，我会潜入深海，一睹残骸。」"
