角色名,行迹类型,行迹名称,行迹描述,成长消耗材料
Archer,普攻,干将•莫邪,"对指定敌方单体造成等同于Archer【50%/100%】攻击力的量子属性伤害。
（标签：回能 20、技能点 +1、单攻、削韧 10）",信用点×240000、陨铁弹丸×3、熄灭原核×6、命定死因×8、微光原核×7、逆时一击×11、蠢动原核×7
Archer,战技,伪•螺旋剑/结束,"进入【回路连接】状态。对指定敌方单体造成等同于Archer【180%/360%】攻击力的量子属性伤害。【回路连接】状态下施放战技后，本回合不会结束，并使Archer战技造成的伤害提高【60%/100%】，该效果可以叠加2层，持续至退出【回路连接】状态。主动施放5次战技后或战技点不足以再次施放战技则退出【回路连接】状态。每个波次中的所有敌方目标被消灭后会退出【回路连接】状态。
（标签：回能 30、技能点 -2、单攻、削韧 20）
退出【回路连接】状态，并结束回合。",信用点×652500、熄灭原核×9、陨铁弹丸×3、命定死因×15、微光原核×13、逆时一击×30、蠢动原核×7、守护者的悲愿×3、命运的足迹×2
Archer,终结技,无限剑制,"对指定敌方单体造成等同于Archer【600%/1000%】攻击力的量子属性伤害，并获得2点充能，最多可拥有4点充能。
（标签：能量 220、回能 5、单攻、削韧 30）",信用点×652500、熄灭原核×9、陨铁弹丸×3、命定死因×15、微光原核×13、逆时一击×30、蠢动原核×7、守护者的悲愿×3、命运的足迹×2
Archer,天赋,心眼（真）,"当Archer的队友对敌方目标施放攻击后，Archer消耗1点充能，立即对主目标发动追加攻击，造成等同于Archer【100%/200%】攻击力的量子属性伤害，并恢复1个战技点。若本次追加攻击施放前目标被消灭则对敌方随机单体发动追加攻击。
（标签：单攻、战技点 +1、回能 5、削韧 10）",信用点×652500、熄灭原核×9、陨铁弹丸×3、命定死因×15、微光原核×13、逆时一击×30、蠢动原核×7、守护者的悲愿×3、命运的足迹×2
Archer,秘技,千里眼,"立即攻击敌人，进入战斗后对敌方全体造成等同于Archer200%攻击力的量子属性伤害，并获得1点充能。
（标签：削韧 20）",
Archer,额外能力,投影魔术,"Archer在场时，战技点上限额外增加2点。
（标签：角色晋阶2）",信用点×5000、陨铁弹丸×3、守护者的悲愿×1
Archer,额外能力,正义伙伴,"Archer进入战斗时获得1点充能。
（标签：角色晋阶4）",信用点×20000、命定死因×5、命运的足迹×1、守护者的悲愿×1
Archer,额外能力,守护者,"我方获得战技点后，若战技点大于等于4点，Archer的暴击伤害提高120%，持续1回合。
（标签：角色晋阶6）",信用点×160000、逆时一击×8、命运的足迹×1、守护者的悲愿×1
Archer,属性加成,伤害强化·量子,"量子属性伤害提高3.2%
（标签：角色等级1）",信用点×2500、熄灭原核×2
Archer,属性加成,攻击强化,"攻击力提高4%
（标签：角色晋阶2）",信用点×5000、陨铁弹丸×3、熄灭原核×6
Archer,属性加成,伤害强化·量子,"量子属性伤害提高3.2%
（标签：角色晋阶3）",信用点×10000、命定死因×3、微光原核×3
Archer,属性加成,暴击率强化,"暴击率提高2.7%
（标签：角色晋阶3）",信用点×10000、命定死因×3、微光原核×3
Archer,属性加成,伤害强化·量子,"量子属性伤害提高4.8%
（标签：角色晋阶4）",信用点×20000、命定死因×5、微光原核×4
Archer,属性加成,攻击强化,"攻击力提高6%
（标签：角色晋阶5）",信用点×45000、逆时一击×3、蠢动原核×3
Archer,属性加成,伤害强化·量子,"量子属性伤害提高4.8%
（标签：角色晋阶5）",信用点×45000、逆时一击×3、蠢动原核×3
Archer,属性加成,暴击率强化,"暴击率提高4%
（标签：角色晋阶6）",信用点×160000、逆时一击×8、蠢动原核×8
Archer,属性加成,攻击强化,"攻击力提高8%
（标签：角色等级75）",信用点×160000、逆时一击×8、蠢动原核×8
Archer,属性加成,伤害强化·量子,"量子属性伤害提高6.4%
（标签：角色等级80）",信用点×160000、逆时一击×8、蠢动原核×8
Saber,普攻,风王结界/解放的金色王权,"对指定敌方单体造成等同于Saber【50%/100%】攻击力的风属性伤害。
（标签：单攻、回能20、削韧值20、战技点+1）
获得2点【炉心共鸣】，并对敌方全体造成等同于 Saber【50%/150%】攻击力的风属性伤害，若施放时敌方目标数量为2/1，额外对敌方全体造成等同于 Saber【50%/150%】/【50%/220%】攻击力的风属性伤害。
（标签：群攻、回能30、削韧值20、战技点+1）",信用点×240000、步离犬牙×3、掠夺的本能×6、狼毒锯牙×8、篡改的野心×7、月狂獠牙×11、践踏的意志×7
Saber,战技,风王铁槌,"对指定敌方单体造成等同于 Saber【75%/150%】攻击力的风属性伤害，对相邻目标造成等同于 Saber【37.5%/75%】攻击力的风属性伤害。若当前持有【炉心共鸣】，且本次战技攻击后消耗【炉心共鸣】可为 Saber 恢复满能量，则使本次战技倍率提高，每有1点【炉心共鸣】使本次战技的伤害倍率提高【7%/14%】，并在攻击后消耗所有【炉心共鸣】为 Saber 恢复能量，否则立即获得3点【炉心共鸣】。
（标签：回能30、战技点-1、扩散、削韧值20+10*2）",信用点×652500、掠夺的本能×9、步离犬牙×3、狼毒锯牙×15、篡改的野心×13、月狂獠牙×30、践踏的意志×7、毁灭者的末路×3、命运的足迹×2
Saber,终结技,誓约胜利之剑,"对敌方全体造成等同于 Saber【140%/280%】攻击力的风属性伤害。并额外造成10次伤害，每次伤害对随机敌方单体造成等同于 Saber【55%/110%】攻击力的风属性伤害。施放终结技后下次普攻会被替换为【解放的金色王权】且仅能施放【解放的金色王权】。
（标签：能量 360、回能 5、群体、单体弹射、群体削韧 40、弹射削韧 2*10）",信用点×652500、掠夺的本能×9、步离犬牙×3、狼毒锯牙×15、篡改的野心×13、月狂獠牙×30、践踏的意志×7、毁灭者的末路×3、命运的足迹×2
Saber,天赋,龙之炉心,"进入战斗时，获得1点【炉心共鸣】。我方任意目标施放终结技时， Saber 造成的伤害提高【30%/60%】，持续2回合，并获得3点【炉心共鸣】。每消耗1点【炉心共鸣】为 Saber 固定恢复8点能量。
（标签：回能10）",信用点×652500、掠夺的本能×9、步离犬牙×3、狼毒锯牙×15、篡改的野心×13、月狂獠牙×30、践踏的意志×7、毁灭者的末路×3、命运的足迹×2
Saber,秘技,骑士王的登场,"使用秘技后，下一次战斗开始时 Saber 攻击力提高35%，持续2回合，并获得2点【炉心共鸣】。
（标签：强化）",
Saber,额外能力,龙之骑士,"Saber的暴击率提高20%。进入战斗和施放强化普攻时，获得【魔力放出】效果，该效果下，若 Saber 持有【炉心共鸣】，且施放战技并消耗【炉心共鸣】可为 Saber 恢复满能量，则消耗【魔力放出】为我方恢复1个战技点并使 Saber 立即行动。
（标签：角色晋阶2）",信用点×5000、步离犬牙×3、毁灭者的末路×1
Saber,额外能力,湖之祝福,"Saber可积攒最多120点溢出能量，施放终结技后清空并恢复相应的能量值。战斗开始时若能量不足60%则使其恢复至60%
（标签：角色晋阶4）",信用点×20000、狼毒锯牙×5、命运的足迹×1、毁灭者的末路×1
Saber,额外能力,星之冠冕,"施放战技时，使Saber的暴击伤害提高50%，持续2回合。本场战斗中每获得1点【炉心共鸣】，使 Saber 的暴击伤害提高4%，该效果最多叠加8层。
（标签：角色晋阶6）",信用点×160000、月狂獠牙×8、命运的足迹×1、毁灭者的末路×1
Saber,属性加成,伤害强化•风,"风属性伤害提高3.2%
（标签：角色等级1）",信用点×2500、掠夺的本能×2
Saber,属性加成,暴击率强化,"暴击率提高2.7%
（标签：角色晋阶2）",信用点×5000、步离犬牙×3、掠夺的本能×6
Saber,属性加成,伤害强化•风,"风属性伤害提高3.2%
（标签：角色晋阶3）",信用点×10000、狼毒锯牙×3、篡改的野心×3
Saber,属性加成,生命强化,"生命值上限提高4%
（标签：角色晋阶3）",信用点×10000、狼毒锯牙×3、篡改的野心×3
Saber,属性加成,伤害强化•风,"风属性伤害提高4.8%
（标签：角色晋阶4）",信用点×20000、狼毒锯牙×5、篡改的野心×4
Saber,属性加成,暴击率强化,"暴击率提高4%
（标签：角色晋阶5）",信用点×45000、月狂獠牙×3、践踏的意志×3
Saber,属性加成,伤害强化•风,"风属性伤害提高4.8%
（标签：角色晋阶5）",信用点×45000、月狂獠牙×3、践踏的意志×3
Saber,属性加成,生命强化,"生命值上限提高6%
（标签：角色晋阶6）",信用点×160000、月狂獠牙×8、践踏的意志×8
Saber,属性加成,暴击率强化,"暴击率提高5.3%
（标签：角色等级75）",信用点×160000、月狂獠牙×8、践踏的意志×8
Saber,属性加成,伤害强化•风,"风属性伤害提高6.4%
（标签：角色等级80）",信用点×160000、月狂獠牙×8、践踏的意志×8
万敌,普攻,踏破征途的誓言,"对指定敌方单体造成等同于万敌【25%/50%】生命上限的虚数属性伤害。
（标签：回能 20、战技点 +1、单体、削韧 10）",信用点×240000、步离犬牙×3、恐惧踏碎血肉×6、狼毒锯牙×8、勇气撕裂胸膛×7、月狂獠牙×11、荣耀洗礼身躯×7
万敌,战技,万死无悔/弑王成王/弑神登神,"消耗等同于万敌当前生命值50%的生命值，对指定敌方单体造成等同于万敌【45%/90%】生命上限的虚数属性伤害，同时对其相邻目标造成等同于万敌【25%/50%】生命上限的虚数属性伤害。
若当前生命值不足，施放战技时万敌的当前生命值降低至1点。
（标签：回能 30、扩散、削韧 20+10*2）
消耗等同于万敌当前生命值35%的生命值，对敌方单体造成等同于万敌【55%/110%】生命上限的虚数属性伤害，同时对其相邻目标造成等同于万敌【33%/66%】生命上限的虚数属性伤害。
若当前生命值不足，施放战技时万敌的当前生命值降低至1点。
该技能会自动施放。
（标签：回能 30、扩散、削韧 20+10*2）
消耗150点充能，对敌方单体造成等同于万敌【140%/280%】生命上限的虚数属性伤害，同时对其相邻目标造成等同于万敌【84%/168%】生命上限的虚数属性伤害。
该技能会自动施放。此技能期间无法积攒充能。
（标签：回能 10、扩散、削韧 30+20*2）",信用点×652500、恐惧踏碎血肉×9、步离犬牙×3、狼毒锯牙×15、勇气撕裂胸膛×13、月狂獠牙×30、荣耀洗礼身躯×7、吉光片羽×3、命运的足迹×2
万敌,终结技,诛天焚骨的王座,"回复等同于万敌【15%/20%】生命上限的生命值并积攒20点天赋充能。对指定敌方单体造成等同于万敌【96%/160%】生命上限的虚数属性伤害，同时对其相邻目标造成等同于万敌【60%/100%】生命上限的虚数属性伤害，并使目标与相邻目标陷入嘲讽状态，持续2回合。下一次【弑神登神】优先攻击指定敌方单体，该效果仅对最新目标生效。
（标签：能量 160、回能 5、扩散、削韧 20+20*2）",信用点×652500、恐惧踏碎血肉×9、步离犬牙×3、狼毒锯牙×15、勇气撕裂胸膛×13、月狂獠牙×30、荣耀洗礼身躯×7、吉光片羽×3、命运的足迹×2
万敌,天赋,以血还血,"每损失1%生命值积攒1点充能，最多积攒200点。充能达到100时消耗100点充能进入【血仇】状态并回复等同于万敌【15%/25%】生命上限的生命值，同时行动提前100%。【血仇】状态下生命上限提高，数值等同于当前生命上限的50%，防御力保持为0。自身回合开始时自动施放【弑王成王】。
【血仇】状态期间充能达到150点时，万敌立即获得1个额外回合并自动施放【弑神登神】。
【血仇】状态期间，万敌受到致命攻击时不会陷入无法战斗状态，但会清空充能退出【血仇】状态并回复等同于自身50%生命上限的生命值。
（标签：强化）",信用点×652500、恐惧踏碎血肉×9、步离犬牙×3、狼毒锯牙×15、勇气撕裂胸膛×13、月狂獠牙×30、荣耀洗礼身躯×7、吉光片羽×3、命运的足迹×2
万敌,秘技,折戟臣服的监牢,"使用秘技后牵引一定区域内的敌人并使其陷入10秒的晕眩状态，晕眩状态下敌人不会主动攻击我方目标。
若主动攻击陷入晕眩状态的敌人，进入战斗时，对敌方全体造成等同于万敌80%生命上限的虚数属性伤害，并使目标陷入嘲讽状态，持续1回合。自身积攒50点天赋充能。
（标签：妨害）",
万敌,额外能力,水与泥土,"【血仇】状态下万敌受到致命攻击时不会退出【血仇】状态。该效果单场战斗中可以触发3次。
（标签：角色晋阶2）",信用点×5000、步离犬牙×3、吉光片羽×1
万敌,额外能力,三十僭主,"【血仇】状态下万敌免疫控制类负面状态。
（标签：角色晋阶4）",信用点×20000、狼毒锯牙×5、命运的足迹×1、吉光片羽×1
万敌,额外能力,血祥罩衫,"战斗开始时，若万敌的生命上限高于4,000点，每超过100点生命值可使自身暴击率提高1.2%，万敌受到来自敌方目标伤害造成的充能比例提高2.5%，受到治疗时的回复量提高0.75%，超出部分最多计入4,000点生命值。
（标签：角色晋阶6）",信用点×160000、月狂獠牙×8、命运的足迹×1、吉光片羽×1
万敌,属性加成,暴击伤害强化,"暴击伤害提高5.3%
（标签：角色等级1）",信用点×2500、恐惧踏碎血肉×2
万敌,属性加成,生命强化,"生命值上限提高4.0%
（标签：角色晋阶2）",信用点×5000、步离犬牙×3、恐惧踏碎血肉×6
万敌,属性加成,暴击伤害强化,"暴击伤害提高5.3%
（标签：角色晋阶3）",信用点×10000、狼毒锯牙×3、勇气撕裂胸膛×3
万敌,属性加成,速度强化,"速度提高2
（标签：角色晋阶3）",信用点×10000、狼毒锯牙×3、勇气撕裂胸膛×3
万敌,属性加成,暴击伤害强化,"暴击伤害提高8.0%
（标签：角色晋阶4）",信用点×20000、狼毒锯牙×5、勇气撕裂胸膛×4
万敌,属性加成,生命强化,"生命值上限提高6.0%
（标签：角色晋阶5）",信用点×45000、月狂獠牙×3、荣耀洗礼身躯×3
万敌,属性加成,暴击伤害强化,"暴击伤害提高8.0%
（标签：角色晋阶5）",信用点×45000、月狂獠牙×3、荣耀洗礼身躯×3
万敌,属性加成,速度强化,"速度提高3
（标签：角色晋阶6）",信用点×160000、月狂獠牙×8、荣耀洗礼身躯×8
万敌,属性加成,生命强化,"生命值上限提高8.0%
（标签：角色等级75）",信用点×160000、月狂獠牙×8、荣耀洗礼身躯×8
万敌,属性加成,暴击伤害强化,"暴击伤害提高10.7%
（标签：角色等级80）",信用点×160000、月狂獠牙×8、荣耀洗礼身躯×8
三月七,普攻,极寒的弓矢,"对指定敌方单体造成等同于三月七【50%/100%】攻击力的冰属性伤害。
（标签：回能 20、战技点 +1、单攻、削韧 10）",信用点×192000、青铜的执着×2、掠夺的本能×4、寒铁的誓言×6、篡改的野心×5、琥珀的坚守×8、践踏的意志×5
三月七,战技,可爱即是正义,"为指定我方单体提供能够抵消等同于三月七【38%/57%】防御力+【190/760】伤害的护盾，持续3回合。
若该目标当前生命值百分比大于等于30%，被敌方攻击的概率大幅提高。
（标签：回能 30、战技点 -1、防御）",信用点×522000、掠夺的本能×6、青铜的执着×2、寒铁的誓言×12、篡改的野心×10、琥珀的坚守×23、践踏的意志×5、毁灭者的末路×3、命运的足迹×1
三月七,终结技,冰刻箭雨之时,"对敌方全体造成等同于三月七【90%/150%】攻击力的冰属性伤害。受到攻击的敌方目标有50%基础概率陷入冻结状态，持续1回合。
冻结状态下，敌方目标不能行动同时每回合开始时受到等同于三月七【30%/60%】攻击力的冰属性附加伤害。
（标签：能量 120、回能 5、群攻、削韧 20）",信用点×522000、掠夺的本能×6、青铜的执着×2、寒铁的誓言×12、篡改的野心×10、琥珀的坚守×23、践踏的意志×5、毁灭者的末路×3、命运的足迹×1
三月七,天赋,少女的特权,"当持有护盾的我方目标受到敌方目标攻击后，三月七立即向攻击者发起反击，对其造成等同于三月七【50%/100%】攻击力的冰属性伤害，该效果每回合可触发2次。
（标签：回能 10、单攻、削韧 10）",信用点×522000、掠夺的本能×6、青铜的执着×2、寒铁的誓言×12、篡改的野心×10、琥珀的坚守×23、践踏的意志×5、毁灭者的末路×3、命运的足迹×1
三月七,秘技,冻人的瞬间,"立即攻击敌人，进入战斗后有100%的基础概率使随机敌方单体陷入冻结状态，持续1回合。
冻结状态下，敌方目标不能行动同时每回合开始时受到等同于三月七50%攻击力的冰属性附加伤害。
（标签：削韧 20）",
三月七,额外能力,纯洁,"施放战技时，解除指定我方单体的1个负面效果。
（标签：角色晋阶2）",信用点×4000、青铜的执着×2、毁灭者的末路×1
三月七,额外能力,加护,"战技提供的护盾持续时间增加1回合。
（标签：角色晋阶4）",信用点×16000、寒铁的誓言×4、命运的足迹×1、毁灭者的末路×1
三月七,额外能力,冰咒,"施放终结技时，冻结敌方目标的基础概率提高15%。
（标签：角色晋阶6）",信用点×128000、琥珀的坚守×6、命运的足迹×1、毁灭者的末路×1
三月七,属性加成,伤害强化•冰,"冰属性伤害提高3.2%
（标签：角色等级1）",信用点×2000、掠夺的本能×2
三月七,属性加成,防御强化,"防御力提高5.0%
（标签：角色晋阶2）",信用点×4000、青铜的执着×2、掠夺的本能×4
三月七,属性加成,伤害强化•冰,"冰属性伤害提高3.2%
（标签：角色晋阶3）",信用点×8000、寒铁的誓言×2、篡改的野心×2
三月七,属性加成,效果抵抗强化,"效果抵抗提高4.0%
（标签：角色晋阶3）",信用点×8000、寒铁的誓言×2、篡改的野心×2
三月七,属性加成,伤害强化•冰,"冰属性伤害提高4.8%
（标签：角色晋阶4）",信用点×16000、寒铁的誓言×4、篡改的野心×3
三月七,属性加成,效果抵抗强化,"效果抵抗提高6.0%
（标签：角色晋阶5）",信用点×36000、琥珀的坚守×2、践踏的意志×2
三月七,属性加成,防御强化,"防御力提高7.5%
（标签：角色晋阶5）",信用点×36000、琥珀的坚守×2、践踏的意志×2
三月七,属性加成,伤害强化•冰,"冰属性伤害提高4.8%
（标签：角色晋阶6）",信用点×128000、琥珀的坚守×6、践踏的意志×6
三月七,属性加成,伤害强化•冰,"冰属性伤害提高6.4%
（标签：角色等级75）",信用点×128000、琥珀的坚守×6、践踏的意志×6
三月七,属性加成,防御强化,"防御力提高10.0%
（标签：角色等级80）",信用点×128000、琥珀的坚守×6、践踏的意志×6
不死途,普攻,利爪，授以礼仪,"对指定敌方单体造成等同于不死途【50%/100%】攻击力的雷属性伤害。
（标签：单攻、回能 20、削韧 10）",信用点×240000、纷争血尘×3、童真蜡笔×6、战魂血珀×8、造梦蘸钢×7、天谴血矛×11、梦现管锥×7
不死途,战技,鞭哨，逐尽恶兽,"使指定敌方单体成为【饲饵】，对其造成等同于不死途【100%/200%】攻击力的雷属性伤害。若该目标为【饲饵】，则额外对其造成等同于不死途【50%/100%】攻击力的雷属性伤害，并恢复1点战技点。场上存在【饲饵】时，敌方全体防御力降低【20%/40%】。
场上不存在【饲饵】时，不死途立即使当前场上生命值最低的敌方单体目标成为【饲饵】，【饲饵】状态仅对最新被施加的目标生效。
（标签：单攻、回能 30、削韧 20）",信用点×652500、童真蜡笔×9、纷争血尘×3、战魂血珀×15、造梦蘸钢×13、天谴血矛×30、梦现管锥×7、灭流绝溢的缄默×3、命运的足迹×2
不死途,终结技,飨宴，自始无终,"使指定敌方单体成为【饲饵】，对其造成等同于不死途【200%/400%】攻击力的雷属性伤害，随后立即对[饲饵】发动1次获得强化的天赋追加攻击，且不死途获得3点充能。
强化天赋追加攻击不消耗充能，拥有【婪酣】时，每消耗4层【婪酣】可额外造成1次等同于不死途【100%/200%】攻击力的雷属性伤害，且本次追加攻击过程中对目标造成致命攻击时，会继续对新的【饲饵】造成伤害，直至【婪酣】小于4层。若当前场上的所有敌方目标都受到致命攻击后强化天赋追加攻击会立即结束。
（标签：单攻、回能 5、削韧 30、能量 150）",信用点×652500、童真蜡笔×9、纷争血尘×3、战魂血珀×15、造梦蘸钢×13、天谴血矛×30、梦现管锥×7、灭流绝溢的缄默×3、命运的足迹×2
不死途,天赋,宿怨，切齿奉还,"不死途初始拥有2点充能，最多拥有3点充能。【饲饵】受到我方其他目标攻击后，不死途固定恢复8点能量，随后消耗1点充能对【饲饵】发动追加攻击，造成等同于不死途【100%/200%】攻击力的雷属性伤害，随后获得2层【婪酣】，最多叠加12层。
（标签：单攻、回能 5、削韧 5）",信用点×652500、童真蜡笔×9、纷争血尘×3、战魂血珀×15、造梦蘸钢×13、天谴血矛×30、梦现管锥×7、灭流绝溢的缄默×3、命运的足迹×2
不死途,秘技,吃吧，可憎的手,"使用秘技后使一定区域内的敌人陷入10秒的晕眩状态，晕眩状态下敌人不会主动攻击我方目标。
若主动攻击陷入晕眩状态的敌人，进入战斗时，对敌方全体造成等同于不死途攻击力100%的雷属性伤害，且不死途获得1点充能。
（标签：妨害）",
不死途,额外能力,罪途,"不死途施放战技/终结技时，获得1/2层【婪酣】。不死途追加攻击过程中每有1个敌人受到致命攻击时，不死途获得1层【婪酣】。
（标签：角色晋阶2）",信用点×5000、纷争血尘×3、灭流绝溢的缄默×1
不死途,额外能力,影肢,"不死途追加攻击造成的伤害提高80%，且每有1层【婪酣】，追加攻击造成的伤害额外提高10%。
（标签：角色晋阶4）",信用点×20000、战魂血珀×5、命运的足迹×1、灭流绝溢的缄默×1
不死途,额外能力,头狼,"不死途在场时，我方目标造成的暴击伤害提高40%，我方目标追加攻击造成的暴击伤害额外提高80%。
（标签：角色晋阶6）",信用点×160000、天谴血矛×8、命运的足迹×1、灭流绝溢的缄默×1
不死途,属性加成,暴击伤害强化,"暴击伤害提高5.3%
（标签：角色等级1）",信用点×2500、童真蜡笔×2
不死途,属性加成,伤害强化•雷,"雷属性伤害提高3.2%
（标签：角色晋阶2）",信用点×5000、纷争血尘×3、童真蜡笔×6
不死途,属性加成,暴击伤害强化,"暴击伤害提高5.3%
（标签：角色晋阶3）",信用点×10000、战魂血珀×3、造梦蘸钢×3
不死途,属性加成,攻击强化,"攻击力提高4%
（标签：角色晋阶3）",信用点×10000、战魂血珀×3、造梦蘸钢×3
不死途,属性加成,暴击伤害强化,"暴击伤害提高8%
（标签：角色晋阶4）",信用点×20000、战魂血珀×5、造梦蘸钢×4
不死途,属性加成,伤害强化•雷,"雷属性伤害提高4.8%
（标签：角色晋阶5）",信用点×45000、天谴血矛×3、梦现管锥×3
不死途,属性加成,暴击伤害强化,"暴击伤害提高8%
（标签：角色晋阶5）",信用点×45000、天谴血矛×3、梦现管锥×3
不死途,属性加成,攻击强化,"攻击力提高6%
（标签：角色晋阶6）",信用点×160000、天谴血矛×8、梦现管锥×8
不死途,属性加成,伤害强化•雷,"雷属性伤害提高6.4%
（标签：角色等级75）",信用点×160000、天谴血矛×8、梦现管锥×8
不死途,属性加成,暴击伤害强化,"暴击伤害提高10.7%
（标签：角色等级80）",信用点×160000、天谴血矛×8、梦现管锥×8
丹恒,普攻,云骑枪术·朔风,"对指定敌方单体造成等同于丹恒【50%/100%】攻击力的风属性伤害。
（标签：回能 20、战技点 +1、单攻、削韧 10）",信用点×192000、猎兽之矢×2、熄灭原核×4、屠魔之矢×6、微光原核×5、逐星之矢×8、蠢动原核×5
丹恒,战技,云骑枪术·疾雨,"对指定敌方单体造成等同于丹恒【130%/260%】攻击力的风属性伤害。
战技造成的伤害触发暴击时，有100%的基础概率使受到攻击的敌方目标速度降低12%，持续2回合。
（标签：回能 30、战技点 -1、单攻、削韧 20）",信用点×522000、熄灭原核×6、猎兽之矢×2、屠魔之矢×12、微光原核×10、逐星之矢×23、蠢动原核×5、毁灭者的末路×3、命运的足迹×1
丹恒,终结技,洞天幻化，长梦—觉,"对指定敌方单体造成等同于丹恒【240%/400%】攻击力的风属性伤害。当受到攻击的敌方目标处于减速状态时，终结技造成的伤害倍率提高【72%/120%】。
（标签：能量 100、回能 5、单攻、削韧 30）",信用点×522000、熄灭原核×6、猎兽之矢×2、屠魔之矢×12、微光原核×10、逐星之矢×23、蠢动原核×5、毁灭者的末路×3、命运的足迹×1
丹恒,天赋,寸长寸强,"当丹恒成为我方技能的施放目标时，下一次攻击的风属性抗性穿透提高【18%/36%】。该效果在2回合后可再次触发。
（标签：强化）",信用点×522000、熄灭原核×6、猎兽之矢×2、屠魔之矢×12、微光原核×10、逐星之矢×23、蠢动原核×5、毁灭者的末路×3、命运的足迹×1
丹恒,秘技,破敌锋芒,"使用秘技后，下一次战斗开始时丹恒攻击力提高40%，持续3回合。
（标签：强化）",
丹恒,额外能力,潜龙,"若当前生命值百分比小于等于50%，则被敌方目标攻击的概率降低。
（标签：角色晋阶2）",信用点×4000、猎兽之矢×2、毁灭者的末路×1
丹恒,额外能力,绝影,"施放攻击后有50%的固定概率使自身速度提高20%，持续2回合。
（标签：角色晋阶4）",信用点×16000、屠魔之矢×4、命运的足迹×1、毁灭者的末路×1
丹恒,额外能力,罡风,"普攻对减速状态下的敌方目标造成的伤害提高40%。
（标签：角色晋阶6）",信用点×128000、逐星之矢×6、命运的足迹×1、毁灭者的末路×1
丹恒,属性加成,伤害强化·风,"风属性伤害提高3.2%
（标签：角色等级1）",信用点×2000、熄灭原核×2
丹恒,属性加成,攻击强化,"攻击力提高4.0%
（标签：角色晋阶2）",信用点×4000、猎兽之矢×2、熄灭原核×4
丹恒,属性加成,伤害强化·风,"风属性伤害提高3.2%
（标签：角色晋阶3）",信用点×8000、屠魔之矢×2、微光原核×2
丹恒,属性加成,防御强化,"防御力提高5.0%
（标签：角色晋阶3）",信用点×8000、屠魔之矢×2、微光原核×2
丹恒,属性加成,伤害强化·风,"风属性伤害提高4.8%
（标签：角色晋阶4）",信用点×16000、屠魔之矢×4、微光原核×3
丹恒,属性加成,攻击强化,"攻击力提高6.0%
（标签：角色晋阶5）",信用点×36000、逐星之矢×2、蠢动原核×2
丹恒,属性加成,伤害强化·风,"风属性伤害提高4.8%
（标签：角色晋阶5）",信用点×36000、逐星之矢×2、蠢动原核×2
丹恒,属性加成,防御强化,"防御力提高7.5%
（标签：角色晋阶6）",信用点×128000、逐星之矢×6、蠢动原核×6
丹恒,属性加成,攻击强化,"攻击力提高8.0%
（标签：角色等级75）",信用点×128000、逐星之矢×6、蠢动原核×6
丹恒,属性加成,伤害强化·风,"风属性伤害提高6.4%
（标签：角色等级80）",信用点×128000、逐星之矢×6、蠢动原核×6
丹恒•腾荒,普攻,镇恶护生,"对指定敌方单体造成等同于丹恒•腾荒【50%/100%】攻击力的物理属性伤害。
（标签：回能 20、战技点 +1、单攻、削韧 10）",信用点×240000、散逸星砂×3、恐惧踏碎血肉×6、流星棱晶×8、勇气撕裂胸膛×7、神体琥珀×11、荣耀洗礼身躯×7
丹恒•腾荒,战技,渊渟岳峙，地载八荒,"使指定我方单体角色成为【同袍】，为我方全体提供能够抵消等同于丹恒•腾荒【14%/20%】攻击力+【100/400】伤害的护盾，持续3回合。重复获得丹恒•腾荒的护盾时，护盾量可以叠加，最高不超过当前战技提供的护盾量的300%。
【同袍】仅对丹恒•腾荒战技最新施放的目标生效。
（标签：回能 30、战技点 -1、防御）",信用点×652500、恐惧踏碎血肉×9、散逸星砂×3、流星棱晶×15、勇气撕裂胸膛×13、神体琥珀×30、荣耀洗礼身躯×7、阳雷的遥想×3、命运的足迹×2
丹恒•腾荒,终结技,亢龙无悔，移山辟世,"对敌方全体造成等同于丹恒•腾荒【150%/300%】攻击力的物理属性伤害，为我方全体提供能够抵消等同于丹恒•腾荒【14%/20%】攻击力+【100/400】伤害的护盾，持续3回合。重复获得丹恒•腾荒的护盾时，护盾量可以叠加，最高不超过当前战技提供的护盾量的300%。
使【龙灵】获得强化，【龙灵】行动时，发动追加攻击，对敌方全体造成等同于丹恒•腾荒【40%/80%】攻击力的物理属性伤害和等同于【同袍】【40%/80%】攻击力的相应属性附加伤害。强化持续【龙灵】2次行动。
（标签：能量 135、 回能 5 、群攻、削韧 20）",信用点×652500、恐惧踏碎血肉×9、散逸星砂×3、流星棱晶×15、勇气撕裂胸膛×13、神体琥珀×30、荣耀洗礼身躯×7、阳雷的遥想×3、命运的足迹×2
丹恒•腾荒,天赋,生生之德，品物流形,"我方角色成为【同袍】时，丹恒•腾荒会为其召唤【龙灵】，【龙灵】初始拥有165点速度。
【龙灵】行动时，解除我方全体的1个负面效果，并提供能够抵消等同于丹恒•腾荒【7%/10%】攻击力+【50/200】伤害的护盾，持续3回合。丹恒•腾荒和【龙灵】提供的护盾量可以叠加，最高不超过丹恒•腾荒战技提供的护盾量的300%。
丹恒•腾荒或【同袍】陷入无法战斗状态时【龙灵】消失。
（标签：防御、群攻、削韧 20）",信用点×652500、恐惧踏碎血肉×9、散逸星砂×3、流星棱晶×15、勇气撕裂胸膛×13、神体琥珀×30、荣耀洗礼身躯×7、阳雷的遥想×3、命运的足迹×2
丹恒•腾荒,秘技,地坼,"使用秘技后获得【同袍】并使一定区域内的敌人陷入10秒的晕眩状态，晕眩状态下敌人不会主动攻击我方目标。
切换行动角色时【同袍】转移至当前行动角色。下一次战斗开始时自动对持有【同袍】的角色施放1次战技，此次战技不消耗战技点。
（标签：妨害）",
丹恒•腾荒,额外能力,神秀,"施放战技时，使成为【同袍】的目标攻击力提高，提高数值等同于丹恒•腾荒15%攻击力。
（标签：角色晋阶2）",信用点×5000、散逸星砂×3、阳雷的遥想×1
丹恒•腾荒,额外能力,葳蕤,"战斗开始时，丹恒•腾荒行动提前40%。【同袍】施放攻击时，丹恒•腾荒恢复6点能量，使【龙灵】行动提前15%。
（标签：角色晋阶4）",信用点×20000、流星棱晶×5、命运的足迹×1、阳雷的遥想×1
丹恒•腾荒,额外能力,峥嵘,"【龙灵】行动时，额外为当前护盾值最低的我方目标提供能够抵消等同于丹恒•腾荒5%攻击力+100伤害的护盾。重复获得丹恒•腾荒的护盾时，护盾量可以叠加，最高不超过当前战技提供的护盾量的300%。强化【龙灵】行动时，额外对当前生命值最高的敌方单体造成1次等同于【同袍】40%攻击力的相应属性附加伤害。
（标签： 角色晋阶6）",信用点×160000、神体琥珀×8、命运的足迹×1、阳雷的遥想×1
丹恒•腾荒,属性加成,攻击强化,"攻击力提高4%
（标签：角色等级1）",信用点×2500、恐惧踏碎血肉×2
丹恒•腾荒,属性加成,防御强化,"防御力提高5%
（标签： 角色晋阶2）",信用点×5000、散逸星砂×3、恐惧踏碎血肉×6
丹恒•腾荒,属性加成,攻击强化,"攻击力提高4%
（标签：角色晋阶3）",信用点×10000、流星棱晶×3、勇气撕裂胸膛×3
丹恒•腾荒,属性加成,速度强化,"速度提高2
（标签：角色晋阶3）",信用点×10000、流星棱晶×3、勇气撕裂胸膛×3
丹恒•腾荒,属性加成,攻击强化,"攻击力提高6%
（标签：角色晋阶4）",信用点×20000、流星棱晶×5、勇气撕裂胸膛×4
丹恒•腾荒,属性加成,防御强化,"防御力提高7.5%
（标签：角色晋阶5）",信用点×45000、神体琥珀×3、荣耀洗礼身躯×3
丹恒•腾荒,属性加成,攻击强化,"攻击力提高6%
（标签：角色晋阶5）",信用点×45000、神体琥珀×3、荣耀洗礼身躯×3
丹恒•腾荒,属性加成,速度强化,"速度提高3
（标签： 角色晋阶6）",信用点×160000、神体琥珀×8、荣耀洗礼身躯×8
丹恒•腾荒,属性加成,防御强化,"防御力提高10%
（标签：角色等级75 ）",信用点×160000、神体琥珀×8、荣耀洗礼身躯×8
丹恒•腾荒,属性加成,攻击强化,"攻击力提高8%
（标签：角色等级80）",信用点×160000、神体琥珀×8、荣耀洗礼身躯×8
丹恒•饮月,普攻,泽芝/瞬华/天矢阴/盘拏耀跃,"施放2段攻击对指定敌方单体造成等同于丹恒•饮月【50%/100%】攻击力的虚数属性伤害。
（标签：回能 20、战技点 +1、单攻、削韧 10）
施放3段攻击对指定敌方单体造成等同于丹恒•饮月【130%/260%】攻击力的虚数属性伤害。
（标签：回能 30、战技点 +0、单攻、削韧 20）
施放5段攻击对指定敌方单体造成等同于丹恒•饮月【130%/380%】攻击力的虚数属性伤害。从第4段开始对其相邻目标造成等同于丹恒•饮月【30%/60%】攻击力的虚数属性伤害。
（标签：回能 35、战技点 +0、扩散、削韧 30）
施放7段攻击对指定敌方单体造成等同于丹恒•饮月【250%/500%】攻击力的虚数属性伤害。从第4段开始对其相邻目标造成等同于丹恒•饮月【90%/180%】攻击力的虚数属性伤害。
（标签：回能 40、战技点 +0、扩散、削韧 40）",信用点×240000、破碎残刃×3、永寿幼芽×6、无生残刃×8、永寿天华×7、净世残刃×11、永寿荣枝×7
丹恒•饮月,战技,龙力自在,"使普攻的效果得到强化，最多可连续强化3次，施放本技能不消耗战技点且不视为使用战技。强化1次，【泽芝】变为【瞬华】。强化2次，【泽芝】变为【天矢阴】。强化3次，【泽芝】变为【盘拏耀跃】。从第4段攻击开始每段攻击前获得1层【叱咤】，使丹恒•饮月的暴击伤害提高【6.0%/12.0%】 ，该效果最多叠加4层，持续至自身回合结束。
（标签：强化）",信用点×652500、永寿幼芽×9、破碎残刃×3、无生残刃×15、永寿天华×13、净世残刃×30、永寿荣枝×7、无穷假身的遗恨×3、命运的足迹×2
丹恒•饮月,终结技,苍龙傲睨，劫水濯世,"施放3段攻击对指定敌方单体造成等同于丹恒•饮月【180%/300%】攻击力的虚数属性伤害，同时对其相邻目标造成等同于丹恒•饮月【84%/140%】攻击力的虚数属性伤害。并使自身获得2个【逆鳞】。【逆鳞】最多持有3个，可用来抵扣丹恒•饮月的战技点消耗。消耗【逆鳞】视为消耗战技点。
（标签：能量 140、回能 5、扩散、削韧 20+20*2）",信用点×652500、永寿幼芽×9、破碎残刃×3、无生残刃×15、永寿天华×13、净世残刃×30、永寿荣枝×7、无穷假身的遗恨×3、命运的足迹×2
丹恒•饮月,天赋,亢心,"丹恒•饮月施放每段攻击后获得1层【亢心】，使自身造成的伤害提高【5.0%/10.0%】，该效果可以叠加6层，持续至自身回合结束。
（标签：强化）",信用点×652500、永寿幼芽×9、破碎残刃×3、无生残刃×15、永寿天华×13、净世残刃×30、永寿荣枝×7、无穷假身的遗恨×3、命运的足迹×2
丹恒•饮月,秘技,掣空如虹,"使用秘技点后进入持续20秒的【蟠跃】状态。【蟠跃】状态下使用攻击会快速向前移动一段距离并攻击接触到的敌人，在快速移动的过程中可抵挡敌人的所有攻击。【蟠跃】状态下主动攻击敌人进入战斗后，对敌方全体造成等同于丹恒•饮月120%攻击力的虚数属性伤害，并使自身获得一个【逆鳞】。
（标签：强化）",
丹恒•饮月,额外能力,伏辰,"战斗开始时，立即恢复15点能量
（标签：角色晋阶2 ）",信用点×5000、破碎残刃×3、无穷假身的遗恨×1
丹恒•饮月,额外能力,修禹,"抵抗控制类负面状态的概率提高35%。
（标签：角色晋阶4）",信用点×20000、无生残刃×5、命运的足迹×1、无穷假身的遗恨×1
丹恒•饮月,额外能力,起蛰,"对拥有虚数属性弱点的敌方目标造成伤害时，暴击伤害提高24%。
（标签：角色晋阶6）",信用点×160000、净世残刃×8、命运的足迹×1、无穷假身的遗恨×1
丹恒•饮月,属性强化,伤害强化•虚数,"虚数属性伤害提高3.2%
（标签：角色等级1）",信用点×2500、永寿幼芽×2
丹恒•饮月,属性强化,暴击率强化,"暴击率提高2.7%
（标签：角色晋阶2）",信用点×5000、破碎残刃×3、永寿幼芽×6
丹恒•饮月,属性强化,伤害强化•虚数,"虚数属性伤害提高3.2%
（标签：角色晋阶3）",信用点×10000、无生残刃×3、永寿天华×3
丹恒•饮月,属性强化,生命强化,"生命值上限提高4.0%
（标签：角色晋阶3）",信用点×10000、无生残刃×3、永寿天华×3
丹恒•饮月,属性强化,伤害强化•虚数,"虚数属性伤害提高4.8%
（标签：角色晋阶4）",信用点×20000、无生残刃×5、永寿天华×4
丹恒•饮月,属性强化,暴击率强化,"暴击率提高4.0%
（标签：角色晋阶5）",信用点×45000、净世残刃×3、永寿荣枝×3
丹恒•饮月,属性强化,伤害强化•虚数,"虚数属性伤害提高6.4%
（标签：角色晋阶5）",信用点×45000、净世残刃×3、永寿荣枝×3
丹恒•饮月,属性强化,生命强化,"生命值上限提高6.0%
（标签：角色晋阶6）",信用点×160000、净世残刃×8、永寿荣枝×8
丹恒•饮月,属性强化,暴击率强化,"暴击率提高5.3%
（标签：角色等级75）",信用点×160000、净世残刃×8、永寿荣枝×8
丹恒•饮月,属性强化,伤害强化•虚数,"虚数属性伤害提高6.4%
（标签：角色等级80）",信用点×160000、净世残刃×8、永寿荣枝×8
乱破,普攻,忍术·七转八起/忍具·降魔花弁,"对指定敌方单体造成等同于乱破【50%/100%】攻击力的虚数属性伤害。
（标签：回能 20、战技点 +1、单体、削韧 10）
发动【忍具·降魔花弁】,前2段攻击对指定敌方单体造成等同于乱破【60%/100%】攻击力的虚数属性伤害，并对其相邻目标造成等同于乱破【30%/50%】攻击力的虚数属性伤害，第3段对敌方全体造成等同于乱破【60%/100%】攻击力的虚数属性伤害。·强化普攻无法恢复战技点，攻击没有虚数弱点的敌人也可以削减韧性;效果等同于原削韧值的50%。击破弱点时,触发虚数属性的弱点击破效果。
（标签：一段回能 5、二段回能 5、三段回能 10、一段削韧10+5*2、二段削韧10+5*2、三段削韧5）",信用点×240000、凌乱草图×3、蓄梦元件×6、动态线稿×8、流梦阀门×7、精致色稿×11、造梦马达×7
乱破,战技,忍切·初志贯彻,"对敌方全体造成等同于乱破【60%/120%】攻击力的虚数属性伤害。
（标签：回能 30、战技点 -1、削韧 10、群攻）",信用点×652500、蓄梦元件×9、凌乱草图×3、动态线稿×15、流梦阀门×13、精致色稿×30、造梦马达×7、同愿的遗音×3、命运的足迹×2
乱破,终结技,忍道·极·爱死天流,"进入【结印】状态,立即获得1个额外回合并获得3点【彩墨】,同时弱点击破效率提高50%，击破特攻提高【10%/30%】。【结印】状态下普攻获得强化且无法施放战技和终结技,施放强化普攻后会消耗1点【彩墨】，耗尽时退出【结印】状态。
（标签：能量 140、回能 5、群体、强化）",信用点×652500、蓄梦元件×9、凌乱草图×3、动态线稿×15、流梦阀门×13、精致色稿×30、造梦马达×7、同愿的遗音×3、命运的足迹×2
乱破,天赋,忍·科学·堪忍袋,"每当敌方目标的弱点被击破时,乱破获得1点充能，最多拥有10点充能。乱破下一次发动【忍具·降魔花弁】的第3段攻击时，额外对敌方全体造成等同于乱破【30%/60%】虚数属性击破伤害的击破伤害，该伤害可无视弱点属性削减2点韧性，并消耗所有充能，每点充能使本次击破伤害倍率提高【25%/50%】,并使无视弱点属性的削韧值提高1点。击破弱点时，触发虚数属性的弱点击破效果。
（标签：削韧 2）",信用点×652500、蓄梦元件×9、凌乱草图×3、动态线稿×15、流梦阀门×13、精致色稿×30、造梦马达×7、同愿的遗音×3、命运的足迹×2
乱破,秘技,忍步·血义理,"使用秘技后进入持续20秒的【涂鸦】状态。【涂鸦】状态下会快速向前移动一段距离并攻击接触到的敌人,在快速移动的过程中可抵挡敌人的所有攻击。【涂鸦】状态下施放攻击可以提前结束持续时间，主动攻击敌人进入战斗后,对每个敌方目标造成造成30点无视弱点属性的削韧，以及等同于乱破200%虚数属性击破伤害的击破伤害,并对其相邻目标造成等向于乱破180%虚数属性击破伤害的击破伤害,同时使自身获得10点能量。
（标签：强化、削韧 30）",
乱破,额外能力,忍法帖·魔天,"精英级别及以上的敌方目标的弱点被击破时,乱破额外获得1点充能,并回复10点能量。
（标签：角色晋阶2）",信用点×5000、凌乱草图×3、同愿的遗音×1
乱破,额外能力,忍法帖·海鸣,"【结印】状态期间，乱破施放强化普·攻对处于弱点击破状态下的敌方目标造成伤害后，会将本次伤害的削韧值转化为1次60%的超击破伤害。
（标签：角色晋阶4）",信用点×20000、动态线稿×5、命运的足迹×1、同愿的遗音×1
乱破,额外能力,忍法帖·枯叶,"敌方目标的弱点被击破时,受到的击破伤害提高2%,若乱破当前攻击力高于2,400点,每超过100点攻击力可使该数值额外提高1%,最多额外提高8%。效果持续2回合。
（标签：角色晋阶6）",信用点×160000、精致色稿×8、命运的足迹×1、同愿的遗音×1
乱破,属性加成,攻击强化,"攻击力提高4.0%
（标签：角色等级1）",信用点×2500、蓄梦元件×2
乱破,属性加成,速度强化,"速度提高2
（标签：角色晋阶2）",信用点×5000、凌乱草图×3、蓄梦元件×6
乱破,属性加成,攻击强化,"攻击力提高4.0%
（标签：角色晋阶3）",信用点×10000、动态线稿×3、流梦阀门×3
乱破,属性加成,击破强化,"击破特攻提高5.3%
（标签：角色晋阶3）",信用点×10000、动态线稿×3、流梦阀门×3
乱破,属性加成,攻击强化,"攻击力提高6.0%
（标签：角色晋阶4）",信用点×20000、动态线稿×5、流梦阀门×4
乱破,属性加成,速度强化,"速度提高3
（标签：角色晋阶5）",信用点×45000、精致色稿×3、造梦马达×3
乱破,属性加成,攻击强化,"攻击力提高6.0%
（标签：角色晋阶5）",信用点×45000、精致色稿×3、造梦马达×3
乱破,属性加成,击破强化,"击破特攻提高8.0%
（标签：角色晋阶6）",信用点×160000、精致色稿×8、造梦马达×8
乱破,属性加成,速度强化,（标签：角色等级75）,信用点×160000、精致色稿×8、造梦马达×8
乱破,属性加成,攻击强化,"攻击力提高8.0%
（标签：角色等级80）",信用点×160000、精致色稿×8、造梦马达×8
云璃,普攻,翻风转日,"对指定敌方单体造成等同于云璃【50%/100%】攻击力的物理属性伤害。
（标签：回能 20、战技点 +1、单攻、削韧 10）",信用点×240000、步离犬牙×3、工造机杼×6、狼毒锯牙×8、工造迴轮×7、月狂獠牙×11、工造浑心×7
云璃,战技,飞铗震赫,"回复等同于云璃【20%/30%】攻击力+【50/200】的生命值，并对指定敌方单体造成等同于云璃【60%/120%】攻击力的物理属性伤害，对其相邻目标造成等同于云璃【30%/60%】攻击力的物理属性伤害。
（标签：回能 30、战技点 -1、扩散、削韧 20+10*2）",信用点×652500、工造机杼×9、步离犬牙×3、狼毒锯牙×15、工造迴轮×13、月狂獠牙×30、工造浑心×7、无穷假身的遗恨×3、命运的足迹×2
云璃,终结技,剑为地纪，刃惊天宗/勘破•斩/勘破•灭,"消耗120点能量，云璃获得【格挡】并使敌方全体陷入嘲讽状态，持续至下一个我方或敌方回合结束时。并使云璃下一次反击造成的暴击伤害提高【60%/100%】。触发天赋的反击效果时，将替换为发动反击【勘破•灭】同时移除【格挡】效果。若【格挡】状态期间没有触发反击，状态结束时云璃立即对随机敌方目标发动反击【勘破•斩】。
云璃通过此技能造成伤害时，被视为造成了终结技伤害。
（标签：能量120（上限240）、回能 5、强化）
对目标造成等同于云璃【132%/220%】攻击力的物理属性伤害，对其相邻目标造成等同于云璃【66%/110%】攻击力的物理属性伤害。
（标签：回能 10、扩散、削韧 10+10*2）
对目标造成等同于云璃【132%/220%】攻击力的物理属性伤害，对其相邻目标造成等同于云璃【66%/110%】攻击力的物理属性伤害，随后额外造成6次伤害，每次伤害对随机敌方单体造成等同于云璃【43%/72%】攻击力的物理伤害。
（标签：回能 10、扩散、削韧 10+10*2+2.5*6）",信用点×652500、工造机杼×9、步离犬牙×3、狼毒锯牙×15、工造迴轮×13、月狂獠牙×30、工造浑心×7、无穷假身的遗恨×3、命运的足迹×2
云璃,天赋,闪铄,"当云璃受到敌方目标攻击后，额外恢复15点能量，并立即向攻击者发起反击，对其造成等同于云璃【60%/120%】攻击力的物理属性伤害，对其相邻目标造成等同于云璃【30%/60%】攻击力的物理属性伤害。
若不存在可反击的目标，则反击敌方随机目标。
（标签：回能 5、扩散、削韧 10+10*2）",信用点×652500、工造机杼×9、步离犬牙×3、狼毒锯牙×15、工造迴轮×13、月狂獠牙×30、工造浑心×7、无穷假身的遗恨×3、命运的足迹×2
云璃,秘技,后发先至,"使自身获得【招架】效果，持续20秒，期间攻击敌人或受到攻击进入战斗后，立即对随机敌方单体施放【勘破•灭】，并使本次攻击造成的伤害提高80%。
（标签：强化）",
云璃,额外能力,灼毂,"每发动1次【勘破•斩】后，下一次【勘破•斩】将替换为【勘破•灭】。
（标签：角色晋阶2）",信用点×5000、步离犬牙×3、无穷假身的遗恨×1
云璃,额外能力,却邪,"【格挡】状态下抵抗受到的控制类负面效果，并使受到的伤害降低20%。
（标签：角色晋阶4）",信用点×20000、狼毒锯牙×5、命运的足迹×1、无穷假身的遗恨×1
云璃,额外能力,真刚,"施放反击时，云璃的攻击力提高30%，持续1回合。
（标签：角色晋阶6）",信用点×160000、月狂獠牙×8、命运的足迹×1、无穷假身的遗恨×1
云璃,属性加成,攻击强化,"攻击力提高4.0%
（标签：角色等级1）",信用点×2500、工造机杼×2
云璃,属性加成,生命强化,"生命值上限提高4.0%
（标签：角色晋阶2）",信用点×5000、步离犬牙×3、工造机杼×6
云璃,属性加成,攻击强化,"攻击力提高4.0%
（标签：角色晋阶3）",信用点×10000、狼毒锯牙×3、工造迴轮×3
云璃,属性加成,暴击率强化,"暴击率提高2.7%
（标签：角色晋阶3）",信用点×10000、狼毒锯牙×3、工造迴轮×3
云璃,属性加成,攻击强化,"攻击力提高6.0%
（标签：角色晋阶4）",信用点×20000、狼毒锯牙×5、工造迴轮×4
云璃,属性加成,生命强化,"生命值上限提高6.0%
（标签：角色晋阶5）",信用点×45000、月狂獠牙×3、工造浑心×3
云璃,属性加成,攻击强化,"攻击力提高6.0%
（标签：角色晋阶5）",信用点×45000、月狂獠牙×3、工造浑心×3
云璃,属性加成,暴击率强化,"暴击率提高4.0%
（标签：角色晋阶6）",信用点×160000、月狂獠牙×8、工造浑心×8
云璃,属性加成,生命强化,"生命值上限提高8.0%
（标签：角色等级75）",信用点×160000、月狂獠牙×8、工造浑心×8
云璃,属性加成,攻击强化,"攻击力提高8.0%
（标签：角色等级80）",信用点×160000、月狂獠牙×8、工造浑心×8
仙舟三月七,普攻,荡涤妖邪琉璃剑/一扎眉攒，二扎心,"对指定敌方单体造成等同于三月七【50%/100%】攻击力的虚数属性伤害，随后获得1点充能。
（标签：回能 20、战技点 +1、单攻、削韧 10）
初始造成3段伤害，每段对指定敌方单体造成等同于三月七【40%/80%】攻击力的虚数属性伤害。每当造成最后1段伤害后，有60%的固定概率再造成1段伤害，最多额外造成3段伤害。施放强化普攻恢复的能量不随段数提高而提高。
强化普攻无法恢复战技点。
（标签：回能 30、单攻、削韧 5每段）",信用点×192000、陨铁弹丸×2、掠夺的本能×4、命定死因×6、篡改的野心×5、逆时一击×8、践踏的意志×5
仙舟三月七,战技,师父，请喝茶！,"使除自身以外的我方指定单体成为【师父】，【师父】的速度提高【6.0%/10.0%】。仅战技最新的施放目标被视为三月七的【师父】。
每当施放普攻或造成1段强化普攻的伤害时，若场上存在指定命途的【师父】，则触发对应效果：
「智识」、「毁灭」、「巡猎」、「记忆」、「欢愉」：额外造成等同于三月七【10%/20%】攻击力的基于【师父】属性的附加伤害。
「同谐」、「虚无」、「存护」、「丰饶」：本次伤害的削韧值提高100%。
（标签：回能 30、战技点 -1、辅助）",信用点×522000、掠夺的本能×6、陨铁弹丸×2、命定死因×12、篡改的野心×10、逆时一击×23、践踏的意志×5、毁灭者的末路×3、命运的足迹×1
仙舟三月七,终结技,盖世女侠三月七,"对指定敌方单体造成等同于三月七【144%/240%】攻击力的虚数属性伤害。
使下一次强化普攻的初始段数增加2段，额外造成伤害的固定概率提高20%。
（标签：能量 110、回能 5、单攻、削韧 30）",信用点×522000、掠夺的本能×6、陨铁弹丸×2、命定死因×12、篡改的野心×10、逆时一击×23、践踏的意志×5、毁灭者的末路×3、命运的足迹×1
仙舟三月七,天赋,师父，我悟了！,"【师父】施放攻击或终结技后，三月七每次获得最多1点充能。
充能大于等于7点时，三月七立即行动，造成的伤害提高【40%/80%】，普攻得到强化且无法施放战技。施放强化普攻后，消耗7点充能。充能上限10点。
（标签：强化）",信用点×522000、掠夺的本能×6、陨铁弹丸×2、命定死因×12、篡改的野心×10、逆时一击×23、践踏的意志×5、毁灭者的末路×3、命运的足迹×1
仙舟三月七,秘技,一气化三餐,"若三月七在队伍中，每当队友施放1次秘技，下一次战斗开始时三月七获得1点充能，最多获得3点。
使用秘技后，下一次战斗开始时三月七恢复30点能量。
（标签：强化）",
仙舟三月七,额外能力,惊鸿,"战斗开始时，三月七的行动提前25%。
（标签：角色晋阶2）",信用点×4000、陨铁弹丸×2、毁灭者的末路×1
仙舟三月七,额外能力,玲珑,"三月七能够削减具有【师父】属性弱点的敌方目标的韧性。击破弱点时，触发虚数属性的弱点击破效果。
（标签：角色晋阶4）",信用点×16000、命定死因×4、命运的足迹×1、毁灭者的末路×1
仙舟三月七,额外能力,斡波,"施放强化普攻后，使【师父】的暴击伤害提高60%，击破特攻提高36%，持续2回合。
（标签：角色晋阶6）",信用点×128000、逆时一击×6、命运的足迹×1、毁灭者的末路×1
仙舟三月七,属性加成,攻击强化,"攻击力提高4.0%
（标签：角色等级1）",信用点×2000、掠夺的本能×2
仙舟三月七,属性加成,暴击伤害强化,"暴击伤害提高5.3%
（标签：角色晋阶2）",信用点×4000、陨铁弹丸×2、掠夺的本能×4
仙舟三月七,属性加成,攻击强化,"攻击力提高4.0%
（标签：角色晋阶3）",信用点×8000、命定死因×2、篡改的野心×2
仙舟三月七,属性加成,防御强化,"防御力提高5.0%
（标签：角色晋阶3）",信用点×8000、命定死因×2、篡改的野心×2
仙舟三月七,属性加成,攻击强化,"攻击力提高6.0%
（标签：角色晋阶4）",信用点×16000、命定死因×4、篡改的野心×3
仙舟三月七,属性加成,暴击伤害强化,"暴击伤害提高8.0%
（标签：角色晋阶5）",信用点×36000、逆时一击×2、践踏的意志×2
仙舟三月七,属性加成,攻击强化,"攻击力提高6.0%
（标签：角色晋阶5）",信用点×36000、逆时一击×2、践踏的意志×2
仙舟三月七,属性加成,防御强化,"防御力提高7.5%
（标签：角色晋阶6）",信用点×128000、逆时一击×6、践踏的意志×6
仙舟三月七,属性加成,暴击伤害强化,"暴击伤害提高10.7%
（标签：角色等级75）",信用点×128000、逆时一击×6、践踏的意志×6
仙舟三月七,属性加成,攻击强化,"攻击力提高8.0%
（标签：角色等级80）",信用点×128000、逆时一击×6、践踏的意志×6
佩拉,普攻,冰点射击,"对指定敌方单体造成等同于佩拉【50%/100%】攻击力的冰属性伤害。
（标签：回能 20、战技点 +1、单攻、削韧 10）",信用点×192000、黯淡黑曜×2、熄灭原核×4、虚空黑曜×6、微光原核×5、沉沦黑曜×8、蠢动原核×5
佩拉,战技,低温妨害,"解除指定敌方单体的1个增益效果，同时造成等同于佩拉【105%/210%】攻击力的冰属性伤害。
（标签：回能 30、战技点 -1、单攻、削韧 20）",信用点×522000、熄灭原核×6、黯淡黑曜×2、虚空黑曜×12、微光原核×10、沉沦黑曜×23、蠢动原核×5、守护者的悲愿×3、命运的足迹×1
佩拉,终结技,领域压制,"有100%的基础概率使敌方每个单体目标陷入【通解】状态，同时对敌方全体造成等同于佩拉【60%/100%】攻击力的冰属性伤害。【通解】状态下，敌方目标防御力降低【30%/40%】，持续2回合。
（标签：能量 110、回能 5、群攻、削韧 20）",信用点×522000、熄灭原核×6、黯淡黑曜×2、虚空黑曜×12、微光原核×10、沉沦黑曜×23、蠢动原核×5、守护者的悲愿×3、命运的足迹×1
佩拉,天赋,数据采集,"施放攻击后若敌方目标处于负面效果状态，则佩拉额外恢复【5.0/10.0】点能量。该效果每次攻击只能触发1次。
（标签：强化）",信用点×522000、熄灭原核×6、黯淡黑曜×2、虚空黑曜×12、微光原核×10、沉沦黑曜×23、蠢动原核×5、守护者的悲愿×3、命运的足迹×1
佩拉,秘技,先发制人,"立即攻击敌人，进入战斗后对敌方随机单体造成等同于佩拉80%攻击力的冰属性伤害，同时有100%的基础概率使敌方每个单体目标防御力降低20%，持续2回合。
（标签：削韧 20）",
佩拉,额外能力,痛击,"对处于负面效果的敌方目标造成的伤害提高20%。
（标签： 角色晋阶 2）",信用点×4000、黯淡黑曜×2、守护者的悲愿×1
佩拉,额外能力,秘策,"佩拉在场时，我方全体的效果命中提高10%。
（标签：角色晋阶4）",信用点×16000、虚空黑曜×4、命运的足迹×1、守护者的悲愿×1
佩拉,额外能力,追歼,"施放战技解除增益效果时，下一次攻击造成的伤害提高20%。
（标签：角色晋阶6）",信用点×128000、沉沦黑曜×6、命运的足迹×1、守护者的悲愿×1
佩拉,属性加成,伤害强化•冰,"冰属性伤害提高3.2%
（标签：角色等级 1）",信用点×2000、熄灭原核×2
佩拉,属性加成,攻击强化,"攻击力提高4.0%
（标签：角色晋阶2）",信用点×4000、黯淡黑曜×2、熄灭原核×4
佩拉,属性加成,伤害强化•冰,"冰属性伤害提高3.2%
（标签：角色晋阶3）",信用点×8000、虚空黑曜×2、微光原核×2
佩拉,属性加成,效果命中强化,"效果命中提高4.0%
（标签：角色晋阶3）",信用点×8000、虚空黑曜×2、微光原核×2
佩拉,属性加成,伤害强化•冰,"冰属性伤害提高4.8%
（标签：角色晋阶4）",信用点×16000、虚空黑曜×4、微光原核×3
佩拉,属性加成,攻击强化,"攻击力提高6.0%
（标签：角色晋阶5）",信用点×36000、沉沦黑曜×2、蠢动原核×2
佩拉,属性加成,伤害强化•冰,"冰属性伤害提高4.8%
（标签：角色晋阶5）",信用点×36000、沉沦黑曜×2、蠢动原核×2
佩拉,属性加成,效果命中强化,"效果命中提高6.0%
（标签：角色晋阶6）",信用点×128000、沉沦黑曜×6、蠢动原核×6
佩拉,属性加成,攻击强化,"攻击力提高8.0%
（标签：角色等级75）",信用点×128000、沉沦黑曜×6、蠢动原核×6
佩拉,属性加成,伤害强化•冰,"冰属性伤害提高6.4%
（标签：角色等级 80）",信用点×128000、沉沦黑曜×6、蠢动原核×6
停云,普攻,逐客令,"对指定敌方单体造成等同于停云【50%/100%】攻击力的雷属性伤害。
（标签：回能 20、战技点 +1、单攻、削韧 10）",信用点×192000、谐乐小调×2、永寿幼芽×4、家族颂歌×6、永寿天华×5、群星乐章×8、永寿荣枝×5
停云,战技,祥音和韵,"为指定我方单体提供【赐福】，使其攻击力提高【25%/50%】，最高不超过停云当前攻击力的【15%/25%】。
获得【赐福】的我方单体3回合内施放攻击后，会额外造成1次等同于自身【20%/40%】攻击力的雷属性附加伤害。
【赐福】持续3回合且仅对停云战技最新的施放目标生效。
（标签：回能 30、战技点 -1、辅助）",信用点×522000、永寿幼芽×6、谐乐小调×2、家族颂歌×12、永寿天华×10、群星乐章×23、永寿荣枝×5、毁灭者的末路×3、命运的足迹×1
停云,终结技,庆云光覆仪祷,"为我方目标恢复50点能量，同时使目标造成的伤害提高【20%/50%】，持续2回合。
（标签：能量 130、回能 5、辅助）",信用点×522000、永寿幼芽×6、谐乐小调×2、家族颂歌×12、永寿天华×10、群星乐章×23、永寿荣枝×5、毁灭者的末路×3、命运的足迹×1
停云,天赋,紫电扶摇,"敌方目标受到停云攻击后，获得【赐福】的目标立即对其造成等同于自身【30%/60%】攻击力的雷属性附加伤害。
（标签：强化）",信用点×522000、永寿幼芽×6、谐乐小调×2、家族颂歌×12、永寿天华×10、群星乐章×23、永寿荣枝×5、毁灭者的末路×3、命运的足迹×1
停云,秘技,惠风和畅,"使用秘技后立即为自身恢复50点能量。
（标签：辅助）",
停云,额外能力,驻晴,"施放战技时，停云自身速度提高20%，持续1回合。
（标签：角色晋阶2）",信用点×4000、谐乐小调×2、毁灭者的末路×1
停云,额外能力,止厄,"普攻造成的伤害提高40%。
（标签：角色晋阶4）",信用点×16000、家族颂歌×4、命运的足迹×1、毁灭者的末路×1
停云,额外能力,亨通,"停云的回合开始时，自身立即恢复5点能量。
（标签：角色晋阶6）",信用点×128000、群星乐章×6、命运的足迹×1、毁灭者的末路×1
停云,属性加成,攻击强化,"攻击力提高4.0%
（标签：角色等级1）",信用点×2000、永寿幼芽×2
停云,属性加成,防御强化,"防御力提高5.0%
（标签：角色晋阶2）",信用点×4000、谐乐小调×2、永寿幼芽×4
停云,属性加成,攻击强化,"攻击力提高4.0%
（标签：角色晋阶3）",信用点×8000、家族颂歌×2、永寿天华×2
停云,属性加成,伤害强化•雷,"雷属性伤害提高3.2%
（标签：角色晋阶3）",信用点×8000、家族颂歌×2、永寿天华×2
停云,属性加成,攻击强化,"攻击力提高6.0%
（标签：角色晋阶4）",信用点×16000、家族颂歌×4、永寿天华×3
停云,属性加成,防御强化,"防御力提高7.5%
（标签：角色晋阶5）",信用点×36000、群星乐章×2、永寿荣枝×2
停云,属性加成,攻击强化,"攻击力提高6.0%
（标签：角色晋阶5）",信用点×36000、群星乐章×2、永寿荣枝×2
停云,属性加成,伤害强化•雷,"雷属性伤害提高4.8%
（标签：角色晋阶6）",信用点×128000、群星乐章×6、永寿荣枝×6
停云,属性加成,防御强化,"防御力提高10.0%
（标签：角色等级75）",信用点×128000、群星乐章×6、永寿荣枝×6
停云,属性加成,攻击强化,"攻击力提高8.0%
（标签：角色等级80）",信用点×128000、群星乐章×6、永寿荣枝×6
克拉拉,普攻,我也想帮上忙,"对指定敌方单体造成等同于克拉拉【50%/100%】攻击力的物理属性伤害。
（标签：回能 20、战技点 +1、单攻、削韧 10）",信用点×240000、破碎残刃×3、古代零件×6、无生残刃×8、古代转轴×7、净世残刃×11、古代引擎×7
克拉拉,战技,史瓦罗在看着你,"对敌方全体造成等同于克拉拉【60%/120%】攻击力的物理属性伤害，并对所有被史瓦罗标上【反击标记】的敌方目标额外造成等同于克拉拉【60%/120%】攻击力物理属性伤害。
战技施放后所有【反击标记】失效。
（标签：回能 30、战技点 -1、群攻、削韧 10）",信用点×652500、古代零件×9、破碎残刃×3、无生残刃×15、古代转轴×13、净世残刃×30、古代引擎×7、守护者的悲愿×3、命运的足迹×2
克拉拉,终结技,是约定不是命令,"施放终结技后克拉拉受到的伤害额外降低【15%/25%】且被敌方目标攻击的概率大幅提高，持续2回合。
同时史瓦罗的反击得到强化，当任意我方目标受到攻击后史瓦罗立即施放反击，对敌方目标造成的伤害倍率提高【96%/160%】，并对其相邻目标造成相当于主目标50%的伤害。强化效果可生效2次。
（标签：能量 110、回能 5、强化）",信用点×652500、古代零件×9、破碎残刃×3、无生残刃×15、古代转轴×13、净世残刃×30、古代引擎×7、守护者的悲愿×3、命运的足迹×2
克拉拉,天赋,因为我们是家人,"克拉拉在史瓦罗的保护下受到敌方目标攻击的伤害降低10%。攻击克拉拉的敌方目标会被史瓦罗标上【反击标记】，并遭到史瓦罗的反击，对其造成等同于克拉拉【80%/160%】攻击力的物理属性伤害。
（标签：回能 5、单攻、削韧 10、强化后削韧 20+10*2）",信用点×652500、古代零件×9、破碎残刃×3、无生残刃×15、古代转轴×13、净世残刃×30、古代引擎×7、守护者的悲愿×3、命运的足迹×2
克拉拉,秘技,胜利的小小代价,"立即攻击敌人，进入战斗后克拉拉受到敌方攻击的概率提高，持续2回合。
（标签：削韧 20）",
克拉拉,额外能力,家人,受到攻击时有35%的固定概率解除自身1个负面效果。,信用点×5000、破碎残刃×3、守护者的悲愿×1
克拉拉,额外能力,守护,抵抗控制类负面状态的概率提高35%。,信用点×20000、无生残刃×5、命运的足迹×1、守护者的悲愿×1
克拉拉,额外能力,复仇,史瓦罗的反击造成的伤害提高30%。,信用点×160000、净世残刃×8、命运的足迹×1、守护者的悲愿×1
克拉拉,属性加成,攻击强化,"攻击力提高4.0%
（标签：角色等级1）",信用点×2500、古代零件×2
克拉拉,属性加成,伤害强化•物理,"物理属性伤害提高3.2%
（标签：角色晋阶2）",信用点×5000、破碎残刃×3、古代零件×6
克拉拉,属性加成,攻击强化,"攻击力提高4.0%
（标签：角色晋阶3）",信用点×10000、无生残刃×3、古代转轴×3
克拉拉,属性加成,生命强化,"生命值上限提高4.0%
（标签：角色晋阶3）",信用点×10000、无生残刃×3、古代转轴×3
克拉拉,属性加成,攻击强化,"攻击力提高6.0%
（标签：角色晋阶4）",信用点×20000、无生残刃×5、古代转轴×4
克拉拉,属性加成,伤害强化•物理,"物理属性伤害提高4.8%
（标签：角色晋阶5）",信用点×45000、净世残刃×3、古代引擎×3
克拉拉,属性加成,攻击强化,"攻击力提高6.0%
（标签：角色晋阶5）",信用点×45000、净世残刃×3、古代引擎×3
克拉拉,属性加成,生命强化,"生命值上限提高6.0%
（标签：角色晋阶6）",信用点×160000、净世残刃×8、古代引擎×8
克拉拉,属性加成,伤害强化•物理,"物理属性伤害提高6.4%
（标签：角色等级75）",信用点×160000、净世残刃×8、古代引擎×8
克拉拉,属性加成,攻击强化,"攻击力提高8.0%
（标签：角色等级80）",信用点×160000、净世残刃×8、古代引擎×8
刃,普攻,支离剑/无间剑树,"对指定敌方单体造成等同于刃【50%/100%】攻击力的风属性伤害。
（标签：回能20、战技点 +1 、单体 、削韧 10 ）
消耗等同于刃生命上限10%的生命值，对指定敌方单体造成等同于刃【20%/40%】攻击力+【50%/100%】生命上限的风属性伤害，同时对其相邻目标造成等同于刃【8%/16%】攻击力+【20%/40%】生命上限的风属性伤害。
若当前生命值不足，施放【无间剑树】时刃的当前生命值降低至1点。
【无间剑树】无法恢复战技点。
（标签： 回能20 、扩散、削韧20+10*2）",信用点×240000、破碎残刃×3、永寿幼芽×6、无生残刃×8、永寿天华×7、净世残刃×11、永寿荣枝×7
刃,战技,地狱变,"消耗等同于刃生命上限30%的生命值，进入【地狱变】状态。
处于【地狱变】状态时无法施放战技，同时使自身造成的伤害提高【12%/40%】，普攻【支离剑】强化为【无间剑树】，持续3回合。
若当前生命值不足，施放战技时刃的当前生命值降低至1点。
该战技无法恢复能量。施放该战技后，本回合不会结束。
（标签：战技点 -1、强化）",信用点×652500、永寿幼芽×9、破碎残刃×3、无生残刃×15、永寿天华×13、净世残刃×30、永寿荣枝×7、无穷假身的遗恨×3、命运的足迹×2
刃,终结技,大辟万死,"将刃的当前生命值转化为生命上限的50%，并对敌方单体造成等同于刃【24%/40%】攻击力+【60%/100%】生命上限+【60%/100%】本场战斗中累计已损失生命值的风属性伤害，同时对其相邻目标造成等同于刃【9.6%/16%】攻击力+【24%/40%】生命上限+【24%/40%】本场战斗中累计已损失生命值的风属性伤害。
本场战斗中累计已损失生命值最高不超过刃生命上限的90%，施放终结技后会清空并进行重新累计。
（标签： 能量 130 、回能 5 、扩散、削韧 20+20*2）",信用点×652500、永寿幼芽×9、破碎残刃×3、无生残刃×15、永寿天华×13、净世残刃×30、永寿荣枝×7、无穷假身的遗恨×3、命运的足迹×2
刃,天赋,倏忽恩赐,"刃受到伤害或消耗生命值时，获得1层充能，最多叠加5层。该效果每次受到攻击最多叠加1层。
当充能叠加至上限时，立即对敌方全体施放1次追加攻击，造成等同于刃【22%/44%】攻击力+【55%/110%】生命上限的风属性伤害并回复等同于刃生命上限25%的生命值，施放追加攻击后，消耗所有充能。
（标签：回能10、群攻、削韧10）",信用点×652500、永寿幼芽×9、破碎残刃×3、无生残刃×15、永寿天华×13、净世残刃×30、永寿荣枝×7、无穷假身的遗恨×3、命运的足迹×2
刃,秘技,业途风,"立即攻击敌人，进入战斗后消耗等同于刃生命上限20%的生命值，同时对敌方全体造成等同于刃生命上限40%的风属性伤害。
若当前生命值不足，施放秘技时刃的当前生命值降低至1点。
（标签：削韧20）",
刃,额外能力,无尽形寿,"刃的当前生命值百分比小于等于生命上限的50%时，受到治疗时的回复量提高20%。
（标签：角色晋阶2）",信用点×5000、破碎残刃×3、无穷假身的遗恨×1
刃,额外能力,吞忍百死,"施放【无间剑树】后，若击中处于弱点击破状态的敌方目标，刃回复等同于自身5%生命上限+100的生命值。
（标签：角色晋阶4）",信用点×20000、无生残刃×5、命运的足迹×1、无穷假身的遗恨×1
刃,额外能力,坏劫隳亡,"天赋施放的追加攻击伤害提高20%。
（标签：角色晋阶6 ）",信用点×160000、净世残刃×8、命运的足迹×1、无穷假身的遗恨×1
刃,属性加成,生命强化,"生命值上限提高4.0%
（标签：角色等级1）",信用点×2500、永寿幼芽×2
刃,属性加成,暴击率强化,"暴击率提高2.7%
（标签：角色晋阶2 ）",信用点×5000、破碎残刃×3、永寿幼芽×6
刃,属性加成,生命强化,"生命值上限提高4.0%
（标签：角色晋阶3）",信用点×10000、无生残刃×3、永寿天华×3
刃,属性加成,效果抵抗强化,"效果抵抗提高4.0%
（标签：角色晋阶3）",信用点×10000、无生残刃×3、永寿天华×3
刃,属性加成,生命强化,"生命值上限提高6.0%
（标签：角色晋阶4 ）",信用点×20000、无生残刃×5、永寿天华×4
刃,属性加成,暴击率强化,"暴击率提高4.0%
（标签：角色晋阶5）",信用点×45000、净世残刃×3、永寿荣枝×3
刃,属性加成,生命强化,"生命值上限提高6.0%
（标签：角色晋阶5）",信用点×45000、净世残刃×3、永寿荣枝×3
刃,属性加成,效果抵抗强化,"效果抵抗提高6.0%
（标签：角色晋阶6 ）",信用点×160000、净世残刃×8、永寿荣枝×8
刃,属性加成,暴击率强化,"暴击率提高5.3%
（标签：角色等级75）",信用点×160000、净世残刃×8、永寿荣枝×8
刃,属性加成,生命强化,"生命值上限提高8.0%
（标签：角色等级80）",信用点×160000、净世残刃×8、永寿荣枝×8
刻律德菈,普攻,易位，兵贵神速,"对指定敌方单体造成等同于刻律德菈【50%/100%】攻击力的风属性伤害。
（标签：战技点 +1、回能 20、单体、削韧 10）",信用点×240000、云际音符×3、预兆似有若无×6、空际小节×8、悲鸣由远及近×7、天外乐章×11、哀叹漫无止息×7
刻律德菈,战技,升变，士皆可帅,"使指定我方单体角色获得【军功】并使刻律德菈获得1点充能。充能上限8点。当充能达到6点时，自动使角色的【军功】升级为【爵位】并解除其控制类负面状态。持有【爵位】的角色被视为同时持有【军功】。持有【爵位】的角色造成的战技伤害的暴击伤害提高【36%/72%】、全属性抗性穿透提高【8%/10%】，对敌方目标施放战技时触发奇袭。奇袭结束后，消耗6点充能使【爵位】变回【军功】。
（标签：战技点 -1、回能 30、辅助）",信用点×652500、预兆似有若无×9、云际音符×3、空际小节×15、悲鸣由远及近×13、天外乐章×30、哀叹漫无止息×7、阳雷的遥想×3、命运的足迹×2
刻律德菈,终结技,世事如棋，四步堪杀,"获得2点充能。对敌方全体造成等同于刻律德菈【144%/240%】攻击力的风属性伤害。若场上不存在持有【军功】的角色，优先使当前队伍中的第一位角色获得【军功】。
（标签：能量 130、回能 5、群攻、削韧 20）",信用点×652500、预兆似有若无×9、云际音符×3、空际小节×15、悲鸣由远及近×13、天外乐章×30、哀叹漫无止息×7、阳雷的遥想×3、命运的足迹×2
刻律德菈,天赋,荣光属于凯撒,"持有【军功】的角色攻击力提高，提高数值等同于刻律德菈攻击力的【18%/24%】，施放普攻或战技时使刻律德菈获得1点充能，奇袭期间无法使刻律德菈获得充能。持有【军功】的角色施放攻击后刻律德菈额外造成1次等同于刻律德菈【30%/60%】攻击力的风属性附加伤害，该效果最多触发20次，刻律德菈每次施放终结技时重置可触发次数。【军功】仅对最新被施加的目标生效，目标改变时使刻律德菈充能重置为0点。
（标签：辅助）",信用点×652500、预兆似有若无×9、云际音符×3、空际小节×15、悲鸣由远及近×13、天外乐章×30、哀叹漫无止息×7、阳雷的遥想×3、命运的足迹×2
刻律德菈,秘技,先手优势,"使用秘技后获得【军功】，切换行动角色时【军功】转移至当前行动角色。下一次战斗开始时自动对持有【军功】的角色施放1次战技，此次战技不消耗战技点。
（标签：辅助）",
刻律德菈,额外能力,来者,"刻律德菈的攻击力大于2000时，每超过100点攻击力可使自身暴击伤害提高18%，最多提高360%。
（标签：角色晋阶2）",信用点×5000、云际音符×3、阳雷的遥想×1
刻律德菈,额外能力,见者,"刻律德菈的暴击率提高100%。当刻律德菈的充能小于上限时，持有【军功】的角色施放终结技时使刻律德菈获得1点充能，该效果单场战斗中可以触发1次。
（标签：角色晋阶4）",信用点×20000、空际小节×5、命运的足迹×1、阳雷的遥想×1
刻律德菈,额外能力,征服者,"施放战技时，使自身和持有【军功】的队友速度提高20点，持续3回合。持有【军功】的角色施放普攻或战技时，为刻律德菈恢复5点能量。
（标签：角色晋阶6）",信用点×160000、天外乐章×8、命运的足迹×1、阳雷的遥想×1
刻律德菈,属性加成,伤害强化•风,"风属性伤害提高3.2%
（标签：角色等级1）",信用点×2500、预兆似有若无×2
刻律德菈,属性加成,攻击强化,"攻击力提高4%
（标签：角色晋阶2）",信用点×5000、云际音符×3、预兆似有若无×6
刻律德菈,属性加成,伤害强化•风,"风属性伤害提高3.2%
（标签：角色晋阶3）",信用点×10000、空际小节×3、悲鸣由远及近×3
刻律德菈,属性加成,生命强化,"生命值上限提高4%
（标签：角色晋阶3）",信用点×10000、空际小节×3、悲鸣由远及近×3
刻律德菈,属性加成,伤害强化•风,"风属性伤害提高4.8%
（标签：角色晋阶4）",信用点×20000、空际小节×5、悲鸣由远及近×4
刻律德菈,属性加成,攻击强化,"攻击力提高6%
（标签：角色晋阶5）",信用点×45000、天外乐章×3、哀叹漫无止息×3
刻律德菈,属性加成,伤害强化•风,"风属性伤害提高4.8%
（标签：角色晋阶5）",信用点×45000、天外乐章×3、哀叹漫无止息×3
刻律德菈,属性加成,生命强化,"生命值上限提高6%
（标签：角色晋阶6）",信用点×160000、天外乐章×8、哀叹漫无止息×8
刻律德菈,属性加成,攻击强化,"攻击力提高8%
（标签：角色等级75）",信用点×160000、天外乐章×8、哀叹漫无止息×8
刻律德菈,属性加成,伤害强化•风,"风属性伤害提高6.4%
（标签：角色等级80）",信用点×160000、天外乐章×8、哀叹漫无止息×8
加拉赫,普攻,开瓶费/酒花奔涌,"对指定敌方单体造成等同于加拉赫【50%/100%】攻击力的火属性伤害。
（标签：回能 20、战技点 +1、单攻、削韧 10）
对指定敌方单体造成等同于加拉赫【125%/250%】攻击力的火属性伤害。并使目标攻击力降低【10.0%/15.0%】，持续2回合。
（标签：回能 20、战技点 +1、单攻、削韧 30）",信用点×192000、异木种籽×2、蓄梦元件×4、滋长花蜜×6、流梦阀门×5、万相果实×8、造梦马达×5
加拉赫,战技,罐装特调,"立即为指定我方单体回复【200/1,600】点生命值。
（标签：回复、回能 30、战技点 -1）",信用点×522000、蓄梦元件×6、异木种籽×2、滋长花蜜×12、流梦阀门×10、万相果实×23、造梦马达×5、蛀星孕灾的旧恶×3、命运的足迹×1
加拉赫,终结技,香槟仪礼,"使敌方全体陷入【酩酊】状态，持续2回合，同时对敌方全体造成等同于加拉赫【75%/150%】攻击力的火属性伤害，并将下一次普攻强化为【酒花奔涌】。
（标签：能量 110、回能 5、群攻、削韧 20）",信用点×522000、蓄梦元件×6、异木种籽×2、滋长花蜜×12、流梦阀门×10、万相果实×23、造梦马达×5、蛀星孕灾的旧恶×3、命运的足迹×1
加拉赫,天赋,鏖战正酣,"【酩酊】使目标受到的击破伤害提高【6.0%/12.0%】。陷入【酩酊】状态的目标每次受到我方角色攻击后，会回复攻击者【80/640】点生命值。
（标签：回复）",信用点×522000、蓄梦元件×6、异木种籽×2、滋长花蜜×12、流梦阀门×10、万相果实×23、造梦马达×5、蛀星孕灾的旧恶×3、命运的足迹×1
加拉赫,秘技,亲启佳酿,"立即攻击敌人，进入战斗后使敌方全体陷入【酩酊】状态，持续2回合，并对敌方全体造成等同于加拉赫50%攻击力的火属性伤害。
（标签：削韧 20）",
加拉赫,额外能力,崭新配方,"使自身提供的治疗量提高，提高数值等同于击破特攻的50%，最多使提供的治疗量提高75%。
（标签：角色晋阶2）",信用点×4000、异木种籽×2、蛀星孕灾的旧恶×1
加拉赫,额外能力,天然酵母,"施放终结技后，立刻使自己行动提前100%。
（标签：角色晋阶4）",信用点×16000、滋长花蜜×4、命运的足迹×1、蛀星孕灾的旧恶×1
加拉赫,额外能力,敬请干杯,"加拉赫施放【酒花奔涌】攻击陷入【酩酊】状态的目标时，使此次天赋提供的生命回复效果对我方队友也会生效。
（标签：角色晋阶6）",信用点×128000、万相果实×6、命运的足迹×1、蛀星孕灾的旧恶×1
加拉赫,属性加成,效果抵抗强化,"效果抵抗提高4.0%
（标签：角色等级1）",信用点×2000、蓄梦元件×2
加拉赫,属性加成,击破强化,"击破特攻提高5.3%
（标签：角色晋阶2）",信用点×4000、异木种籽×2、蓄梦元件×4
加拉赫,属性加成,效果抵抗强化,"效果抵抗提高4.0%
（标签：角色晋阶3）",信用点×8000、滋长花蜜×2、流梦阀门×2
加拉赫,属性加成,生命强化,"生命值上限提高4.0%
（标签：角色晋阶3）",信用点×8000、滋长花蜜×2、流梦阀门×2
加拉赫,属性加成,效果抵抗强化,"效果抵抗提高6.0%
（标签：角色晋阶4）",信用点×16000、滋长花蜜×4、流梦阀门×3
加拉赫,属性加成,击破强化,"击破特攻提高8.0%
（标签：角色晋阶5）",信用点×36000、万相果实×2、造梦马达×2
加拉赫,属性加成,效果抵抗强化,"效果抵抗提高6.0%
（标签：角色晋阶5）",信用点×36000、万相果实×2、造梦马达×2
加拉赫,属性加成,生命强化,"生命值上限提高6.0%
（标签：角色晋阶6）",信用点×128000、万相果实×6、造梦马达×6
加拉赫,属性加成,效果抵抗强化,"效果抵抗提高8.0%
（标签：角色等级 75）",信用点×128000、万相果实×6、造梦马达×6
加拉赫,属性加成,生命强化,"生命值上限提高8.0%
（标签：角色等级80）",信用点×128000、万相果实×6、造梦马达×6
千冶•刃,普攻,残锋，掠尽/淬锋，断魄,"对指定敌方单体造成等同于千冶·刃【25%/50%】生命上限的火属性伤害，并使目标陷入嘲讽状态，持续1回合。
（标签：单攻、 回能 20、战技点 +1、削韧 10 ）
对指定敌方单体造成等同于千冶·刃【50%/100%】生命上限的火属性伤害，并使目标陷入嘲讽状态，持续1回合。
（标签：单攻、回能 20、战技点 +1、削韧 10）",信用点×240000、法吉娜之泪×3、童真蜡笔×6、法吉娜之酒×8、造梦蘸钢×7、法吉娜之心×11、梦现管锥×7
千冶•刃,战技,刃下，归葬,"消耗等同于千冶·刃生命上限10%的生命值对敌方全体造成等同于千治·刃【36.0%/72.0%】生命上限的火属性伤害，并额外造成4次伤害，每次伤害对随机敌方单体造成等同于千冶·刃【12.0%/24.0%】生命上限的火属性伤害。
若当前生命值不足，施放战技时千冶·刃的当前生命值降低至1点。
未处于【无量忿怒】状态或当前生命值小于等于1时，千冶·刃无法施放战技。
施放战技时不消耗战技点。
（标签：群攻、回能 30、削韧 10+15*4）",信用点×652500、童真蜡笔×9、法吉娜之泪×3、法吉娜之酒×15、造梦蘸钢×13、法吉娜之心×30、梦现管锥×7、灭流绝溢的缄默×3、命运的足迹×2
千冶•刃,终结技,骸骨当炉，血肉即薪/千冶铸一，万劫烬灭,"使敌方全体陷入【煞火缠身】，【煞火缠身】状态下的敌方目标防御力降低【20%/30%】，受到的伤害提高【30%/50%】，持续2回合。随后消耗等同于千冶·刃生命上限20%的生命值展开结界，结界持续期间，千冶·刃获得【无量忿怒】状态。
【无量忿怒】状态下暴击率提高20%，暴击伤害提高【30%/60%】，普攻获得强化，同时解放战技并获得全新终结技【千冶铸一，万劫烬灭】，若受到致命攻击时，不会陷入无法战斗状态，但会解除结界退出【无量忿怒】状态并回复等同于自身50%生命上限的生命值。
获得【无量忿怒】状态时，行动序列上出现对应倒计时，倒计时固定拥有70速度，倒计时回合开始时结界解除且退出【无量忿怒】状态。
若当前生命值不足，施放本技能时千冶·刃的当前生命值降低至1点。
（标签：强化、回能 5、能量 160 ）
对敌方全体造成等同于千冶·刃【210%/350%】生命上限的火属性伤害。
（标签：群攻、回能 5、削韧 20）",信用点×652500、童真蜡笔×9、法吉娜之泪×3、法吉娜之酒×15、造梦蘸钢×13、法吉娜之心×30、梦现管锥×7、灭流绝溢的缄默×3、命运的足迹×2
千冶•刃,天赋,因果尽偿,"结界持续期间，我方目标每次攻击敌方后，使对应敌方目标陷入【煞火缠身】状态并使千冶·刃获得1点充能，当充能达到9点且当前生命值大于1时，消耗9点充能，恢复【15.0/25.0】点能量，并使千冶·刃额外施放1次战技，本次战技视为追加攻击。
（标签：辅助）",信用点×652500、童真蜡笔×9、法吉娜之泪×3、法吉娜之酒×15、造梦蘸钢×13、法吉娜之心×30、梦现管锥×7、灭流绝溢的缄默×3、命运的足迹×2
千冶•刃,秘技,十方无赦,"立即攻击一定范围内的所有敌人，进入战斗后，使敌方全体陷入嘲讽状态，持续1回合，并使自身受到的伤害降低90%，持续2回合。
（标签：削韧 20）",
千冶•刃,额外能力,百炼骨,"千冶•刃可积攒最多80点溢出能量，施放终结技后清空并恢复相应的能量值。战斗开始时或结界解除时，若能量不足75%则立刻恢复至75%。当能量恢复至上限时解除自身所有负面效果。
（标签：角色晋阶2）",信用点×5000、法吉娜之泪×3、灭流绝溢的缄默×1
千冶•刃,额外能力,千锻魂,"结界持续期间，被敌方攻击的概率提高，自身受到的伤害降低50%，受到的治疗量提高50%，且受到攻击后使对应目标陷入【煞火缠身】状态并使千冶•刃获得1点充能。
（标签：角色晋阶4）",信用点×20000、法吉娜之酒×5、命运的足迹×1、灭流绝溢的缄默×1
千冶•刃,额外能力,万淬心,"结界持续期间，我方目标造成的伤害提高50%，我方队伍中存在除千冶•刃之外的「虚无」命途角色时，使我方目标造成的终结技伤害提高75%，否则，使千冶•刃造成的伤害额外提高75%。
（标签：角色晋阶6）",信用点×160000、法吉娜之心×8、命运的足迹×1、灭流绝溢的缄默×1
千冶•刃,属性加成,伤害强化•火,"火属性伤害提高3.2%
（标签：角色等级1）",信用点×2500、童真蜡笔×2
千冶•刃,属性加成,暴击率强化,"暴击率提高2.7%
（标签：角色晋阶2）",信用点×5000、法吉娜之泪×3、童真蜡笔×6
千冶•刃,属性加成,伤害强化•火,"火属性伤害提高3.2%
（标签：角色晋阶3）",信用点×10000、法吉娜之酒×3、造梦蘸钢×3
千冶•刃,属性加成,生命强化,"生命值上限提高4%
（标签：角色晋阶3）",信用点×10000、法吉娜之酒×3、造梦蘸钢×3
千冶•刃,属性加成,伤害强化•火,"火属性伤害提高4.8%
（标签：角色晋阶4）",信用点×20000、法吉娜之酒×5、造梦蘸钢×4
千冶•刃,属性加成,暴击率强化,"暴击率提高4%
（标签：角色晋阶5）",信用点×45000、法吉娜之心×3、梦现管锥×3
千冶•刃,属性加成,伤害强化•火,"火属性伤害提高4.8%
（标签：角色晋阶5）",信用点×45000、法吉娜之心×3、梦现管锥×3
千冶•刃,属性加成,生命强化,"生命值上限提高6%
（标签：角色晋阶6）",信用点×160000、法吉娜之心×8、梦现管锥×8
千冶•刃,属性加成,暴击率强化,"暴击率提高5.3%
（标签：角色等级75）",信用点×160000、法吉娜之心×8、梦现管锥×8
千冶•刃,属性加成,伤害强化•火,"火属性伤害提高6.4%
（标签：角色等级80）",信用点×160000、法吉娜之心×8、梦现管锥×8
卡芙卡,普攻,夜间喧嚣不止,"对指定敌方单体造成等同于卡芙卡【50%/100%】攻击力的雷属性伤害。
（标签：回能 20、战技点 +1、单攻、削韧 10）",信用点×240000、黯淡黑曜×3、掠夺的本能×6、虚空黑曜×8、篡改的野心×7、沉沦黑曜×11、践踏的意志×7
卡芙卡,战技,月光摩挲连绵,"对指定敌方单体造成等同于卡芙卡【80%/160%】攻击力的雷属性伤害，同时对其相邻目标造成等同于卡芙卡【30%/60%】攻击力的雷属性伤害。
若指定敌方单体处于持续伤害状态，其当前承受的所有持续伤害立即产生相当于原伤害【60%/75%】的伤害。
（标签：回能 30、战技点 -1、扩散、削韧 20+10*2）",信用点×652500、掠夺的本能×9、黯淡黑曜×3、虚空黑曜×15、篡改的野心×13、沉沦黑曜×30、践踏的意志×7、无穷假身的遗恨×3、命运的足迹×2
卡芙卡,终结技,悲剧尽头的颤音,"对敌方全体造成等同于卡芙卡【48%/80%】攻击力的雷属性伤害，有100%的基础概率使受到攻击的敌方目标陷入触电状态，并使其当前承受的触电状态立即产生相当于原伤害【80%/100%】的伤害。触电状态持续2回合。
触电状态下，敌方目标每回合开始时受到等同于卡芙卡【116%/290%】攻击力的雷属性持续伤害。
（标签：能量 120、回能 5、群攻、削韧 20）",信用点×652500、掠夺的本能×9、黯淡黑曜×3、虚空黑曜×15、篡改的野心×13、沉沦黑曜×30、践踏的意志×7、无穷假身的遗恨×3、命运的足迹×2
卡芙卡,天赋,温柔亦同残酷,"当卡芙卡的队友对敌方目标施放普攻后，卡芙卡立即发动追加攻击，对该目标造成等同于卡芙卡【42%/140%】攻击力的雷属性伤害，并有100%的基础概率使受到攻击的敌方目标陷入与终结技相同的触电状态，持续2回合，该效果每回合只能触发1次。
（标签：回能 10、单攻、削韧 10）",信用点×652500、掠夺的本能×9、黯淡黑曜×3、虚空黑曜×15、篡改的野心×13、沉沦黑曜×30、践踏的意志×7、无穷假身的遗恨×3、命运的足迹×2
卡芙卡,秘技,宽恕无关慈悲,"立即攻击一定范围内的所有敌人，进入战斗后对敌方全体造成等同于卡芙卡50%攻击力的雷属性伤害，同时有100%的基础概率使敌方每个单体目标陷入与终结技相同的触电状态，持续2回合。
（标签：削韧 20）",
卡芙卡,额外能力,折磨,"施放终结技时，敌方目标由「其当前承受的触电状态立即产生伤害」变更为「其当前承受的所有持续伤害类负面状态立即产生伤害」。
（标签：角色晋阶2）",信用点×5000、黯淡黑曜×3、无穷假身的遗恨×1
卡芙卡,额外能力,掠夺,"触电状态下的敌方目标被消灭时，卡芙卡额外恢复5点能量。
（标签：角色晋阶4）",信用点×20000、虚空黑曜×5、命运的足迹×1、无穷假身的遗恨×1
卡芙卡,额外能力,荆棘,"终结技、秘技与天赋触发的追加攻击使敌方目标陷入的触电状态的基础概率提高30%。
（标签：角色晋阶6）",信用点×160000、沉沦黑曜×8、命运的足迹×1、无穷假身的遗恨×1
卡芙卡,属性加成,攻击强化,"攻击力提高4.0%
（标签：角色等级1）",信用点×2500、掠夺的本能×2
卡芙卡,属性加成,效果命中强化,"效果命中提高4.0%
（标签：角色晋阶2）",信用点×5000、黯淡黑曜×3、掠夺的本能×6
卡芙卡,属性加成,攻击强化,"攻击力提高4.0%
（标签：角色晋阶3）",信用点×10000、虚空黑曜×3、篡改的野心×3
卡芙卡,属性加成,生命强化,"生命值上限提高4.0%
（标签：角色晋阶3）",信用点×10000、虚空黑曜×3、篡改的野心×3
卡芙卡,属性加成,攻击强化,"攻击力提高6.0%
（标签：角色晋阶4）",信用点×20000、虚空黑曜×5、篡改的野心×4
卡芙卡,属性加成,效果命中强化,"效果命中提高6.0%
（标签：角色晋阶5）",信用点×45000、沉沦黑曜×3、践踏的意志×3
卡芙卡,属性加成,攻击强化,"攻击力提高6.0%
（标签：角色晋阶5）",信用点×45000、沉沦黑曜×3、践踏的意志×3
卡芙卡,属性加成,生命强化,"生命值上限提高6.0%
（标签：角色晋阶6）",信用点×160000、沉沦黑曜×8、践踏的意志×8
卡芙卡,属性加成,效果命中强化,"效果命中提高8.0%
（标签：角色等级75）",信用点×160000、沉沦黑曜×8、践踏的意志×8
卡芙卡,属性加成,攻击强化,"攻击力提高8.0%
（标签：角色等级80）",信用点×160000、沉沦黑曜×8、践踏的意志×8
卢卡,普攻,直冲拳/直冲碎天拳,"对指定敌方单体造成等同于卢卡【50%/100%】攻击力的物理属性伤害。
（标签：回能 20、战技点 +1、单攻、削韧 10）
消耗2层【斗志】，先使用【直冲拳】施放3段攻击，每段攻击对指定敌方单体造成等同于卢卡【10%/20%】攻击力的物理属性伤害。再使用【碎天拳】施放1段攻击，对指定敌方单体造成等同于卢卡【40%/80%】攻击力的物理属性伤害。
（标签：回能 20、战技点 +1 、单攻、削韧 20）",信用点×192000、黯淡黑曜×2、古代零件×4、虚空黑曜×6、古代转轴×5、沉沦黑曜×8、古代引擎×5
卢卡,战技,裂伤拳,"对指定敌方单体造成等同于卢卡【60%/120%】攻击力的物理属性伤害，随后有100%的基础概率使目标陷入裂伤状态，持续3回合。裂伤状态下，敌方目标每回合开始时受到等同于自身24.0%生命上限的物理属性持续伤害，最多不超过卢卡攻击力的【130%/338%】。
（标签：回能 30、战技点 -1、单攻、削韧 20）",信用点×522000、古代零件×6、黯淡黑曜×2、虚空黑曜×12、古代转轴×10、沉沦黑曜×23、古代引擎×5、无穷假身的遗恨×3、命运的足迹×1
卢卡,终结技,制胜一击,"获得2层【斗志】，并有100%的基础概率使指定敌方单体受到的伤害提高【12.0%/20.0%】，持续3回合，随后对该目标造成等同于卢卡【198%/330%】攻击力的物理属性伤害。
（标签：能量 130、回能 5、单攻、削韧 30）",信用点×522000、古代零件×6、黯淡黑曜×2、虚空黑曜×12、古代转轴×10、沉沦黑曜×23、古代引擎×5、无穷假身的遗恨×3、命运的足迹×1
卢卡,天赋,火花四溅,"卢卡在施放普攻【直冲拳】和战技【裂伤拳】后，获得1层【斗志】，最多可持有4层【斗志】。当持有的【斗志】大于等于2层时，普攻【直冲拳】强化为【直冲碎天拳】。当强化普攻的【碎天拳】击中陷入裂伤状态下的敌方目标后，则使其当前承受的裂伤状态立即产生1次相当于原伤害【68%/85%】的伤害。战斗开始时，卢卡持有1层【斗志】。
（标签：强化）",信用点×522000、古代零件×6、黯淡黑曜×2、虚空黑曜×12、古代转轴×10、沉沦黑曜×23、古代引擎×5、无穷假身的遗恨×3、命运的足迹×1
卢卡,秘技,抢先者,"立即攻击敌人，进入战斗后对敌方随机单体造成等同于卢卡50%攻击力的物理属性伤害，并有100%的基础概率使目标陷入与战技相同的裂伤状态。随后卢卡额外获得1层【斗志】。
（标签：削韧 20）",
卢卡,额外能力,动能过载,"施放战技时，立即解除敌方目标1个增益效果。
（标签：角色晋阶2）",信用点×4000、黯淡黑曜×2、无穷假身的遗恨×1
卢卡,额外能力,循环制动,"每获得1层【斗志】，额外恢复3点能量。
（标签：角色晋阶4）",信用点×16000、虚空黑曜×4、命运的足迹×1、无穷假身的遗恨×1
卢卡,额外能力,粉碎斗志,"施放强化普攻时，【直冲拳】的每1段攻击都有50%的固定概率使卢卡额外施放1段攻击。此效果对额外施放的攻击不会生效。
（标签：角色晋阶6）",信用点×128000、沉沦黑曜×6、命运的足迹×1、无穷假身的遗恨×1
卢卡,属性加成,攻击强化,"攻击力提高4.0%
（标签：角色等级1）",信用点×2000、古代零件×2
卢卡,属性加成,效果命中强化,"效果命中提高4.0%
（标签：角色晋阶2）",信用点×4000、黯淡黑曜×2、古代零件×4
卢卡,属性加成,攻击强化,"攻击力提高4.0%
（标签：角色晋阶3）",信用点×8000、虚空黑曜×2、古代转轴×2
卢卡,属性加成,防御强化,"防御力提高5.0%
（标签：角色晋阶3）",信用点×8000、虚空黑曜×2、古代转轴×2
卢卡,属性加成,攻击强化,"攻击力提高6.0%
（标签：角色晋阶4）",信用点×16000、虚空黑曜×4、古代转轴×3
卢卡,属性加成,效果命中强化,"效果命中提高6.0%
（标签：角色晋阶5）",信用点×36000、沉沦黑曜×2、古代引擎×2
卢卡,属性加成,攻击强化,"攻击力提高6.0%
（标签：角色晋阶5）",信用点×36000、沉沦黑曜×2、古代引擎×2
卢卡,属性加成,粉碎斗志,"防御力提高7.5%
（标签：角色晋阶6）",信用点×128000、沉沦黑曜×6、古代引擎×6
卢卡,属性加成,效果命中强化,"效果命中提高8.0%
（标签：角色等级75）",信用点×128000、沉沦黑曜×6、古代引擎×6
卢卡,属性加成,攻击强化,"攻击力提高8.0%
（标签：角色等级80）",信用点×128000、沉沦黑曜×6、古代引擎×6
吉尔伽美什,普攻,漫不经心,"对指定敌方单体造成等同于吉尔伽美什【50%/100%】攻击力的雷属性伤害。
（标签：单攻、回能 20、战技点 +1、 削韧 10）",信用点×240000、四相，过河照君×3、熄灭原核×6、六合，王手飞车×8、微光原核×7、万色，愚者自将×11、蠢动原核×7
吉尔伽美什,战技,王之财宝,"获得【王来承认】，使自身造成伤害时无视目标【15%/30%】的防御力，持续3回合。
对指定敌方单体造成等同于吉尔伽美什【140%/280%】攻击力的雷属性伤害，对相邻目标造成等同于吉尔伽美什【70%/140%】攻击力的雷属性伤害。
（标签：扩散、回能 30、 削韧 20+10*2）",信用点×652500、熄灭原核×9、四相，过河照君×3、六合，王手飞车×15、微光原核×13、万色，愚者自将×30、蠢动原核×7、守护者的悲愿×3、命运的足迹×2
吉尔伽美什,终结技,天地乖离•开辟之星,"对敌方全体造成等同于吉尔伽美什【200%/400%】攻击力的雷属性伤害。并额外造成10次伤害，每次对敌方随机单体造成等同于吉尔伽美什【50%/100%】攻击力的雷属性伤害。
（标签：群攻、回能 5、消耗能量 360、 削韧 40+2*n）",信用点×652500、熄灭原核×9、四相，过河照君×3、六合，王手飞车×15、微光原核×13、万色，愚者自将×30、蠢动原核×7、守护者的悲愿×3、命运的足迹×2
吉尔伽美什,天赋,「尽情取悦本王吧」/「本王允许你进攻」,"我方队友施放终结技时，吉尔伽美什获得【王来背负】，使自身造成的终结技伤害提高20%，持续3回合。
初始自身回合开始时自动施放普攻。我方其他目标行动时，吉尔伽美什获得1点【兴致】，每拥有1点【兴致】使自身速度提高10%。
当【兴致】首次达到10点时，进入【来兴致了！】状态，该状态下仅能施放战技，且持续整场战斗。施放战技后，清空自身【兴致】。
（标签：强化、回能 10）
吉尔伽美什或Saber攻击时累计1点攻击计数，任意单位攻击后若累计攻击计数达到8，吉尔伽美什和Saber发动连携追加攻击，对敌方全体分别造成等同于吉尔伽美什【200%/400%】攻击力的雷属性伤害以及Saber【300%/600%】攻击力的风属性伤害，随后吉尔伽美什获得3点【兴致】，Saber固定恢复120点能量并使自身下一次施放终结技时，造成的伤害为原伤害的【120%/200%】。
施放连携追加攻击后清空累计攻击计数。
（标签：群攻、回能 10、 削韧 20）",信用点×652500、熄灭原核×9、四相，过河照君×3、六合，王手飞车×15、微光原核×13、万色，愚者自将×30、蠢动原核×7、守护者的悲愿×3、命运的足迹×2
吉尔伽美什,秘技,天之锁,"使用秘技后，制造1片持续10秒的特殊领域，处于特殊领域内的敌人陷入【王来允许】状态，【王来允许】状态下的敌人会停止所有行动。
主动攻击陷入【王来允许】的敌人进入战斗时，使所有处于【王来允许】状态的敌人同时进入战斗，进入战斗后对敌方全体造成等同于吉尔伽美什200%攻击力的雷属性伤害，且吉尔伽美什立即获得3点【兴致】。我方制造的领域效果最多存在1个。
（标签：妨害）",
吉尔伽美什,额外能力,史诗的源头,"吉尔伽美什施放终结技时，获得2点【兴致】。我方其他角色施放终结技时，吉尔伽美什额外获得2点【兴致】，并固定恢复等同于本次消耗能量值30%的能量。
（标签：角色晋阶2）",信用点×5000、四相，过河照君×3、守护者的悲愿×1
吉尔伽美什,额外能力,英雄的孤傲,"本场战斗中，吉尔伽美什每获得1点【兴致】，使自身暴击伤害提高25%，该效果最多叠加6层。
（标签：角色晋阶4）",信用点×20000、六合，王手飞车×5、命运的足迹×1、守护者的悲愿×1
吉尔伽美什,额外能力,王霸的竞逐,"吉尔伽美什在场时，使我方全体目标攻击力提高20%，暴击伤害提高20%。若目标能量上限大于140，每超过1点能量上限使攻击力和暴击伤害额外提高1%，最多额外提高100%。
（标签：角色晋阶6）",信用点×160000、万色，愚者自将×8、命运的足迹×1、守护者的悲愿×1
吉尔伽美什,属性加成,暴击率强化,"暴击率提高2.7%
（标签：角色等级1）",信用点×2500、熄灭原核×2
吉尔伽美什,属性加成,攻击强化,"攻击力提高4%
（标签：角色晋阶2）",信用点×5000、四相，过河照君×3、熄灭原核×6
吉尔伽美什,属性加成,暴击率强化,"暴击率提高2.7%
（标签：角色晋阶3）",信用点×10000、六合，王手飞车×3、微光原核×3
吉尔伽美什,属性加成,伤害强化•雷,"雷属性伤害提高3.2%
（标签：角色晋阶3）",信用点×10000、六合，王手飞车×3、微光原核×3
吉尔伽美什,属性加成,暴击率强化,"暴击率提高4%
（标签：角色晋阶4）",信用点×20000、六合，王手飞车×5、微光原核×4
吉尔伽美什,属性加成,攻击强化,"攻击力提高6%
（标签：角色晋阶5）",信用点×45000、万色，愚者自将×3、蠢动原核×3
吉尔伽美什,属性加成,暴击率强化,"暴击率提高4%
（标签：角色晋阶5）",信用点×45000、万色，愚者自将×3、蠢动原核×3
吉尔伽美什,属性加成,伤害强化•雷,"雷属性伤害提高4.8%
（标签：角色晋阶6）",信用点×160000、万色，愚者自将×8、蠢动原核×8
吉尔伽美什,属性加成,攻击强化,"攻击力提高8%
（标签：角色等级75）",信用点×160000、万色，愚者自将×8、蠢动原核×8
吉尔伽美什,属性加成,暴击率强化,"暴击率提高5.3%
（标签：角色等级80）",信用点×160000、万色，愚者自将×8、蠢动原核×8
大丽花,普攻,拨弄…记忆绽开裂隙,"对指定敌方单体造成等同于大丽花【50%/100%】攻击力的火属性伤害。
（标签：回能 20、战技点 1、单攻、削韧 10）",信用点×240000、炽情之灵×3、思绪末屑×6、星火之精×8、印象残晶×7、焚天之魔×11、欲念碎镜×7
大丽花,战技,舔舐…背叛伸出火舌,"开启结界，持续3回合，大丽花回合开始时持续回合数减1。随后对指定敌方单体及其相邻目标造成等同于大丽花【80%/160%】攻击力的火属性伤害。
结界持续期间，我方全体的弱点击破效率提高50%，敌方目标未处于弱点击破状态时承受的削韧值也能够转化为超击破伤害。
（标签：回能 30、战技点 -1、扩散、削韧 10+10*2 ）",信用点×652500、思绪末屑×9、炽情之灵×3、星火之精×15、印象残晶×13、焚天之魔×30、欲念碎镜×7、灭流绝溢的缄默×3、命运的足迹×2
大丽花,终结技,沉溺…飞灰邀入墓床,"使敌方全体陷入【败谢】状态，持续4回合。随后造成等同于大丽花【180%/300%】攻击力的火属性伤害，由敌方全体均分。
【败谢】状态下，敌方目标防御力降低【8%/18%】，并且会被添加所有【共舞者】属性的弱点。
（标签：能量 130、回能 5、群攻、削韧 20）",信用点×652500、思绪末屑×9、炽情之灵×3、星火之精×15、印象残晶×13、焚天之魔×30、欲念碎镜×7、灭流绝溢的缄默×3、命运的足迹×2
大丽花,天赋,谁在害怕康士坦丝？,"进入战斗时，大丽花恢复35点能量，并使自身和另一位开战的队友共同成为【共舞者】。每当场上不存在另一位【共舞者】时，使自身和击破特攻最高的队友共同成为【共舞者】。【共舞者】攻击处于弱点击破状态的敌方目标后，会将本次攻击的削韧值转化为1次【30%/60%】的超击破伤害。
敌方目标受到另一位【共舞者】攻击后，大丽花发动追加攻击，造成5次伤害，每次对敌方随机单体造成等同于大丽花【15%/30%】 攻击力的火属性伤害。每次对处于弱点击破状态的敌方目标造成伤害后，会将本次伤害的削韧值转化为1次【100%/200%】 的超击破伤害。
该效果每回合最多触发1次，若追加攻击施放前目标被消灭则对敌方随机单体发动。
（标签：回能 2、弹射、削韧 3*5）",信用点×652500、思绪末屑×9、炽情之灵×3、星火之精×15、印象残晶×13、焚天之魔×30、欲念碎镜×7、灭流绝溢的缄默×3、命运的足迹×2
大丽花,秘技,心，是最好的坟茔,"使用秘技后，制造1片持续20秒的特殊领域。处于特殊领域内的敌人不会主动攻击我方目标。与处于特殊领域内的敌人进入战斗后，大丽花立即开启战技的结界，并且对处于弱点击破状态的敌方目标，会将开战削韧值转化为1次60%的超击破伤害。
我方制造的领域效果最多存在1个。
（标签：妨害）",
大丽花,额外能力,又一场葬礼,进入战斗时，使其他角色的击破特攻提高，提高数值等同于24%大丽花的击破特攻+50%，持续1回合。当大丽花受到队友提供的治疗效果或护盾时，再次触发该效果，持续3回合，单个回合内不可重复触发。,信用点×5000、炽情之灵×3、灭流绝溢的缄默×1
大丽花,额外能力,致哀，故人,施放天赋的追加攻击时，为我方恢复1个战技点，该效果每施放2次天赋的追加攻击可触发1次。,信用点×20000、星火之精×5、命运的足迹×1、灭流绝溢的缄默×1
大丽花,额外能力,弃旧，恋新,我方目标为敌方目标添加弱点时，速度提高30%，持续2回合。若我方火属性角色施放攻击期间添加过弱点，则攻击后对每个添加弱点的目标额外造成20点火属性固定削韧，并恢复10%能量上限的能量，最多通过此效果恢复至能量上限的50%。,信用点×160000、焚天之魔×8、命运的足迹×1、灭流绝溢的缄默×1
大丽花,属性加成,击破强化,击破特攻提高5.3%,信用点×2500、思绪末屑×2
大丽花,属性加成,效果抵抗强化,效果抵抗提高4%,信用点×5000、炽情之灵×3、思绪末屑×6
大丽花,属性加成,击破强化,击破特攻提高5.3%,信用点×10000、星火之精×3、印象残晶×3
大丽花,属性加成,速度强化,速度提高2,信用点×10000、星火之精×3、印象残晶×3
大丽花,属性加成,击破强化,击破特攻提高8%,信用点×20000、星火之精×5、印象残晶×4
大丽花,属性加成,效果抵抗强化,效果抵抗提高6%,信用点×45000、焚天之魔×3、欲念碎镜×3
大丽花,属性加成,击破强化,击破特攻提高8%,信用点×45000、焚天之魔×3、欲念碎镜×3
大丽花,属性加成,速度强化,速度提高3,信用点×160000、焚天之魔×8、欲念碎镜×8
大丽花,属性加成,效果抵抗强化,效果抵抗提高8%,信用点×160000、焚天之魔×8、欲念碎镜×8
大丽花,属性加成,击破强化,击破特攻提高10.7%,信用点×160000、焚天之魔×8、欲念碎镜×8
大黑塔,普攻,开窍了吗,"对指定敌方单体造成等同于大黑塔【50%/100%】攻击力的冰属性伤害。
（标签：回能 20、战技点 +1、单攻、削韧 10）",信用点×240000、凌乱草图×3、熄灭原核×6、动态线稿×8、微光原核×7、精致色稿×11、蠢动原核×7
大黑塔,战技,格局打开/我有一个大胆的想法,"对指定敌方单体造成等同于大黑塔【35%/70%】攻击力的冰属性伤害并施加1层【解读】。对本次战技命中过的目标及其相邻目标造成等同于大黑塔【35%/70%】攻击力的冰属性伤害，该效果可重复2次。
（标签：回能 30、战技点 -1、一段单体、二段群体、一段削韧 15、二段削韧 5+10*2）
消耗1层【灵感】，对指定敌方单体造成等同于大黑塔【40%/80%】攻击力的冰属性伤害并施加1层【解读】。对本次战技中被击中过的目标及其相邻目标造成等同于大黑塔【40%/80%】攻击力的冰属性伤害，重复2次，最后，对所有敌方目标造成等同于大黑塔【20%/40%】攻击力的冰属性伤害。
（标签：回能 30、战技点 -1、一段单体、二段群体、一段削韧 20、二段削韧 5+10*2）",信用点×652500、熄灭原核×9、凌乱草图×3、动态线稿×15、微光原核×13、精致色稿×30、蠢动原核×7、吉光片羽×3、命运的足迹×2
大黑塔,终结技,早说了是魔法吧,"将敌方全体的【解读】层数重新排序，较高层数的【解读】将优先转移到精英级别及以上的目标，并对敌方全体造成等同于大黑塔【100%/200%】攻击力的冰属性伤害。终结技施放时，使大黑塔攻击力提高【40%/80%】，持续3回合，施放后使大黑塔立即行动，并获得1层【灵感】。【灵感】最多持有4层，持有【灵感】时，战技强化为【我有一个大胆的想法】。
（标签：能量 220、回能 5、群攻、削韧 20）",信用点×652500、熄灭原核×9、凌乱草图×3、动态线稿×15、微光原核×13、精致色稿×30、蠢动原核×7、吉光片羽×3、命运的足迹×2
大黑塔,天赋,拿来吧你,"敌方目标进入战斗时，大黑塔对其施加1层【解读】。每个波次开始时，对一个随机敌方目标施加25层【解读】，优先施加给精英级别及以上的目标。强化战技的主目标持有【解读】时，造成的伤害倍率提高，每层对主目标/其他目标提高【【4%/8%】/【2%/4%】】，若队伍中的「智识」命途角色大于等于2名，每层额外对主目标/其他目标提高【【4%/8%】/【2%/4%】】。【解读】最多可叠加42层，使用强化战技时，将主目标的【解读】重置为1层。敌方目标离场或被任意单位消灭后，【解读】会被转移，优先转移到精英级别及以上的目标。
（标签：强化）",信用点×652500、熄灭原核×9、凌乱草图×3、动态线稿×15、微光原核×13、精致色稿×30、蠢动原核×7、吉光片羽×3、命运的足迹×2
大黑塔,秘技,看看好看的,"使用秘技后，下一次战斗开始时大黑塔攻击力提高60%，持续2回合。若当前场景存在普通战利品，使用秘技后标记最多3个普通战利品的位置。在模拟宇宙、差分宇宙中使用秘技进入战斗后，每个波次开始时对精英级别以下的敌方目标造成等同于目标99%生命上限的真实伤害，对精英级别及以上的目标造成等同于目标30%生命上限的真实伤害。
（标签：强化）",
大黑塔,额外能力,冷漠的诚实,"我方目标攻击时，对被击中的敌方目标施加1层【解读】。攻击后，本次攻击每击中1个目标就使大黑塔固定恢复3点能量，最多计算5个目标。施放强化战技时，若主目标的【解读】层数达到42，使大黑塔造成的伤害提高50%，持续到本次攻击结束。
（标签：角色晋阶2）",信用点×5000、凌乱草图×3、吉光片羽×1
大黑塔,额外能力,视界外来信,"进入战斗时，若队伍中的「智识」命途角色大于等于2名，使我方全体暴击伤害提高80%，行迹【冷漠的诚实】计算击中目标数时至少计算3个目标，攻击后对被击中的敌方目标中【解读】层数最高的目标施加1层【解读】，若攻击者为「智识」命途角色则额外施加2层【解读】。
（标签：角色晋阶4）",信用点×20000、动态线稿×5、命运的足迹×1、吉光片羽×1
大黑塔,额外能力,饥饿的地景,"敌方目标每被施加1层【解读】，大黑塔获得1层【谜底】，最多叠加99层。施放终结技时，每持有1层【谜底】，使本次终结技的伤害倍率提高1%。
（标签：角色晋阶6）",信用点×160000、精致色稿×8、命运的足迹×1、吉光片羽×1
大黑塔,属性加成,伤害强化·冰,"冰属性伤害提高3.2%
（标签：角色等级1）",信用点×2500、熄灭原核×2
大黑塔,属性加成,攻击强化,"攻击力提高4%
（标签：角色晋阶2）",信用点×5000、凌乱草图×3、熄灭原核×6
大黑塔,属性加成,伤害强化·冰,"冰属性伤害提高3.2%
（标签：角色晋阶3）",信用点×10000、动态线稿×3、微光原核×3
大黑塔,属性加成,速度强化,"速度提高2
（标签：角色晋阶3）",信用点×10000、动态线稿×3、微光原核×3
大黑塔,属性加成,伤害强化·冰,"冰属性伤害提高4.8%
（标签：角色晋阶3）",信用点×20000、动态线稿×5、微光原核×4
大黑塔,属性加成,攻击强化,"攻击力提高6%
（标签：角色晋阶4）",信用点×45000、精致色稿×3、蠢动原核×3
大黑塔,属性加成,伤害强化·冰,"冰属性伤害提高4.8%
（标签：角色晋阶4）",信用点×45000、精致色稿×3、蠢动原核×3
大黑塔,属性加成,速度强化,"速度提高3
（标签：角色晋阶6）",信用点×160000、精致色稿×8、蠢动原核×8
大黑塔,属性加成,攻击强化,"攻击力提高8%
（标签：角色等级75）",信用点×160000、精致色稿×8、蠢动原核×8
大黑塔,属性加成,伤害强化·冰,"冰属性伤害提高6.4%
（标签：角色等级80）",信用点×160000、精致色稿×8、蠢动原核×8
姬子,普攻,武装调律,"对指定敌方单体造成等同于姬子【50%/100%】攻击力的火属性伤害。
（标签：回能 20、战技点 +1、单攻、削韧 10）",信用点×240000、灵感之钥×3、熄灭原核×6、启迪之钥×8、微光原核×7、智识之钥×11、蠢动原核×7
姬子,战技,熔核爆裂,"对指定敌方单体造成等同于姬子【100%/200%】攻击力的火属性伤害，同时对其相邻目标造成等同于姬子【40%/80%】攻击力的火属性伤害。
（标签：回能 30、战技点 -1、扩散、削韧 20+10*2）",信用点×652500、熄灭原核×9、灵感之钥×3、启迪之钥×15、微光原核×13、智识之钥×30、蠢动原核×7、毁灭者的末路×3、命运的足迹×2
姬子,终结技,天坠之火,"对敌方全体造成等同于姬子【138%/230%】攻击力的火属性伤害，每消灭1个敌方目标额外恢复姬子5点能量。
（标签：能量 120、回能 5、群攻、削韧 20）",信用点×652500、熄灭原核×9、灵感之钥×3、启迪之钥×15、微光原核×13、智识之钥×30、蠢动原核×7、毁灭者的末路×3、命运的足迹×2
姬子,天赋,乘胜追击,"当有敌方目标的弱点被击破时，姬子获得充能，上限3点。当我方目标施放攻击后，若姬子的充能达到上限则立即发动1次追加攻击，对敌方全体目标造成等同于姬子【70%/140%】火属性伤害，并消耗全部充能。战斗开始时获得1点充能。
（标签：回能 10、群攻、削韧 10）",信用点×652500、熄灭原核×9、灵感之钥×3、启迪之钥×15、微光原核×13、智识之钥×30、蠢动原核×7、毁灭者的末路×3、命运的足迹×2
姬子,秘技,不完全燃烧,"使用秘技后，制造1片持续15秒的特殊领域。与处于特殊领域内的敌人进入战斗后，有100%的基础概率使敌方目标受到的火属性伤害提高10%，持续2回合。我方制造的领域效果最多存在1个。
（标签：妨害）",
姬子,额外能力,星火,"施放攻击后，有50%的基础概率使敌方目标陷入灼烧状态，持续2回合。灼烧状态下，敌方目标每回合开始时受到等同于姬子30%攻击力的火属性持续伤害。
（标签：角色晋阶2）",信用点×5000、灵感之钥×3、毁灭者的末路×1
姬子,额外能力,灼热,战技对灼烧状态下的敌方目标造成的伤害提高20%。,信用点×20000、启迪之钥×5、命运的足迹×1、毁灭者的末路×1
姬子,额外能力,道标,"若当前生命值百分比大于等于80%，则暴击率提高15%。
（标签：角色晋阶6）",信用点×160000、智识之钥×8、命运的足迹×1、毁灭者的末路×1
姬子,属性加成,伤害强化·火,"火元素伤害提高3.2%
（标签：角色等级1）",信用点×2500、熄灭原核×2
姬子,属性加成,攻击强化,（标签：角色晋阶2）,信用点×5000、灵感之钥×3、熄灭原核×6
姬子,属性加成,伤害强化·火,"火属性伤害提高3.2%
（标签：角色晋阶3）",信用点×10000、启迪之钥×3、微光原核×3
姬子,属性加成,效果抵抗强化,"效果抵抗提高4.0%
（标签：角色晋阶3）",信用点×10000、启迪之钥×3、微光原核×3
姬子,属性加成,伤害强化·火,"火元素伤害提高4.8%
（标签：角色晋阶4）",信用点×20000、启迪之钥×5、微光原核×4
姬子,属性加成,攻击强化,"攻击力提高6.0%
（标签：角色晋阶5）",信用点×45000、智识之钥×3、蠢动原核×3
姬子,属性加成,伤害强化·火,"火元素伤害提高4.8%
（标签：角色晋阶5）",信用点×45000、智识之钥×3、蠢动原核×3
姬子,属性加成,效果抵抗强化,"效果抵抗提高6.0%
（标签：角色晋阶6）",信用点×160000、智识之钥×8、蠢动原核×8
姬子,属性加成,攻击强化,"攻击力提高8.0%
（标签：角色等级75）",信用点×160000、智识之钥×8、蠢动原核×8
姬子,属性加成,伤害强化·火,"火元素伤害提高6.4%
（标签：角色等级80）",信用点×160000、智识之钥×8、蠢动原核×8
姬子•启行,普攻,点燃第一里航标,"对敌方单体造成等同于姬子•启行【50%/100%】攻击力的火属性伤害。
（标签：普攻、削韧 10、回能 10、战技点 +1 ）",信用点×240000、天体模型×3、童真蜡笔×6、星系框架×8、造梦蘸钢×7、银河沙盘×11、梦现管锥×7
姬子•启行,战技,升起领航的烽火,"施放战技后立即恢复所有助战技使用次数，姬子•启行获得【领航旗语】，持续3回合，姬子•启行每回合开始时持续回合数减1。当姬子•启行拥有【领航旗语】时，我方全体造成的伤害提高【10%/20%】，每个回合开始时，立即恢复1次助战技使用次数。
（标签：辅助、回能 30）",信用点×652500、童真蜡笔×9、天体模型×3、星系框架×15、造梦蘸钢×13、银河沙盘×30、梦现管锥×7、灭流绝溢的缄默×3、命运的足迹×2
姬子•启行,终结技,我们，亦是逐星的巨人/超频粒子光束/轨道歼灭脉冲,"立即操控「拓星者」，「拓星者」拥有可对敌方发动6次的【超频粒子光束】或消耗【源能】发动的【轨道歼灭脉冲】，对指定敌方单体最多造成等同于姬子•启行【381%/762%】攻击力的火属性伤害，对其他目标最多造成等同于姬子•启行【126%/252%】攻击力的火属性伤害。
当【超频粒子光束】次数耗尽时，会自动发动【轨道歼灭脉冲】，随后发动最后一击，造成3次伤害，每次伤害对敌方随机单体造成等同于姬子•启行【40%/80%】攻击力的火属性伤害。
施放【超频粒子光束】或【轨道歼灭脉冲】对场上所有敌方造成致命伤害或敌方无法被继续削减生命值时，会立即发动最后一击。
（标签：群攻、削韧 48、回能 5、能量 150）
对敌方全体造成等同于姬子•启行【16%/32%】攻击力的火属性伤害，获得1点【源能】，【源能】最多获得3个。
（标签：群攻、削韧 2、获得 1点【源能】）
消耗1点【源能】对敌方全体造成等同于姬子•启行【10%/20%】攻击力的火属性伤害。当前【源能】大于1点时，每消耗1点【源能】，额外对敌方随机单体造成1次等同于姬子•启行【15%/30%】攻击力的火属性伤害。
（标签：群攻、削韧 2、消耗 所有【源能】）",信用点×652500、童真蜡笔×9、天体模型×3、星系框架×15、造梦蘸钢×13、银河沙盘×30、梦现管锥×7、灭流绝溢的缄默×3、命运的足迹×2
姬子•启行,天赋,共赴灼热的远征/开拓，与你同行,"姬子•启行在场时立即展开境界【拓星视界】，场上出现「拓星者」，并使我方全体角色获得1次助战技使用次数。我方角色可使用助战技呼唤「拓星者」攻击敌人。
使用助战技视为姬子•启行施放了战技，姬子•启行获得全属性抗性穿透提高【10%/20%】、暴击伤害提高【40%/80%】，攻击时可无视弱点属性削减敌方韧性，击破弱点时，触发火属性的弱点击破效果。
除姬子•启行外的我方角色使用助战技时，会使其恢复4点能量。
（标签：强化）
对敌方全体造成等同于姬子•启行【80%/160%】攻击力的火属性伤害，额外造成3次伤害，每次伤害对敌方随机单体造成等同于姬子•启行【12%/24%】攻击力的火属性伤害。姬子•启行使用时，对敌方全体造成等同于姬子•启行【100%/200%】攻击力的火属性伤害，额外造成4次伤害，每次伤害对敌方随机单体造成等同于姬子•启行【18%/32%】攻击力的火属性伤害。
若使用者为姬子•启行外的开拓同行角色，则根据使用者的不同，姬子•启行额外获得特殊效果的其中1种。
所有特殊效果发动的额外助战技单场战斗中最多发动2次，姬子•启行施放终结技后刷新发动次数。
特殊效果1：同行协议：裁决 进入【同行协议：裁决】状态。姬子•启行造成的伤害提高【50%/100%】，造成的终结技伤害额外提高【50%/100%】。姬子•启行的队友主动施放2次终结技后，姬子•启行立即对敌方发动1次无消耗的助战技。适用角色：开拓者、丹恒、丹恒•饮月、丹恒•腾荒、星期日
特殊效果2：同行协议：歼破 进入【同行协议：歼破】状态。我方全体暴击伤害提高【50%/100%】，战技造成的暴击伤害额外提高【50%/100%】。我方每击中1名敌方目标均可获得1点充能，当充能到达9点后消耗所有充能，姬子•启行立即对敌方发动1次无消耗的助战技。本次助战技无法获得充能。适用角色：三月七、长夜月、瓦尔特、姬子
（标签：助战技、群攻、专属）",信用点×652500、童真蜡笔×9、天体模型×3、星系框架×15、造梦蘸钢×13、银河沙盘×30、梦现管锥×7、灭流绝溢的缄默×3、命运的足迹×2
姬子•启行,秘技,拓星巡航,"姬子•启行在队伍中时，使秘技点上限提高3点。
使用秘技后进入持续30秒的【巡航】状态，主动施放秘技消耗2点秘技点，立即攻击一定范围内的所有敌人。进入战斗后，每个波次开始时立即施放1次战技。
若攻击普通敌人则立即将其消灭，不会进入战斗。未击中敌人时不消耗秘技点。
（标签：强化 ）",
姬子•启行,额外能力,人类该向何处去,"姬子•启行使用助战技不消耗助战技使用次数。回合开始时，若当前助战技使用次数等于当前使用次数上限，姬子•启行额外恢复5点能量。
（标签：角色晋阶2）",信用点×5000、天体模型×3、灭流绝溢的缄默×1
姬子•启行,额外能力,列车的脉搏在轰鸣,"除姬子•启行外的开拓同行角色使用助战技时，该角色会立即获得1个可插入施放终结技的额外回合，因助战技获得的额外回合不会重复触发此行迹效果。
（标签：角色晋阶4）",信用点×20000、星系框架×5、命运的足迹×1、灭流绝溢的缄默×1
姬子•启行,额外能力,银轨在旷古中静默,"施放终结技时，立即获得3点【源能】。若当前【源能】大于等于3点施放【轨道歼灭脉冲】攻击时，【轨道歼灭脉冲】对敌方随机单体造成的伤害倍率提高30%。
（标签：角色晋阶6）",信用点×160000、银河沙盘×8、命运的足迹×1、灭流绝溢的缄默×1
姬子•启行,属性加成,攻击强化,"攻击力提高4%
（标签：角色等级1）",信用点×2500、童真蜡笔×2
姬子•启行,属性加成,暴击率强化,"暴击率提高2.7%
（标签：角色晋阶2）",信用点×5000、天体模型×3、童真蜡笔×6
姬子•启行,属性加成,攻击强化,"攻击力提高4%
（标签：角色晋阶3）",信用点×10000、星系框架×3、造梦蘸钢×3
姬子•启行,属性加成,伤害强化·火,"火属性伤害提高3.2%
（标签：角色晋阶3）",信用点×10000、星系框架×3、造梦蘸钢×3
姬子•启行,属性加成,攻击强化,"攻击力提高6%
（标签：角色晋阶4）",信用点×20000、星系框架×5、造梦蘸钢×4
姬子•启行,属性加成,暴击率强化,"暴击率提高4%
（标签：角色晋阶5）",信用点×45000、银河沙盘×3、梦现管锥×3
姬子•启行,属性加成,攻击强化,"攻击力提高6%
（标签：角色晋阶5）",信用点×45000、银河沙盘×3、梦现管锥×3
姬子•启行,属性加成,伤害强化·火,"火属性伤害提高4.8%
（标签：角色晋阶6）",信用点×160000、银河沙盘×8、梦现管锥×8
姬子•启行,属性加成,暴击率强化,"暴击率提高5.3%
（标签：角色等级75）",信用点×160000、银河沙盘×8、梦现管锥×8
姬子•启行,属性加成,攻击强化,"攻击力提高8%
（标签：角色等级80）",信用点×160000、银河沙盘×8、梦现管锥×8
娜塔莎,普攻,仁慈的背面,"对指定敌方单体造成等同于娜塔莎【50%/100%】攻击力的物理属性伤害。
（标签：回能 20、单攻、削韧 10、战技点+1）",信用点×192000、丰饶之种×2、古代零件×4、生命之芽×6、古代转轴×5、永恒之花×8、古代引擎×5
娜塔莎,战技,爱，救护与抉择,"立即为指定我方单体回复等同于娜塔莎【7.0%/10.5%】生命上限+【70/280】的生命值，同时每回合开始时为其回复等同于娜塔莎【4.8%/7.2%】生命上限+【48/192】的生命值，持续2回合。
（标签：回能 30、战技点 -1、回复）",信用点×522000、古代零件×6、丰饶之种×2、生命之芽×12、古代转轴×10、永恒之花×23、古代引擎×5、守护者的悲愿×3、命运的足迹×1
娜塔莎,终结技,新生之礼,"立即为我方全体回复等同于娜塔莎【9.2%/13.8%】生命上限+【92/368】的生命值。
（标签：能量 90、回能 5、回复）",信用点×522000、古代零件×6、丰饶之种×2、生命之芽×12、古代转轴×10、永恒之花×23、古代引擎×5、守护者的悲愿×3、命运的足迹×1
娜塔莎,天赋,生机焕发,"为当前生命值百分比小于等于30%的我方目标提供治疗时，娜塔莎的治疗量提高【25%/50%】，该效果对持续治疗效果也会生效。
（标签：强化）",信用点×522000、古代零件×6、丰饶之种×2、生命之芽×12、古代转轴×10、永恒之花×23、古代引擎×5、守护者的悲愿×3、命运的足迹×1
娜塔莎,秘技,催眠研习,"立即攻击敌人，进入战斗后对敌方随机单体造成等同于娜塔莎80%攻击力的物理属性伤害，并有100%的基础概率使敌方每个单体目标陷入虚弱状态。虚弱状态下的敌方目标对我方造成的伤害降低30%，持续1回合。
（标签：削韧 20）",
娜塔莎,额外能力,舒缓,"施放战技时，解除指定我方单体的1个负面效果。
（标签：角色晋阶2）",信用点×4000、丰饶之种×2、守护者的悲愿×1
娜塔莎,额外能力,医者,"娜塔莎提供的治疗量提高10%。
（标签：角色晋阶4）",信用点×16000、生命之芽×4、命运的足迹×1、守护者的悲愿×1
娜塔莎,额外能力,调理,"施放战技产生的持续回复效果延长1回合。
（标签：角色晋阶6）",信用点×128000、永恒之花×6、命运的足迹×1、守护者的悲愿×1
娜塔莎,属性加成,生命强化,"生命值上限提高4.0%
（标签：角色等级1）",信用点×2000、古代零件×2
娜塔莎,属性加成,效果抵抗强化,（标签：角色晋阶2）,信用点×4000、丰饶之种×2、古代零件×4
娜塔莎,属性加成,生命强化,"生命值上限提高4.0%
（标签：角色晋阶3）",信用点×8000、生命之芽×2、古代转轴×2
娜塔莎,属性加成,防御强化,"防御力提高5.0%
（标签：角色晋阶3）",信用点×8000、生命之芽×2、古代转轴×2
娜塔莎,属性加成,生命强化,"生命值上限提高6.0%
（标签：角色晋阶4）",信用点×16000、生命之芽×4、古代转轴×3
娜塔莎,属性加成,效果抵抗强化,"效果抵抗提高6.0%
（标签：角色晋阶5）",信用点×36000、永恒之花×2、古代引擎×2
娜塔莎,属性加成,生命强化,"生命值上限提高6.0%
（标签：角色晋阶5）",信用点×36000、永恒之花×2、古代引擎×2
娜塔莎,属性加成,防御强化,"防御力提高7.5%
（标签：角色晋阶6）",信用点×128000、永恒之花×6、古代引擎×6
娜塔莎,属性加成,效果抵抗强化,"效果抵抗提高8.0%
（标签：角色等级75）",信用点×128000、永恒之花×6、古代引擎×6
娜塔莎,属性加成,生命强化,"生命值上限提高8.0%
（标签：角色等级80）",信用点×128000、永恒之花×6、古代引擎×6
寒鸦,普攻,冥谶天笔,"对指定敌方单体造成等同于寒鸦【50%/100%】攻击力的物理属性伤害。
（标签：回能 20、战技点 +1、单攻、削韧 10）",信用点×192000、谐乐小调×2、工造机杼×4、家族颂歌×6、工造迴轮×5、群星乐章×8、工造浑心×5
寒鸦,战技,生灭系缚,"对指定敌方单体造成等同于寒鸦【120%/240%】攻击力的物理属性伤害，并使其陷入【承负】状态。
每当我方目标对【承负】状态下的敌方目标施放2次普攻、战技、终结技后，立即为我方恢复1个战技点。【承负】仅对最新被施加的目标生效，并会在触发2次战技点恢复效果后自动解除。
（标签：回能 30、战技点 -1、单攻、削韧 20）",信用点×522000、工造机杼×6、谐乐小调×2、家族颂歌×12、工造迴轮×10、群星乐章×23、工造浑心×5、无穷假身的遗恨×3、命运的足迹×1
寒鸦,终结技,十王敕令，遍土遵行,"使指定我方单体速度提高，提高数值等同于寒鸦速度的【15.0%/20.0%】，并使该目标攻击力提高【36%/60%】，持续2回合。
（标签：能量 140、回能 5、强化）",信用点×522000、工造机杼×6、谐乐小调×2、家族颂歌×12、工造迴轮×10、群星乐章×23、工造浑心×5、无穷假身的遗恨×3、命运的足迹×1
寒鸦,天赋,罚恶,"我方目标对陷入【承负】状态下的敌方目标施放普攻、战技、终结技时，造成的伤害提高【15%/30%】，持续2回合。
（标签：辅助）",信用点×522000、工造机杼×6、谐乐小调×2、家族颂歌×12、工造迴轮×10、群星乐章×23、工造浑心×5、无穷假身的遗恨×3、命运的足迹×1
寒鸦,秘技,判冥,"立即攻击敌人，进入战斗后对敌方随机单体附上等同于战技效果的【承负】。
（标签：削韧 2）",
寒鸦,额外能力,录事,"触发【承负】战技点回复效果的我方单位攻击力提高10%，持续1回合。
（标签：角色晋阶2）",信用点×4000、谐乐小调×2、无穷假身的遗恨×1
寒鸦,额外能力,幽府,"持有【承负】的敌方目标被消灭时，如果【承负】为全队回复战技点的触发次数小于等于1，则额外回复1点战技点。
（标签：角色晋阶4）",信用点×16000、家族颂歌×4、命运的足迹×1、无穷假身的遗恨×1
寒鸦,额外能力,还阳,"当【承负】战技点恢复效果被触发时，自身恢复2点能量。
（标签：角色晋阶6）",信用点×128000、群星乐章×6、命运的足迹×1、无穷假身的遗恨×1
寒鸦,属性加成,攻击强化,"攻击力提高4.0%
（标签：角色等级1）",信用点×2000、工造机杼×2
寒鸦,属性加成,速度强化,"速度提高2
（标签：角色晋阶2）",信用点×4000、谐乐小调×2、工造机杼×4
寒鸦,属性加成,攻击强化,"攻击力提高4.0%
（标签：角色晋阶3）",信用点×8000、家族颂歌×2、工造迴轮×2
寒鸦,属性加成,生命强化,"生命值上限提高4.0%
（标签：角色晋阶3）",信用点×8000、家族颂歌×2、工造迴轮×2
寒鸦,属性加成,攻击强化,"攻击力提高6.0%
（标签：角色晋阶4）",信用点×16000、家族颂歌×4、工造迴轮×3
寒鸦,属性加成,速度强化,"速度提高3
（标签：角色晋阶5）",信用点×36000、群星乐章×2、工造浑心×2
寒鸦,属性加成,攻击强化,"攻击力提高6.0%
（标签：角色晋阶5）",信用点×36000、群星乐章×2、工造浑心×2
寒鸦,属性加成,生命强化,"生命值上限提高6.0%
（标签：角色晋阶6）",信用点×128000、群星乐章×6、工造浑心×6
寒鸦,属性加成,速度强化,"速度提高4
（标签：角色等级75）",信用点×128000、群星乐章×6、工造浑心×6
寒鸦,属性加成,攻击强化,"攻击力提高8.0%
（标签：角色等级80）",信用点×128000、群星乐章×6、工造浑心×6
布洛妮娅,普攻,驭风的子弹,"对指定敌方单体造成等同于布洛妮娅【50%/100%】攻击力的风属性伤害。
（标签：回能 20、战技点 +1、单攻、削韧 10）",信用点×240000、谐乐小调×3、铁卫扣饰×6、家族颂歌×8、铁卫军徽×7、群星乐章×11、铁卫勋章×7
布洛妮娅,战技,作战再部署,"解除我方单体的1个负面状态，并使该目标立即行动，造成的伤害提高【33%/66%】，持续1回合。当对自身施放该技能时，无法触发立即行动效果。
（标签：回能 30、战技点 -1、辅助）",信用点×652500、铁卫扣饰×9、谐乐小调×3、家族颂歌×15、铁卫军徽×13、群星乐章×30、铁卫勋章×7、守护者的悲愿×3、命运的足迹×2
布洛妮娅,终结技,贝洛伯格进行曲,"施放终结技后，我方全体攻击力提高【33%/55%】，同时提高等同于布洛妮娅【12.0%/16.0%】暴击伤害 +【12.0%/20.0%】的暴击伤害，持续2回合。
（标签：能量 120、回能 5、辅助）",信用点×652500、铁卫扣饰×9、谐乐小调×3、家族颂歌×15、铁卫军徽×13、群星乐章×30、铁卫勋章×7、守护者的悲愿×3、命运的足迹×2
布洛妮娅,天赋,先人一步,"施放普攻后，布洛妮娅的下一次行动提前【15%/30%】。
（标签：强化）",信用点×652500、铁卫扣饰×9、谐乐小调×3、家族颂歌×15、铁卫军徽×13、群星乐章×30、铁卫勋章×7、守护者的悲愿×3、命运的足迹×2
布洛妮娅,秘技,在旗帜下,"使用秘技后，下一次战斗开始时我方全体攻击力提高15%，持续2回合。
（标签：辅助）",
布洛妮娅,额外能力,号令,"普攻的暴击率提高至100%。
（标签：角色晋阶2）",信用点×5000、谐乐小调×3、守护者的悲愿×1
布洛妮娅,额外能力,阵地,"战斗开始时，我方全体防御力提高20%，持续2回合。
（标签：角色晋阶4）",信用点×20000、家族颂歌×5、命运的足迹×1、守护者的悲愿×1
布洛妮娅,额外能力,军势,"布洛妮娅在场时，我方全体造成的伤害提高10%。
（标签：角色晋阶6）",信用点×160000、群星乐章×8、命运的足迹×1、守护者的悲愿×1
布洛妮娅,属性加成,伤害强化·风,"风属性伤害提高3.2%
（标签：角色等级1）",信用点×2500、铁卫扣饰×2
布洛妮娅,属性加成,暴击伤害强化,"暴击伤害提高5.3%
（标签：角色晋阶2）",信用点×5000、谐乐小调×3、铁卫扣饰×6
布洛妮娅,属性加成,伤害强化·风,"风属性伤害提高3.2%
（标签：角色晋阶3）",信用点×10000、家族颂歌×3、铁卫军徽×3
布洛妮娅,属性加成,效果抵抗强化,"效果抵抗提高4.0%
（标签：角色晋阶3）",信用点×10000、家族颂歌×3、铁卫军徽×3
布洛妮娅,属性加成,伤害强化·风,"风属性伤害提高4.8%
（标签：角色晋阶4）",信用点×20000、家族颂歌×5、铁卫军徽×4
布洛妮娅,属性加成,暴击伤害强化,"暴击伤害提高8.0%
（标签：角色晋阶5）",信用点×45000、群星乐章×3、铁卫勋章×3
布洛妮娅,属性加成,伤害强化·风,"风属性伤害提高4.8%
（标签：角色晋阶5）",信用点×45000、群星乐章×3、铁卫勋章×3
布洛妮娅,属性加成,效果抵抗强化,"效果抵抗提高6.0%
（标签：角色晋阶6）",信用点×160000、群星乐章×8、铁卫勋章×8
布洛妮娅,属性加成,暴击伤害强化,"暴击伤害提高10.7%
（标签：角色等级75）",信用点×160000、群星乐章×8、铁卫勋章×8
布洛妮娅,属性加成,伤害强化·风,"风属性伤害提高6.4%
（标签：角色等级80）",信用点×160000、群星乐章×8、铁卫勋章×8
希儿,普攻,强袭,"对指定敌方单体造成等同于希儿【50%/100%】攻击力的量子属性伤害。
（标签：回能 20、战技点 +1、单攻、削韧 10）",信用点×240000、猎兽之矢×3、掠夺的本能×6、屠魔之矢×8、篡改的野心×7、逐星之矢×11、践踏的意志×7
希儿,战技,归刃,"使希儿的速度提高25%，并对指定敌方单体造成等同于希儿【110%/220%】攻击力的量子属性伤害，速度提高效果持续2回合。
（标签：回能 30、战技点 -1、单攻、削韧 20）",信用点×652500、掠夺的本能×9、猎兽之矢×3、屠魔之矢×15、篡改的野心×13、逐星之矢×30、践踏的意志×7、守护者的悲愿×3、命运的足迹×2
希儿,终结技,乱蝶,"立即进入增幅状态，并对指定敌方单体造成等同于希儿【255%/425%】攻击力的量子属性伤害。
（标签：回能 5、单攻、削韧 30、能量 120）",信用点×652500、掠夺的本能×9、猎兽之矢×3、屠魔之矢×15、篡改的野心×13、逐星之矢×30、践踏的意志×7、守护者的悲愿×3、命运的足迹×2
希儿,天赋,再现,"施放普攻、战技、终结技消灭敌方目标时立即获得1个额外回合并进入增幅状态，增幅状态下希儿施放攻击造成的伤害提高【40%/80%】，持续1回合。若希儿在因天赋【再现】获得的额外回合中消灭敌方目标，此天赋不会生效。
（标签：强化）",信用点×652500、掠夺的本能×9、猎兽之矢×3、屠魔之矢×15、篡改的野心×13、逐星之矢×30、践踏的意志×7、守护者的悲愿×3、命运的足迹×2
希儿,秘技,幻身,"使用秘技后进入持续20秒的隐身状态。隐身状态下不会被敌人发现，且主动攻击敌人进入战斗时，希儿立即进入增幅状态。
（标签：强化）",
希儿,额外能力,夜行,"若当前生命值小于等于自身生命上限的50%，则希儿被敌方攻击的概率降低。
（标签：角色晋阶2）",信用点×5000、猎兽之矢×3、守护者的悲愿×1
希儿,额外能力,割裂,"增幅状态下希儿的量子属性抗性穿透提高20%。
（标签：角色晋阶4）",信用点×20000、屠魔之矢×5、命运的足迹×1、守护者的悲愿×1
希儿,额外能力,涟漪,"施放普攻后，希儿的下一次行动提前20%。
（标签：角色晋阶6）",信用点×160000、逐星之矢×8、命运的足迹×1、守护者的悲愿×1
希儿,属性加成,攻击强化,"攻击力提高4.0%
（标签：角色等级1）",信用点×2500、掠夺的本能×2
希儿,属性加成,暴击伤害强化,"暴击伤害提高5.3%
（标签：角色晋阶2）",信用点×5000、猎兽之矢×3、掠夺的本能×6
希儿,属性加成,攻击力强化,"攻击力提高4.0%
（标签：角色晋阶3）",信用点×10000、屠魔之矢×3、篡改的野心×3
希儿,属性加成,防御强化,"防御力提高5.0%
（标签：角色晋阶3）",信用点×10000、屠魔之矢×3、篡改的野心×3
希儿,属性加成,攻击力强化,"攻击力提高6.0%
（标签：角色晋阶4）",信用点×20000、屠魔之矢×5、篡改的野心×4
希儿,属性加成,暴击伤害强化,"暴击伤害提高8.0%
（标签：角色晋阶5）",信用点×45000、逐星之矢×3、践踏的意志×3
希儿,属性加成,攻击强化,"攻击力提高6.0%
（标签：角色晋阶5）",信用点×45000、逐星之矢×3、践踏的意志×3
希儿,属性加成,防御强化,"防御力提高7.5%
（标签：角色晋阶6）",信用点×160000、逐星之矢×8、践踏的意志×8
希儿,属性加成,暴击伤害强化,"暴击伤害提高10.7%
（标签：角色等级75）",信用点×160000、逐星之矢×8、践踏的意志×8
希儿,属性加成,攻击强化,"攻击力提高8.0%
（标签：角色等级80）",信用点×160000、逐星之矢×8、践踏的意志×8
希露瓦,普攻,雷鸣音阶,"对指定敌方单体造成等同于希露瓦【50%/100%】攻击力的雷属性伤害。
（标签：回能 20、战技点 +1、单攻、削韧 10）",信用点×192000、灵感之钥×2、铁卫扣饰×4、启迪之钥×6、铁卫军徽×5、智识之钥×8、铁卫勋章×5
希露瓦,战技,电光火石间,"对指定敌方单体造成等同于希露瓦【70%/140%】攻击力的雷属性伤害，同时对其相邻目标造成等同于希露瓦【30%/60%】攻击力的雷属性伤害，此外有80%的基础概率使受到攻击的敌方目标陷入触电状态，持续2回合。触电状态下，敌方目标每回合开始时受到等同于希露瓦【40%/104%】攻击力的雷属性持续伤害。
（标签：回能 30、战技点 -1、扩散、削韧 20+10*2）",信用点×522000、铁卫扣饰×6、灵感之钥×2、启迪之钥×12、铁卫军徽×10、智识之钥×23、铁卫勋章×5、守护者的悲愿×3、命运的足迹×1
希露瓦,终结技,机械热潮登场！,"对敌方全体造成等同于希露瓦【108%/180%】攻击力的雷属性伤害，并使触电状态下的敌方目标延长2回合的触电状态。
（标签：能量 100、回能 5、群攻、削韧 20）",信用点×522000、铁卫扣饰×6、灵感之钥×2、启迪之钥×12、铁卫军徽×10、智识之钥×23、铁卫勋章×5、守护者的悲愿×3、命运的足迹×1
希露瓦,天赋,燃情和弦,"施放攻击后，对所有触电状态下的敌方目标造成等同于希露瓦【36%/72%】攻击力的雷属性附加伤害。
（标签：强化）",信用点×522000、铁卫扣饰×6、灵感之钥×2、启迪之钥×12、铁卫军徽×10、智识之钥×23、铁卫勋章×5、守护者的悲愿×3、命运的足迹×1
希露瓦,秘技,晚安，贝洛伯格,"立即攻击敌人，进入战斗后对敌方随机单体造成等同于希露瓦50%攻击力的雷属性伤害，同时有100%的基础概率使敌方每个单体目标陷入触电状态，持续3回合。触电状态下，敌方目标每回合开始时受到等同于希露瓦50%攻击力的雷属性持续伤害。
（标签：削韧 20）",
希露瓦,额外能力,摇滚,"施放战技时，使受到攻击的敌方目标陷入触电状态的基础概率提高20%。
（标签：角色晋阶2）",信用点×4000、灵感之钥×2、守护者的悲愿×1
希露瓦,额外能力,电音,"战斗开始时，立即恢复15点能量。
（标签：角色晋阶4）",信用点×16000、启迪之钥×4、命运的足迹×1、守护者的悲愿×1
希露瓦,额外能力,狂热,"消灭敌方目标后，攻击力提高20%，持续2回合。
（标签：角色晋阶6）",信用点×128000、智识之钥×6、命运的足迹×1、守护者的悲愿×1
希露瓦,属性加成,暴击率强化,"暴击率提高2.7%
（标签：角色等级1）",信用点×2000、铁卫扣饰×2
希露瓦,属性加成,效果命中强化,"效果命中提高4.0%
（标签：角色晋阶2）",信用点×4000、灵感之钥×2、铁卫扣饰×4
希露瓦,属性加成,暴击率强化,"暴击率提高2.7%
（标签：角色晋阶3）",信用点×8000、启迪之钥×2、铁卫军徽×2
希露瓦,属性加成,效果抵抗强化,"效果抵抗提高4.0%
（标签：角色晋阶3）",信用点×8000、启迪之钥×2、铁卫军徽×2
希露瓦,属性加成,暴击率强化,"暴击率提高4.0%
（标签：角色晋阶4）",信用点×16000、启迪之钥×4、铁卫军徽×3
希露瓦,属性加成,效果命中强化,"效果命中提高6.0%
（标签：角色晋阶5）",信用点×36000、智识之钥×2、铁卫勋章×2
希露瓦,属性加成,暴击率强化,"暴击率提高4.0%
（标签：角色晋阶5）",信用点×36000、智识之钥×2、铁卫勋章×2
希露瓦,属性加成,效果抵抗强化,"效果抵抗提高6.0%
（标签：角色晋阶6）",信用点×128000、智识之钥×6、铁卫勋章×6
希露瓦,属性加成,效果命中强化,"效果命中提高8.0%
（标签：角色等级75）",信用点×128000、智识之钥×6、铁卫勋章×6
希露瓦,属性加成,暴击率强化,"暴击率提高5.3%
（标签：角色等级80）",信用点×128000、智识之钥×6、铁卫勋章×6
开拓者•同谐,普攻,摇摆的礼仪,"对指定敌方单体造成等同于开拓者【50%/100%】攻击力的虚数属性伤害。
（标签：回能 20、战技点 +1、单攻、削韧 10）",信用点×192000、云际音符×2、掠夺的本能×4、空际小节×6、篡改的野心×5、天外乐章×8、践踏的意志×5
开拓者•同谐,战技,中场馈赠的雨,"对指定敌方单体造成等同于开拓者【25%/50%】攻击力的虚数属性伤害，并额外造成4次伤害。每次伤害对随机敌方单体造成等同于开拓者【25%/50%】攻击力的虚数属性伤害。
（标签：回能 30 (6*5)、战技点 -1、弹射、削韧10+5*4）",信用点×522000、掠夺的本能×6、云际音符×2、空际小节×12、篡改的野心×10、天外乐章×23、践踏的意志×5、蛀星孕灾的旧恶×3、命运的足迹×1
开拓者•同谐,终结技,喧嚣的舞灯巡游,"为我方全体附上【伴舞】效果，持续3回合，开拓者每回合开始时持续回合数减1。持有【伴舞】的我方目标击破特攻提高【15%/30%】，并且攻击处于弱点击破状态下的敌方目标后，会将本次攻击的削韧伤害转化为1次超击破伤害。
（标签：能量 140、回能 5、辅助）",信用点×522000、掠夺的本能×6、云际音符×2、空际小节×12、篡改的野心×10、天外乐章×23、践踏的意志×5、蛀星孕灾的旧恶×3、命运的足迹×1
开拓者•同谐,天赋,全屏段的高空踏歌,"当有敌方目标的弱点被击破时，开拓者立即恢复【5.0/10.0】点能量。
（标签：辅助）",信用点×522000、掠夺的本能×6、云际音符×2、空际小节×12、篡改的野心×10、天外乐章×23、践踏的意志×5、蛀星孕灾的旧恶×3、命运的足迹×1
开拓者•同谐,秘技,即刻！独奏团,"使用秘技后，下一次战斗开始时使我方全体的击破特攻提高30%，持续2回合。
（标签：辅助）",
开拓者•同谐,额外能力,卫我起舞,"当场上敌方目标数量等于5或以上/4/3/2/1名时，【伴舞】效果触发的超击破伤害提高20%/30%/40%/50%/60%。
（标签：角色晋阶2）",信用点×4000、云际音符×2、蛀星孕灾的旧恶×1
开拓者•同谐,额外能力,随波逐流,"施放战技时，造成的第一次削韧伤害额外提高100%。
（标签：角色晋阶4）",信用点×16000、空际小节×4、命运的足迹×1、蛀星孕灾的旧恶×1
开拓者•同谐,额外能力,剧院之帽,"我方目标造成弱点击破后额外使敌方目标行动延后30%。
（标签：角色晋阶6）",信用点×128000、天外乐章×6、命运的足迹×1、蛀星孕灾的旧恶×1
开拓者•同谐,属性加成,击破强化,"击破特攻提高5.3%
（标签：角色等级1）",信用点×2000、掠夺的本能×2
开拓者•同谐,属性加成,伤害强化•虚数,"虚数属性伤害提高3.2%
（标签：角色晋阶2）",信用点×4000、云际音符×2、掠夺的本能×4
开拓者•同谐,属性加成,击破强化,"击破特攻提高5.3%
（标签：角色晋阶3）",信用点×8000、空际小节×2、篡改的野心×2
开拓者•同谐,属性加成,效果抵抗强化,"效果抵抗提高4.0%
（标签：角色晋阶3）",信用点×8000、空际小节×2、篡改的野心×2
开拓者•同谐,属性加成,击破强化,"击破特攻提高8.0%
（标签：角色晋阶4）",信用点×16000、空际小节×4、篡改的野心×3
开拓者•同谐,属性加成,伤害强化•虚数,"虚数属性伤害提高4.8%
（标签：角色晋阶5）",信用点×36000、天外乐章×2、践踏的意志×2
开拓者•同谐,属性加成,击破强化,"击破特攻提高8.0%
（标签：角色晋阶5）",信用点×36000、天外乐章×2、践踏的意志×2
开拓者•同谐,属性加成,效果抵抗强化,"效果抵抗提高6.0%
（标签：角色晋阶6）",信用点×128000、天外乐章×6、践踏的意志×6
开拓者•同谐,属性加成,伤害强化•虚数,"虚数属性伤害提高6.4%
（标签：角色等级75）",信用点×128000、天外乐章×6、践踏的意志×6
开拓者•同谐,属性加成,击破强化,"击破特攻提高10.7%
（标签：角色等级80）",信用点×128000、天外乐章×6、践踏的意志×6
开拓者•存护,普攻,穿彻坚冰的烈芒,"对指定敌方单体造成等同于开拓者【50%/100%】攻击力的火属性伤害并叠加1层【灼热意志】。
（标签：回能 20、战技点 +1、单攻、削韧 10）
消耗4层【灼热意志】，强化普攻。对指定敌方单体造成等同于开拓者【90%/135%】攻击力的火属性伤害，同时对其相邻目标造成等同于开拓者【36%/54%】攻击力的火属性伤害。
（标签：回能 30、战技点 +1、扩散、削韧 20+10*2）",信用点×192000、青铜的执着×2、掠夺的本能×4、寒铁的誓言×6、篡改的野心×5、琥珀的坚守×8、践踏的意志×5
开拓者•存护,战技,炽燃不灭的琥珀,"施放战技后，开拓者受到的伤害降低【40%/50%】并叠加1层【灼热意志】，此外有100%基础概率使敌方全体陷入嘲讽状态，持续1回合。
（标签：回能 30、战技点 -1、防御）",信用点×522000、掠夺的本能×6、青铜的执着×2、寒铁的誓言×12、篡改的野心×10、琥珀的坚守×23、践踏的意志×5、毁灭者的末路×3、命运的足迹×1
开拓者•存护,终结技,陷阵无回的炎枪,"对敌方全体造成等同于开拓者【50%/100%】攻击力+【75%/150%】防御力的火属性伤害。下一次施放普攻时，自动获得强化且不消耗【灼热意志】。
（标签：能量 120、回能 5、群攻、削韧 20）",信用点×522000、掠夺的本能×6、青铜的执着×2、寒铁的誓言×12、篡改的野心×10、琥珀的坚守×23、践踏的意志×5、毁灭者的末路×3、命运的足迹×1
开拓者•存护,天赋,筑城者遗宝,"每受到1次攻击，叠加1层【灼热意志】，最多可叠加8层。【灼热意志】层数不低于4时，普攻将获得强化，对指定敌方单体及其相邻目标同时造成伤害。开拓者施放普攻、战技、终结技后，为我方全体提供能够抵消等同于开拓者【4.0%/6.0%】防御力+【20/80】伤害的护盾，持续2回合。
（标签：强化）",信用点×522000、掠夺的本能×6、青铜的执着×2、寒铁的誓言×12、篡改的野心×10、琥珀的坚守×23、践踏的意志×5、毁灭者的末路×3、命运的足迹×1
开拓者•存护,秘技,守护者召令,"使用秘技后，下一次战斗开始时给自身提供能够抵消等同于开拓者30%防御力+384伤害的护盾，持续1回合。
（标签：强化）",
开拓者•存护,额外能力,强援弱,"施放战技后，我方全体受到的伤害降低15%，持续1回合。
（标签：角色晋阶2）",信用点×4000、青铜的执着×2、毁灭者的末路×1
开拓者•存护,额外能力,生先死,"开拓者施放强化普攻后，回复等同于自身生命上限5%的生命值。
（标签：角色晋阶4）",信用点×16000、寒铁的誓言×4、命运的足迹×1、毁灭者的末路×1
开拓者•存护,额外能力,行胜思,"回合开始时，若开拓者持有护盾保护，则攻击力提高15%并恢复5点能量，持续到行动结束。
（标签：角色晋阶6）",信用点×128000、琥珀的坚守×6、命运的足迹×1、毁灭者的末路×1
开拓者•存护,属性加成,防御强化,"防御力提高5.0%
（标签：角色等级1）",信用点×2000、掠夺的本能×2
开拓者•存护,属性加成,攻击强化,"攻击力提高4.0%
（标签：角色晋阶2）",信用点×4000、青铜的执着×2、掠夺的本能×4
开拓者•存护,属性加成,防御强化,"防御力提高5.0%
（标签：角色晋阶3）",信用点×8000、寒铁的誓言×2、篡改的野心×2
开拓者•存护,属性加成,生命强化,"生命值上限提高4.0%
（标签：角色晋阶3）",信用点×8000、寒铁的誓言×2、篡改的野心×2
开拓者•存护,属性加成,防御强化,"防御力提高7.5%
（标签：角色晋阶4）",信用点×16000、寒铁的誓言×4、篡改的野心×3
开拓者•存护,属性加成,攻击强化,"攻击力提高6.0%
（标签：角色晋阶5）",信用点×36000、琥珀的坚守×2、践踏的意志×2
开拓者•存护,属性加成,防御强化,"防御力提高7.5%
（标签：角色晋阶5）",信用点×36000、琥珀的坚守×2、践踏的意志×2
开拓者•存护,属性加成,生命强化,"生命值上限提高6.0%
（标签：角色晋阶6）",信用点×128000、琥珀的坚守×6、践踏的意志×6
开拓者•存护,属性加成,攻击强化,"攻击力提高8.0%
（标签：角色等级75）",信用点×128000、琥珀的坚守×6、践踏的意志×6
开拓者•存护,属性加成,防御强化,"防御力提高10.0%
（标签：角色等级80）",信用点×128000、琥珀的坚守×6、践踏的意志×6
开拓者•欢愉,普攻,此即应援,"对指定敌方单体造成等同于开拓者【50%/100%】攻击力的雷属性伤害。
（标签：单攻、回能 20、削韧 10）",信用点×144000、《绒绒号》手绘分镜稿×1、掠夺的本能×5、《绒绒号》连载纪念刊×4、篡改的野心×5、《绒绒号》典藏版合集×7、践踏的意志×4
开拓者•欢愉,战技,风暴甚是喧器,"对敌方全体造成等同于开拓者【30%/60%】攻击力的雷属性伤害，获得20点[好活当赏]。
（标签：群攻、回能 30、削韧 20）",信用点×416000、掠夺的本能×4、《绒绒号》手绘分镜稿×2、《绒绒号》连载纪念刊×9、篡改的野心×8、《绒绒号》典藏版合集×18、践踏的意志×4、灭流绝溢的缄默×3、命运的足迹×1
开拓者•欢愉,终结技,放心飞，开拓永相随！,"获得5个笑点，使指定我方单体暴击伤害提高【30%/50%】，持续3回合，并解除该目标的控制类负面状态。
若目标拥有欢愉技，目标额外获得10点【好活当赏】，并使其立即施放1次固定计入20笑点的欢愉技，若欢愉技施放前敌方目标被消灭则对新入场的敌方目标发动欢愉技。
若目标不拥有欢愉技，使其行动提前50%。
（标签：辅助、回能 5、能量 160）",信用点×416000、掠夺的本能×4、《绒绒号》手绘分镜稿×2、《绒绒号》连载纪念刊×9、篡改的野心×8、《绒绒号》典藏版合集×18、践踏的意志×4、灭流绝溢的缄默×3、命运的足迹×1
开拓者•欢愉,天赋,英雄一笑，生死难料,"施放攻击后，固定恢复10点能量并获得3个笑点。
开拓者持有【好活当赏】时，战技对敌方全体额外造成【15%/30%】的雷属性欢愉伤害，此伤害使用我方最高的【好活当赏】数值计算。
（标签：辅助）",信用点×416000、掠夺的本能×4、《绒绒号》手绘分镜稿×2、《绒绒号》连载纪念刊×9、篡改的野心×8、《绒绒号》典藏版合集×18、践踏的意志×4、灭流绝溢的缄默×3、命运的足迹×1
开拓者•欢愉,秘技,燃起来了！,"使用秘技后随机获得以下1种效果:
小概率获得【开怀大笑】:欢愉度提高30%。
大概率获得【忍俊不禁】:欢愉度提高20%。
下一次战斗开始时，使我方全体提高对应数值的欢愉度，持续3回合。
（标签：强化）",
开拓者•欢愉,额外能力,快哉快哉,"若开拓者的攻击力高于1000点，每超过200点攻击力可使自身欢愉度提高10%，最多提高60%。
（标签：角色晋阶2）",信用点×4000、《绒绒号》手绘分镜稿×2、灭流绝溢的缄默×1
开拓者•欢愉,额外能力,跟你爆了,"自身暴击率提高15%。施放终结技后，为我方恢复1个战技点。
（标签：角色晋阶4）",信用点×16000、《绒绒号》连载纪念刊×4、命运的足迹×1、灭流绝溢的缄默×1
开拓者•欢愉,额外能力,阿哈咬它！,"我方目标施放欢愉技后，开拓者下一次施放战技时额外获得2点【好活当赏】。
（标签：角色晋阶6）",信用点×112000、《绒绒号》典藏版合集×5、命运的足迹×1、灭流绝溢的缄默×1
开拓者•欢愉,欢愉技,我说欢愉，你耳朵聋吗？,"造成8次伤害，每次对敌方随机单体造成【10%/20%】的雷属性欢愉伤害。最后造成【30%/60%】的雷属性欢愉伤害，由敌方全体均分。
（标签：群攻、回能 5、削韧 20、参演编号 120）",信用点×416000、掠夺的本能×6、《绒绒号》手绘分镜稿×2、《绒绒号》连载纪念刊×9、篡改的野心×8、《绒绒号》典藏版合集×18、践踏的意志×8
开拓者•欢愉,属性加成,攻击强化,"攻击力提高4%
（标签：角色等级1）",信用点×1600、掠夺的本能×2
开拓者•欢愉,属性加成,暴击率强化,"暴击率提高2.7%
（标签：角色晋阶2）",信用点×4000、《绒绒号》手绘分镜稿×1、掠夺的本能×3
开拓者•欢愉,属性加成,攻击强化,（标签：角色晋阶3）,信用点×8000、《绒绒号》连载纪念刊×3、篡改的野心×1
开拓者•欢愉,属性加成,暴击伤害强化,"暴击伤害提高5.3%
（标签：角色晋阶3）",信用点×8000、《绒绒号》连载纪念刊×3、篡改的野心×1
开拓者•欢愉,属性加成,攻击强化,"攻击力提高6%
（标签：角色晋阶4）",信用点×14400、《绒绒号》连载纪念刊×4、篡改的野心×3
开拓者•欢愉,属性加成,暴击率强化,"暴击率提高4%
（标签：角色晋阶5）",信用点×36000、《绒绒号》典藏版合集×2、践踏的意志×2
开拓者•欢愉,属性加成,攻击强化,"攻击力提高6%
（标签：角色晋阶5）",信用点×36000、《绒绒号》典藏版合集×2、践踏的意志×2
开拓者•欢愉,属性加成,暴击伤害强化,"暴击伤害提高8%
（标签：角色晋阶6）",信用点×96000、《绒绒号》典藏版合集×5、践踏的意志×2
开拓者•欢愉,属性加成,暴击率强化,"暴击率提高5.3%
（标签：角色等级75）",信用点×128000、《绒绒号》典藏版合集×6、践踏的意志×6
开拓者•欢愉,属性加成,攻击强化,"攻击力提高8%
（标签：角色等级80）",信用点×128000、《绒绒号》典藏版合集×6、践踏的意志×6
开拓者·毁灭,特殊技能,再见安打·普攻,"对指定敌方单体造成等同于开拓者【50%/100%】攻击力的物理属性伤害。
（标签：回能20、战技点+1、单攻、削韧 10）",信用点×192000、破碎残刃×2、掠夺的本能×4、无生残刃×6、篡改的野心×5、净世残刃×8、践踏的意志×5
开拓者·毁灭,特殊技能,安息全垒打·战技,"对指定敌方单体及其相邻目标造成等同于开拓者【62%/125%】攻击力的物理属性伤害。
（标签：回能 30、战技点 -1、扩散、削韧 20+10*2）",信用点×522000、掠夺的本能×6、破碎残刃×2、无生残刃×12、篡改的野心×10、净世残刃×23、践踏的意志×5、毁灭者的末路×3、命运的足迹×1
开拓者·毁灭,特殊技能,星尘王牌/全胜•再见安打/全胜•安息全垒打·终结技,"在两种攻击模式中选择其一挥出全力一击。
（标签：能量120、回能5、强化）
对指定敌方单体造成等同于开拓者【300%/450%】攻击力的物理属性伤害。
（标签：战技点 +0、单攻、削韧 30）
对指定敌方单体造成等同于开拓者【180%/270%】攻击力的物理属性伤害，并对其相邻目标造成等同于开拓者【108%/162%】攻击力的物理属性伤害。
（标签：战技点 -0、扩散、削韧 20+10*2）",信用点×522000、掠夺的本能×6、破碎残刃×2、无生残刃×12、篡改的野心×10、净世残刃×23、践踏的意志×5、毁灭者的末路×3、命运的足迹×1
开拓者·毁灭,特殊技能,牵制盗垒·天赋,"每次击破敌方目标的弱点后，攻击力提高【10%/20%】，该效果最多叠加2层。
（标签：强化）",信用点×522000、掠夺的本能×6、破碎残刃×2、无生残刃×12、篡改的野心×10、净世残刃×23、践踏的意志×5、毁灭者的末路×3、命运的足迹×1
开拓者·毁灭,特殊技能,不灭三振·秘技,"使用秘技后立即为我方全体回复等同于各自生命上限15%的生命值。
（标签：回复）",
开拓者·毁灭,特殊技能,蓄势·额外能力,"战斗开始时，立刻恢复15点能量。
（标签：角色晋阶2）",信用点×4000、破碎残刃×2、毁灭者的末路×1
开拓者·毁灭,特殊技能,坚韧·额外能力,"天赋的效果每层同时使开拓者的防御力提高10%。
（标签：角色晋阶4）",信用点×16000、无生残刃×4、命运的足迹×1、毁灭者的末路×1
开拓者·毁灭,特殊技能,斗志·额外能力,"施放战技或终结技【全胜•安息全垒打】时，对指定敌方目标造成的伤害提高25%。
（标签：角色晋阶6）",信用点×128000、净世残刃×6、命运的足迹×1、毁灭者的末路×1
开拓者·毁灭,特殊技能,攻击强化·属性加成,"攻击力提高4.0%
（标签：角色等级1）",信用点×2000、掠夺的本能×2
开拓者·毁灭,特殊技能,生命强化·属性加成,"生命值上限提高4.0%
（标签：角色晋阶2）",信用点×4000、破碎残刃×2、掠夺的本能×4
开拓者·毁灭,特殊技能,攻击强化·属性加成,"攻击力提高4.0%
（标签：角色晋阶3）",信用点×8000、无生残刃×2、篡改的野心×2
开拓者·毁灭,特殊技能,防御强化·属性加成,"防御力提高5.0%
（标签：角色晋阶3）",信用点×8000、无生残刃×2、篡改的野心×2
开拓者·毁灭,特殊技能,攻击强化·属性加成,"攻击力提高6.0%
（标签：角色晋阶4）",信用点×16000、无生残刃×4、篡改的野心×3
开拓者·毁灭,特殊技能,生命强化·属性加成,"生命值上限提高6.0%
（标签：角色晋阶5）",信用点×36000、净世残刃×2、践踏的意志×2
开拓者·毁灭,特殊技能,攻击强化·属性加成,"攻击力提高6.0%
（标签：角色晋阶5）",信用点×36000、净世残刃×2、践踏的意志×2
开拓者·毁灭,特殊技能,防御强化·属性加成,"防御力提高7.5%
（标签：角色晋阶6）",信用点×128000、净世残刃×6、践踏的意志×6
开拓者·毁灭,特殊技能,生命强化·属性加成,"生命值上限提高8.0%
（标签：角色等级75）",信用点×128000、净世残刃×6、践踏的意志×6
开拓者·毁灭,特殊技能,攻击强化·属性加成,"攻击力提高8.0%
（标签：角色等级80）",信用点×128000、净世残刃×6、践踏的意志×6
开拓者•记忆,普攻,包在我身上！,"对指定敌方单体造成等同于开拓者【50%/100%】攻击力的冰属性伤害。
（标签：回能 20、战技点 +1、单攻、削韧 10）
消耗1层【史诗】，解除迷迷陷入的所有控制类负面状态。开拓者与迷迷发起连携攻击，对敌方全体分别造成等同于开拓者【60%/120%】攻击力以及迷迷【60%/120%】攻击力的冰属性伤害，随后使迷迷获得10%充能。
（标签：回能 30、战技点 +1、群攻、削韧 10）",信用点×161200、思量的种×1、掠夺的本能×3、末那芽苗×4、篡改的野心×3、阿赖耶华×7、践踏的意志×4
开拓者•记忆,战技,就决定是你了！,"召唤忆灵迷迷。若迷迷已在场，为迷迷回复等同于迷迷生命上限【30%/60%】的生命值，并且使迷迷获得10%充能。
（标签：回能 30、战技点 -1、召唤）",信用点×431200、掠夺的本能×5、思量的种×1、末那芽苗×9、篡改的野心×8、阿赖耶华×19、践踏的意志×4、吉光片羽×3、命运的足迹×1
开拓者•记忆,终结技,一起上吧，迷迷！,"召唤忆灵迷迷。使迷迷获得40%充能，随后使迷迷对敌方全体造成等同于迷迷【120%/240%】攻击力的冰属性伤害。
（标签：能量 160、回能 5、群攻、削韧 20）",信用点×431200、掠夺的本能×5、思量的种×1、末那芽苗×9、篡改的野心×8、阿赖耶华×19、践踏的意志×4、吉光片羽×3、命运的足迹×1
开拓者•记忆,天赋,无所不能的伙伴,"忆灵迷迷初始拥有130点速度和等同于开拓者【50%/80%】生命上限+【400/640】的生命上限。我方全体每累计恢复10点能量，迷迷都会获得1%充能。
（标签：强化）",信用点×431200、掠夺的本能×5、思量的种×1、末那芽苗×9、篡改的野心×8、阿赖耶华×19、践踏的意志×4、吉光片羽×3、命运的足迹×1
开拓者•记忆,秘技,记忆如往日重现,"使用秘技后，制造1片持续10秒的特殊领域。处于特殊领域内的敌人陷入时停状态。时停状态下的敌人会停止所有行动。与处于时停状态下的敌人进入战斗后，使敌方全体行动延后50%，随后对敌方全体造成等同于开拓者100%攻击力的冰属性伤害。我方制造的领域效果最多存在1个。
（标签：妨害）",
开拓者•记忆,额外能力,追念之权杖,"战斗开始时，开拓者的行动提前30%。首次召唤迷迷时，使迷迷获得40%充能。
（标签：角色晋阶2）",信用点×4000、思量的种×2、吉光片羽×1
开拓者•记忆,额外能力,袖珍的事诗,"迷迷施放【坏人！麻烦！】时，立即获得5%充能。
（标签：角色晋阶4）",信用点×16000、末那芽苗×5、命运的足迹×1、吉光片羽×1
开拓者•记忆,额外能力,磁石与长链,"持有【迷迷的声援】的我方目标能量上限大于100点时，每超过10点，通过【迷迷的声援】造成的真实伤害倍率额外提高2%，最多提高20%。
（标签：角色晋阶6）",信用点×128000、阿赖耶华×6、命运的足迹×1、吉光片羽×1
开拓者•记忆,忆灵技,坏人！麻烦！/我会！帮你！,"造成 4 次伤害，每次对敌方随机单体造成等同于迷迷 【18%/36%】 攻击力的冰属性伤害。最后对敌方全体造成等同于迷迷【45%/90%】 攻击力的冰属性伤害。
（标签：群攻、削韧 10+5*4）
使指定我方单体行动提前 100% 并附上【迷迷的声援】，持续 3 回合。持有【迷迷的声援】的目标每造成1次伤害，都会再额外造成1次等同于原伤害 【18%/28%】 的真实伤害。当对自身施放该技能时，无法触发行动提前效果。
（标签：强化）",信用点×161200、思量的种×1、掠夺的本能×3、末那芽苗×4、篡改的野心×3、阿赖耶华×7、践踏的意志×4
开拓者•记忆,忆灵天赋,伙伴！一起！/迷迷，加油！/遗憾…不留,"使我方全体的暴击伤害提高，提高数值等同于迷迷【6%/12%】暴击伤害+【12%/24%】。若充能未达到 100% ，迷迷行动时自动施放【坏人！麻烦！】。充能达到 100% 时迷迷立即行动，下一次行动时能够选择我方单体并施放【我会！帮你！】。
（标签：强化）
迷迷被召唤时，立即获得 50% 充能。
（标签：强化）
迷迷消失时，使开拓者行动提前 25% 。
（标签：强化）",信用点×161200、思量的种×1、掠夺的本能×3、末那芽苗×4、篡改的野心×3、阿赖耶华×7、践踏的意志×4
开拓者•记忆,额外能力,未完的尾声,施放终结技后，获得1层【史诗】，最多持有2层。持有【史诗】且迷迷在场时，普攻强化为【明天，一同写下!】。,
开拓者•记忆,属性加成,暴击伤害强化,（标签：角色等级1）,信用点×2000、掠夺的本能×2
开拓者•记忆,属性加成,攻击强化,（标签：角色晋阶2）,信用点×3200、思量的种×1、掠夺的本能×2
开拓者•记忆,属性加成,暴击伤害强化,（标签：角色晋阶3）,信用点×7200、末那芽苗×2、篡改的野心×2
开拓者•记忆,属性加成,攻击强化,（标签：角色晋阶3）,信用点×7200、末那芽苗×2、篡改的野心×2
开拓者•记忆,属性加成,暴击伤害强化,（标签：角色晋阶4）,信用点×15200、末那芽苗×5、篡改的野心×2
开拓者•记忆,属性加成,生命强化,（标签：角色晋阶5）,信用点×36000、阿赖耶华×2、践踏的意志×2
开拓者•记忆,属性加成,暴击伤害强化,（标签：角色晋阶5）,信用点×36000、阿赖耶华×2、践踏的意志×2
开拓者•记忆,属性加成,攻击强化,（标签：角色晋阶6）,信用点×112000、阿赖耶华×5、践踏的意志×3
开拓者•记忆,属性加成,生命强化,（标签：角色等级75）,信用点×128000、阿赖耶华×6、践踏的意志×6
开拓者•记忆,属性加成,暴击伤害强化,（标签：角色等级80）,信用点×128000、阿赖耶华×6、践踏的意志×6
彦卿,普攻,霜锋点寒芒,"对指定敌方单体造成等同于彦卿【50%/100%】攻击力的冰属性伤害。
（标签：回能 20、战技点 +1、单攻、削韧 10）",信用点×240000、猎兽之矢×3、掠夺的本能×6、屠魔之矢×8、篡改的野心×7、逐星之矢×11、践踏的意志×7
彦卿,战技,遥击三尺水,"对指定敌方单体造成等同于彦卿【110%/220%】攻击力的冰属性伤害，并为彦卿附加【智剑连心】，持续1回合。
（标签：回能 30、战技点 -1、单攻、削韧 20）",信用点×652500、掠夺的本能×9、猎兽之矢×3、屠魔之矢×15、篡改的野心×13、逐星之矢×30、践踏的意志×7、守护者的悲愿×3、命运的足迹×2
彦卿,终结技,快雨燕相逐,"提高自身60%暴击率，若彦卿处于【智剑连心】效果，则使其暴击伤害额外提高【30%/50%】，增益效果持续1回合。随后对指定敌方单体造成等同于彦卿【210%/350%】攻击力的冰属性伤害。
（标签：能量 140、回能 5、单攻、削韧 30）",信用点×652500、掠夺的本能×9、猎兽之矢×3、屠魔之矢×15、篡改的野心×13、逐星之矢×30、践踏的意志×7、守护者的悲愿×3、命运的足迹×2
彦卿,天赋,呼剑如影,"彦卿处于【智剑连心】效果时，受到攻击的概率降低，并为自身提高【15.0%/20.0%】暴击率和【15%/30%】暴击伤害。对敌方目标施放攻击后，有【50%/60%】的固定概率发动追加攻击，对目标造成等同于彦卿【25%/50%】攻击力的冰属性伤害，并有65%的基础概率使其陷入冻结状态，持续1回合。
冻结状态下，敌方目标不能行动，同时每回合开始时受到等同于彦卿【25%/50%】攻击力的冰属性附加伤害。
当彦卿受到伤害后，【智剑连心】将会消失。
（标签：回能 10、单攻、削韧 10）",信用点×652500、掠夺的本能×9、猎兽之矢×3、屠魔之矢×15、篡改的野心×13、逐星之矢×30、践踏的意志×7、守护者的悲愿×3、命运的足迹×2
彦卿,秘技,御剑真诀,"使用秘技后，下一次战斗开始时彦卿对当前生命值百分比大于等于50%的敌方目标造成的伤害提高30%，持续2回合。
（标签：强化）",
彦卿,额外能力,颁冰,"施放攻击后，对携带冰属性弱点的敌方目标造成等同于彦卿30%攻击力的冰属性附加伤害。
（标签：角色晋阶2）",信用点×5000、猎兽之矢×3、守护者的悲愿×1
彦卿,额外能力,凌霜,"处于【智剑连心】效果时，效果抵抗提高20%。
（标签：角色晋阶4）",信用点×20000、屠魔之矢×5、命运的足迹×1、守护者的悲愿×1
彦卿,额外能力,轻吕,"触发暴击时，速度提高10%，持续2回合。
（标签：角色晋阶6）",信用点×160000、逐星之矢×8、命运的足迹×1、守护者的悲愿×1
彦卿,属性加成,攻击强化,"攻击力提高4.0%
（标签：角色等级1）",信用点×2500、掠夺的本能×2
彦卿,属性加成,伤害强化•冰,"冰属性伤害提高3.2%
（标签：角色晋阶2）",信用点×5000、猎兽之矢×3、掠夺的本能×6
彦卿,属性加成,攻击强化,"攻击力提高4.0%
（标签：角色晋阶3）",信用点×10000、屠魔之矢×3、篡改的野心×3
彦卿,属性加成,生命强化,"生命值上限提高4.0%
（标签：角色晋阶3）",信用点×10000、屠魔之矢×3、篡改的野心×3
彦卿,属性加成,攻击强化,"攻击力提高6.0%
（标签：角色晋阶4）",信用点×20000、屠魔之矢×5、篡改的野心×4
彦卿,属性加成,伤害强化•冰,"冰属性伤害提高4.8%
（标签：角色晋阶5）",信用点×45000、逐星之矢×3、践踏的意志×3
彦卿,属性加成,攻击强化,"攻击力提高6.0%
（标签：角色晋阶5）",信用点×45000、逐星之矢×3、践踏的意志×3
彦卿,属性加成,生命强化,"生命值上限提高6.0%
（标签：角色晋阶6）",信用点×160000、逐星之矢×8、践踏的意志×8
彦卿,属性加成,伤害强化•冰,"冰属性伤害提高6.4%
（标签：角色等级75）",信用点×160000、逐星之矢×8、践踏的意志×8
彦卿,属性加成,攻击强化,"攻击力提高8.0%
（标签：角色等级80）",信用点×160000、逐星之矢×8、践踏的意志×8
忘归人,普攻,焕焕辰尾/冉冉方炽,"对指定敌方单体造成等同于忘归人【50%/100%】攻击力的火属性伤害。
（标签：回能 20、战技点 +1、单攻、削韧 10）
对指定敌方单体造成等同于忘归人【50%/100%】攻击力的火属性伤害，对相邻目标造成等同于忘归人【25%/50%】攻击力的火属性伤害。
（标签：回能、战技点 +1、扩散、削韧 10+5*2）",信用点×240000、炽情之灵×3、永寿幼芽×6、星火之精×8、永寿天华×7、焚天之魔×11、永寿荣枝×7
忘归人,战技,"有道祥见,衔书摇风","使指定我方单体获得【狐祈】,并使自身进入【炽灼】状态,持续3回合,忘归人每回合开始时持续回合数减1.,且【狐祈】仅对忘归人战技最新的施放目标生效。持有【狐祈】:的我方目标;击破特攻提高【15%/30%】,攻击没有对应属性弱点的敌人也能削减韧性，效果等同于原削韧值的50%,无法与其他无视弱点属性削韧效果叠加。处于【炽灼】.状态时,忘归人普攻获得强化。持有【狐祈】的我方目标每次施放攻击时，忘归人有100%的基础概率使受到攻击的敌方目标防御力降低【8%/18%】，持续2回合。
（标签：回能 30、战技点 -1）",信用点×652500、永寿幼芽×9、炽情之灵×3、星火之精×15、永寿天华×13、焚天之魔×30、永寿荣枝×7、无穷假身的遗恨×3、命运的足迹×2
忘归人,终结技,"阳极照世,离火满缀","对敌方全体造成等同于忘归人【100%/200%】攻击力的火属性伤害，本次攻击无视弱点属性削减敌方全体的韧性，击破弱点时，触发火属性的弱点击破效果。
（标签：能量 130、回能 5、群攻、削韧 20）",信用点×652500、永寿幼芽×9、炽情之灵×3、星火之精×15、永寿天华×13、焚天之魔×30、永寿荣枝×7、无穷假身的遗恨×3、命运的足迹×2
忘归人,天赋,"善盈后福,德气流布","忘归人在场时，敌方目标会被额外附上等同于自身韧性上限40%的【云火昭】，在初始韧性被削减至0时可被继续削减【云火昭】，【云火昭】被削减至0时会再次受到弱点击破伤害。忘归人在场时,我方攻击处于弱点击破状态的敌方目标后,会将本次攻击的削韧值转化为1次【50%/100%】的超击破伤害。
（标签：妨害）",信用点×652500、永寿幼芽×9、炽情之灵×3、星火之精×15、永寿天华×13、焚天之魔×30、永寿荣枝×7、无穷假身的遗恨×3、命运的足迹×2
忘归人,秘技,焰焒彻旷,"使用秘技后使一定区域内的敌人陷入10秒的晕眩状态,晕眩状态下敌人不会主动攻击我方目标。若主动攻击陷入晕眩状态的敌人,进入战斗后忘归人行动提前40%;并有100%的基础概率使敌方每个单体目标陷入与忘归人战技相同的防御力降低状态，持续2回合。
（标签：妨害）",
忘归人,额外能力,青丘重光,"我方目标造成弱点击破后额外使敌方·目标行动延后15%。
（标签： 角色晋阶2）",信用点×5000、炽情之灵×3、无穷假身的遗恨×1
忘归人,额外能力,涂山玄设,"使自身击破特攻提高30%,施放首次战技后立即回复1点战技点。
（标签： 角色晋阶4）",信用点×20000、星火之精×5、命运的足迹×1、无穷假身的遗恨×1
忘归人,额外能力,玑星太素,"当有敌方目标的弱点被击破时，使除·自身以外的队友击破特攻提高6%,若忘归人的击破特攻大于等于220%,击破特攻提高的效果额外提高12%;持续2回合，该效果最多可叠加2层。
（标签： 角色晋阶6）",信用点×160000、焚天之魔×8、命运的足迹×1、无穷假身的遗恨×1
忘归人,属性加成,速度强化,"速度提高2
（标签：角色等级1）",信用点×2500、永寿幼芽×2
忘归人,属性加成,击破强化,"击破特攻提高5.3%
（标签： 角色晋阶2）",信用点×5000、炽情之灵×3、永寿幼芽×6
忘归人,属性加成,速度强化,"速度提高2
（标签： 角色晋阶3）",信用点×10000、星火之精×3、永寿天华×3
忘归人,属性加成,生命强化,"生命值上限提高4.0%
（标签： 角色晋阶3）",信用点×10000、星火之精×3、永寿天华×3
忘归人,属性加成,速度强化,"速度提高3
（标签： 角色晋阶4）",信用点×20000、星火之精×5、永寿天华×4
忘归人,属性加成,击破强化,"击破特攻提高8.0%
（标签： 角色晋阶5）",信用点×45000、焚天之魔×3、永寿荣枝×3
忘归人,属性加成,速度强化,"速度提高3
（标签： 角色晋阶5）",信用点×45000、焚天之魔×3、永寿荣枝×3
忘归人,属性加成,生命强化,"生命值上限提高6.0%
（标签： 角色晋阶6）",信用点×160000、焚天之魔×8、永寿荣枝×8
忘归人,属性加成,击破强化,"击破特攻提高10.7%
（标签：角色等级75）",信用点×160000、焚天之魔×8、永寿荣枝×8
忘归人,属性加成,速度强化,"速度提高4
（标签：角色等级80）",信用点×160000、焚天之魔×8、永寿荣枝×8
托帕&账账,普攻,赤字…,"对指定敌方单体造成等同于托帕【50%/100%】攻击力的火属性伤害。
（标签：回能 20、战技点 +1、单攻、削韧 10）",信用点×240000、猎兽之矢×3、铁卫扣饰×6、屠魔之矢×8、铁卫军徽×7、逐星之矢×11、铁卫勋章×7
托帕&账账,战技,支付困难？,"使指定敌方单体陷入【负债证明】状态，使其受到的追加攻击伤害提高【25%/50%】。【负债证明】仅对最新被施加的目标生效，我方目标回合开始或行动时，若场上不存在陷入【负债证明】状态的敌方目标，托帕使随机敌方目标陷入【负债证明】状态。
使账账对该目标造成等同于托帕【75%/150%】攻击力的火属性伤害。施放此战技造成伤害时，被视为发动了追加攻击。
（标签：回能 30、战技点 -1、单攻、削韧 20）",信用点×652500、铁卫扣饰×9、猎兽之矢×3、屠魔之矢×15、铁卫军徽×13、逐星之矢×30、铁卫勋章×7、无穷假身的遗恨×3、命运的足迹×2
托帕&账账,终结技,扭亏为盈！,"使账账进入【涨幅惊人！】状态，伤害倍率提高【75%/150%】，暴击伤害提高【12%/25%】，且当陷入【负债证明】状态下的敌方目标受到我方的普攻、战技或终结技的攻击时，账账行动提前50%。账账施放2次攻击后退出【涨幅惊人！】状态。
（标签：能量 130、回能 5、强化）",信用点×652500、铁卫扣饰×9、猎兽之矢×3、屠魔之矢×15、铁卫军徽×13、逐星之矢×30、铁卫勋章×7、无穷假身的遗恨×3、命运的足迹×2
托帕&账账,天赋,猪市？！,"战斗开始时召唤账账。账账初始拥有80点速度，行动时发动追加攻击，对陷入【负债证明】状态下的敌方单体造成等同于托帕【75%/150%】攻击力的火属性伤害。
陷入【负债证明】状态下的敌方目标受到我方的追加攻击时，账账行动提前50%。在账账自身回合内，无法触发行动提前效果。
当托帕陷入无法战斗状态时账账消失。
（标签：回能 0、单攻、削韧 20）
战斗开始时召唤账账。账账初始拥有80点速度，行动时发动追加攻击，对陷入【负债证明】状态下的敌方单体造成等同于托帕【75%/150%】攻击力的火属性伤害。
陷入【负债证明】状态下的敌方目标受到我方的追加攻击时，账账行动提前50%。在账账自身回合内，无法触发行动提前效果。
当托帕陷入无法战斗状态时账账消失。
（标签：回能 0、单攻、强化后削韧 30）",信用点×652500、铁卫扣饰×9、猎兽之矢×3、屠魔之矢×15、铁卫军徽×13、逐星之矢×30、铁卫勋章×7、无穷假身的遗恨×3、命运的足迹×2
托帕&账账,秘技,明补,"托帕入场时召唤账账，账账会自动搜寻一定范围内的普通战利品与扑满。
主动施放秘技使下一场战斗中账账施放首次攻击后，托帕恢复60点能量。
主动施放秘技与大地图内的敌人战斗胜利后，若托帕仍在队伍中，则在获取信用点时额外获取少量信用点，每个地球日内最多额外获取10,000点。
主动施放秘技与模拟宇宙、差分宇宙内的敌人战斗胜利后，额外获取少量宇宙碎片并有小概率获得1个随机奇物。
（标签：强化）",
托帕&账账,额外能力,透支,"托帕施放普攻造成伤害时，被视为发动了追加攻击。
（标签：角色晋阶2）",信用点×5000、猎兽之矢×3、无穷假身的遗恨×1
托帕&账账,额外能力,金融动荡,"托帕和账账对拥有火属性弱点的敌方目标造成的伤害提高15%。
（标签：角色晋阶4）",信用点×20000、屠魔之矢×5、命运的足迹×1、无穷假身的遗恨×1
托帕&账账,额外能力,技术性调整,"当账账处于【涨幅惊人！】状态施放攻击后，额外使托帕恢复10点能量。
（标签：角色晋阶6）",信用点×160000、逐星之矢×8、命运的足迹×1、无穷假身的遗恨×1
托帕&账账,属性加成,伤害强化•火,"火属性伤害提高3.2%
（标签：角色等级1）",信用点×2500、铁卫扣饰×2
托帕&账账,属性加成,暴击率强化,"暴击率提高2.7%
（标签：角色晋阶2）",信用点×5000、猎兽之矢×3、铁卫扣饰×6
托帕&账账,属性加成,伤害强化•火,"火属性伤害提高3.2%
（标签：角色晋阶3）",信用点×10000、屠魔之矢×3、铁卫军徽×3
托帕&账账,属性加成,生命强化,"生命值上限提高4.0%
（标签：角色晋阶3）",信用点×10000、屠魔之矢×3、铁卫军徽×3
托帕&账账,属性加成,伤害强化•火,"火属性伤害提高4.8%
（标签：角色晋阶4）",信用点×20000、屠魔之矢×5、铁卫军徽×4
托帕&账账,属性加成,暴击率强化,"暴击率提高4.0%
（标签：角色晋阶5）",信用点×45000、逐星之矢×3、铁卫勋章×3
托帕&账账,属性加成,伤害强化•火,"火属性伤害提高4.8%
（标签：角色晋阶5）",信用点×45000、逐星之矢×3、铁卫勋章×3
托帕&账账,属性加成,生命强化,"生命值上限提高6.0%
（标签：角色晋阶6）",信用点×160000、逐星之矢×8、铁卫勋章×8
托帕&账账,属性加成,暴击率强化,"暴击率提高5.3%
（标签：角色等级75）",信用点×160000、逐星之矢×8、铁卫勋章×8
托帕&账账,属性加成,伤害强化•火,"火属性伤害提高6.4%
（标签：角色等级80）",信用点×160000、逐星之矢×8、铁卫勋章×8
昔涟,普攻,看，希望的起始！/向着爱与明天♪,"获得1点【追忆】并对指定敌方单体造成等同于昔涟【25%/50%】生命上限的冰属性伤害。
（标签：回能 1点【追忆】、战技点 +1、单攻、削韧 10）
获得3点【追忆】并对指定敌方单体造成等同于昔涟【15%/30%】生命上限的冰属性伤害，随后对敌方全体造成等同于昔涟【15%/30%】生命上限的冰属性伤害。【向着爱与明天♪】无法恢复战技点。
（标签：回能 3点【追忆】、群攻、削韧 单10+群5）",信用点×201500、思量的种×2、恐惧踏碎血肉×4、末那芽苗×6、勇气撕裂胸膛×5、阿赖耶华×8、荣耀洗礼身躯×4
昔涟,战技,盛放吧，来世的乐土,"获得3点【追忆】并展开结界，持续2回合，昔涟每回合开始时结界持续回合数减1。结界持续期间，我方全体目标每造成1次伤害，都会再额外造成1次等同于原伤害【12%/24%】的真实伤害。当昔涟陷入无法战斗状态时，结界也会被解除。
（标签：回能 3点【追忆】、战技点 -1、辅助）",信用点×539000、恐惧踏碎血肉×7、思量的种×2、末那芽苗×12、勇气撕裂胸膛×11、阿赖耶华×26、荣耀洗礼身躯×6、阳雷的遥想×3、命运的足迹×2
昔涟,终结技,诗的「◦」誓约的「∞」/一如初见的重逢,"召唤忆灵德谬歌，使其立即获得1个额外回合并激活全体队友的终结技，随后进入【往昔的涟漪】状态，普攻强化为【向着爱与明天♪】且仅能使用该普攻，昔涟和德谬歌的暴击率提高【25%/50%】，展开战技的结界并使战技的结界没有持续时间。
单场战斗中只能施放1次。德谬歌初始拥有等同于昔涟100%生命上限的生命上限。
（标签：能量 24点【追忆】可激活、召唤）
使德谬歌立即获得1个额外回合。
（标签：强化）",信用点×539000、恐惧踏碎血肉×7、思量的种×2、末那芽苗×12、勇气撕裂胸膛×11、阿赖耶华×26、荣耀洗礼身躯×6、阳雷的遥想×3、命运的足迹×2
昔涟,天赋,众愿啊，汇流如歌,"战斗开始时或昔涟行动后，我方任意状态的其他角色及其忆灵获得【未来】，持有【未来】的我方目标行动时消耗【未来】使昔涟获得1点【追忆】。昔涟在【追忆】达到24点时可激活终结技并解除自身所有负面效果，处于【往昔的涟漪】状态时在【追忆】达到12点时可激活终结技，达到上限后还可最多溢出至27点。昔涟在场时，我方全体目标造成的伤害提高【10.0%/20.0%】。
（标签：强化）",信用点×539000、恐惧踏碎血肉×7、思量的种×2、末那芽苗×12、勇气撕裂胸膛×11、阿赖耶华×26、荣耀洗礼身躯×6、阳雷的遥想×3、命运的足迹×2
昔涟,秘技,西风尽头，宁谧永恒,"使用秘技后，在自身周围制造1片持续30秒的特殊领域，处于特殊领域内的敌人陷入【此刻永驻】状态，处于特殊领域内的我方角色移动速度提高50%。持续时间内进入战斗后，展开战技的结界。我方制造的领域效果最多存在1个。
（标签：辅助）",
昔涟,额外能力,记忆的净子,"队友的忆灵被召唤时获得【未来】，忆灵持有的【未来】不会被消耗。
（标签：角色晋阶2）",信用点×5000、思量的种×3、阳雷的遥想×1
昔涟,额外能力,岁月的旅人,"我方队伍中存在1名/2名/3名除昔涟外的黄金裔角色或「记忆」命途角色时，昔涟在战斗开始时获得2/3/6点【追忆】。
（标签：角色晋阶4）",信用点×20000、末那芽苗×5、命运的足迹×1、阳雷的遥想×1
昔涟,额外能力,三相的因果,"昔涟的速度大于等于180点时，我方全体造成的伤害提高20%，之后每超过1点速度，昔涟与德谬歌的冰属性抗性穿透提高2%，最多计入60点超出的速度。
（标签：角色晋阶6）",信用点×160000、阿赖耶华×8、命运的足迹×1、阳雷的遥想×1
昔涟,忆灵技,花与箭的舞曲/此诗，献予一切生命/献予「XX」之诗,"对敌方全体造成等同于德谬歌【30%/60%】生命上限的冰属性伤害。
（标签：能量 12点【追忆】、群攻、削韧 10）
对指定我方单体角色施加增益效果。当该角色为黄金裔时，使其获得特殊效果。当该角色不是黄金裔时，使其造成的伤害提高【20%/40%】，持续2回合，该效果对其忆灵也生效。
（标签：能量 12点【追忆】、辅助）
整场生效，对开拓者•记忆施放时，使开拓者•记忆的攻击力提高，提高数值等同于德谬歌生命上限的【8%/16%】，同时使开拓者•记忆的暴击率提高，提高数值等同于德谬歌暴击率的【36%/72%】。该效果对迷迷也生效。本场战斗中，开拓者•记忆施放强化普攻后，德谬歌立即获得1个额外回合并自动施放【花与箭的舞曲】，若施放前目标被消灭则对新入场的敌方目标施放。
（标签：辅助）
单次生效，对阿格莱雅施放时，使阿格莱雅获得【浪漫】并使衣匠忆灵天赋的速度提高效果层数立即叠加至上限。阿格莱雅或衣匠攻击后，消耗【浪漫】为自身恢复70点能量。阿格莱雅与衣匠造成的伤害提高【36%/72%】并无视目标【18%/36%】的防御，持续至阿格莱雅退出【至高之姿】状态。
（标签：辅助）
整场生效，对缇宝施放时，使缇宝造成的伤害无视敌方目标【6%/12%】的防御力。缇宝施放追加攻击触发缇宝的结界的附加伤害时，会额外造成1次附加伤害。
（标签：辅助）
单次生效，对万敌施放时解除万敌陷入的所有控制类负面状态，若万敌处于【血仇】状态，则使其自动施放1次不消耗充能的【弑神登神】，本次攻击中万敌的暴击伤害提高【100%/200%】，若施放前目标被消灭则对新入场的敌方目标施放。若万敌不处于【血仇】状态，则使万敌行动提前100%。
（标签：辅助）
整场生效，对遐蝶施放时，【新蕊】可以溢出至200%。召唤死龙时会消耗所有溢出【新蕊】，每消耗1%溢出值，使本次召唤的死龙触发天赋【灼掠幽墟的晦翼】的技能效果时，造成的伤害倍率提高【0.12%/0.24%】，召唤时若场上敌方目标小于等于2名，伤害倍率额外提高【0.24%/0.48%】。
（标签：辅助）
单次生效，对那刻夏施放时，为我方恢复1个战技点并使那刻夏立即行动，使其战技的伤害次数增加3次，持续1回合。那刻夏在下一次施放普攻、战技时获得【真知】：所有「智识」命途角色攻击力提高【30%/60%】、造成的战技伤害提高【20%/40%】，持续至下一个那刻夏回合开始时。
（标签：辅助）
德谬歌施放忆灵技时，使风堇获得2层【献予「天空」之诗】。对风堇施放时，为风堇恢复【12/24】点能量。当风堇持有【献予「天空」之诗】并提供治疗时，计入小伊卡忆灵技的治疗数值额外提高，提高数值等同于本次治疗数值的【36%/72%】。风堇施放战技/终结技后，消耗1层【献予「天空」之诗】。
（标签：辅助）
整场生效，对赛飞儿施放时，使赛飞儿造成的伤害提高【18%/36%】，并使【老主顾】的防御力降低【10%/20%】，【老主顾】以外的敌方目标的防御力降低【6%/12%】。
（标签：辅助）
整场生效，对白厄施放后，使白厄获得6点【火种】，且在变身时获得【永续的燃烧】，变身时若【火种】大于12点，每超出1点，卡厄斯兰那的暴击伤害提高【6%/12%】，最多可提高【36%/72%】。持有【永续的燃烧】时，卡厄斯兰那的暴击率提高【8.0%/16.0%】，在卡厄斯兰那的额外回合耗尽后不会结束变身、刷新全部卡厄斯兰那的额外回合并获得4点【毁伤】。额外回合开始时，卡厄斯兰那消耗等同于当前生命值15%的生命值。施放攻击后，造成5次附加伤害，每次伤害对敌方随机单体造成等同于卡厄斯兰那【5.0%/10.0%】攻击力的火属性附加伤害。
（标签：辅助）
单次生效，对海瑟音施放时，使海瑟音获得【暖流】。海瑟音施放攻击后消耗【暖流】为自身恢复60点能量。本场战斗中，海瑟音造成的伤害提高【60%/120%】，施放普攻/战技攻击敌方目标后，使受到攻击的敌方目标当前承受的所有持续伤害立即产生相当于原伤害【30%/60%】/【40%/80%】的伤害。
（标签：辅助）
整场生效，对刻律德菈施放后，持有【军功】的角色暴击伤害提高【15%/30%】，奇袭结束后，使刻律德菈获得1点充能。
（标签：辅助）
整场生效，对长夜月施放后，「长夜」施放忆灵技【迷梦，流失，如露】时造成的伤害提高【9%/18%】，长夜月施放战技/终结技后，额外获得1点【忆质】。长夜月战技的暴击伤害提高效果额外提高，提高数值等同于长夜月暴击伤害的【6%/12%】。
（标签：辅助）
德谬歌施放忆灵技时，使丹恒•腾荒获得【献予「大地」之诗】，并使【龙灵】的下3次攻击造成等同于【同袍】护盾量【40%/80%】的相应属性附加伤害。当丹恒•腾荒持有【献予「大地」之诗】时，【同袍】造成的伤害提高【12.0%/24.0%】。对丹恒•腾荒施放时，使龙灵行动提前100%，并使龙灵下一次行动时获得丹恒•腾荒终结技的强化效果、提供的护盾量为原护盾量的150%，不消耗丹恒•腾荒终结技的强化次数。
（标签：辅助）
昔涟每从1个除德谬歌以外不同的队友处获得【追忆】后，德谬歌施放【花与箭的舞曲】时额外对敌方随机单体造成1次等同于德谬歌【30%/60%】生命上限的冰属性伤害。昔涟施放终结技后或德谬歌被召唤时，使德谬歌获得1点【故事】，当【故事】达到3点时，德谬歌消耗全部【故事】立即获得1个额外回合自动施放【花与箭的舞曲】。
（标签：削韧 1.67 、辅助）",信用点×201500、思量的种×2、恐惧踏碎血肉×4、末那芽苗×6、勇气撕裂胸膛×5、阿赖耶华×8、荣耀洗礼身躯×4
昔涟,忆灵天赋,等待，在所有的过去/「你好，世界♪」,"德谬歌的速度保持为0，并且不会出现在行动序列上，在场时为界外。昔涟的生命值百分比变化时，德谬歌的生命值百分比也会相应变化。德谬歌在场时，昔涟与德谬歌的生命上限提高【12%/24%】。德谬歌施放技能后使自身所有持续效果持续回合数减1。
（标签：强化）
德谬歌被召唤时，解除我方全体控制类负面状态。
（标签：强化）",信用点×201500、思量的种×2、恐惧踏碎血肉×4、末那芽苗×6、勇气撕裂胸膛×5、阿赖耶华×8、荣耀洗礼身躯×4
昔涟,属性加成,暴击伤害强化,"暴击伤害提高5.3%
（标签：角色等级1）",信用点×2500、恐惧踏碎血肉×2
昔涟,属性加成,速度强化,"速度提高2
（标签：角色晋阶2）",信用点×4000、思量的种×3、恐惧踏碎血肉×6
昔涟,属性加成,暴击伤害强化,"暴击伤害提高5.3%
（标签：角色晋阶3）",信用点×9000、末那芽苗×3、勇气撕裂胸膛×2
昔涟,属性加成,生命强化,"生命值上限提高4%
（标签：角色晋阶3）",信用点×9000、末那芽苗×3、勇气撕裂胸膛×2
昔涟,属性加成,暴击伤害强化,"暴击伤害提高8%
（标签：角色晋阶4）",信用点×19000、末那芽苗×4、勇气撕裂胸膛×4
昔涟,属性加成,速度强化,"速度提高3
（标签：角色晋阶5）",信用点×45000、阿赖耶华×3、荣耀洗礼身躯×3
昔涟,属性加成,暴击伤害强化,"暴击伤害提高8%
（标签：角色晋阶5）",信用点×45000、阿赖耶华×3、荣耀洗礼身躯×3
昔涟,属性加成,生命强化,"生命值上限提高6%
（标签：角色晋阶6）",信用点×140000、阿赖耶华×7、荣耀洗礼身躯×6
昔涟,属性加成,速度强化,"速度提高4
（标签：角色等级75）",信用点×160000、阿赖耶华×8、荣耀洗礼身躯×8
昔涟,属性加成,暴击伤害强化,"暴击伤害提高10.7%
（标签：角色等级80）",信用点×160000、阿赖耶华×8、荣耀洗礼身躯×8
星期日,普攻,闪烁的劝诫,"对指定敌方单体造成等同于星期日【50%/100%】攻击力的虚数属性伤害。
（标签：回能 20、战技点 +1、单体、削韧 10 ）",信用点×240000、云际音符×3、思绪末屑×6、空际小节×8、印象残晶×7、天外乐章×11、欲念碎镜×7
星期日,战技,纸与仪典的恩赐,"使指定我方单体角色及其召唤物立即行动，并使其造成的伤害提高【15%/30%】，若目标拥有召唤物，则造成的伤害提高效果额外提高【25%/50%】，持续2回合。
对【蒙福者】施放战技后恢复1个战技点。
当星期日对「同谐」命途的角色施放该技能时，无法触发立即行动效果。
（标签：回能 30、战技点 -1 、单体、辅助）",信用点×652500、思绪末屑×9、云际音符×3、空际小节×15、印象残晶×13、天外乐章×30、欲念碎镜×7、同愿的遗音×3、命运的足迹×2
星期日,终结技,轻与伤痕的赞颂,"为指定我方单体角色恢复等同于20.0%能量上限的能量，并使目标及其召唤物成为【蒙福者】，【蒙福者】的暴击伤害提高，提高数值等同于星期日【12.0%/30.0%】暴击伤害+【8.0%/12.0%】。星期日自身每回合开始时【蒙福者】状态持续回合减1，共持续3回合。且仅对除星期日自身外终结技最新的施放目标生效。当星期日陷入无法战斗状态时，【蒙福者】效果也会被解除。
（标签：能量 130、回能 5 、单体、辅助）",信用点×652500、思绪末屑×9、云际音符×3、空际小节×15、印象残晶×13、天外乐章×30、欲念碎镜×7、同愿的遗音×3、命运的足迹×2
星期日,天赋,倾诉之肉身,"施放战技时，使目标的暴击率提高【10.0%/20.0%】，持续3回合。
（标签：辅助）",信用点×652500、思绪末屑×9、云际音符×3、空际小节×15、印象残晶×13、天外乐章×30、欲念碎镜×7、同愿的遗音×3、命运的足迹×2
星期日,秘技,荣光之秘,"使用秘技后，下一次战斗星期日首次对我方目标施放技能时，使目标造成的伤害提高50%，持续2回合。
（标签：辅助）",
星期日,额外能力,主日渴慕,"施放终结技时，若为目标恢复的能量不足40点，恢复的能量提高至40点。
（标签：角色晋阶2）",信用点×5000、云际音符×3、同愿的遗音×1
星期日,额外能力,崇高拂尘,"战斗开始时，星期日恢复25点能量。
（标签：角色晋阶4 ）",信用点×20000、空际小节×5、命运的足迹×1、同愿的遗音×1
星期日,额外能力,掌中安港,"施放战技时，解除目标的一个负面效果。
（标签：角色晋阶6）",信用点×160000、天外乐章×8、命运的足迹×1、同愿的遗音×1
星期日,属性加成,暴击伤害强化,"暴击伤害提高5.3%
（标签：角色等级1）",信用点×2500、思绪末屑×2
星期日,属性加成,效果抵抗强化,"效果抵抗提高4.0%
（标签：角色晋阶2）",信用点×5000、云际音符×3、思绪末屑×6
星期日,属性加成,暴击伤害强化,"暴击伤害提高5.3%
（标签：角色晋阶3）",信用点×10000、空际小节×3、印象残晶×3
星期日,属性加成,防御强化,"防御力提高5.0%
（标签：角色晋阶3）",信用点×10000、空际小节×3、印象残晶×3
星期日,属性加成,暴击伤害强化,"暴击伤害提高8.0%
（标签：角色晋阶4 ）",信用点×20000、空际小节×5、印象残晶×4
星期日,属性加成,效果抵抗强化,"效果抵抗提高6.0%
（标签：角色晋阶5 ）",信用点×45000、天外乐章×3、欲念碎镜×3
星期日,属性加成,暴击伤害强化,"暴击伤害提高8.0%
（标签：角色晋阶5 ）",信用点×45000、天外乐章×3、欲念碎镜×3
星期日,属性加成,防御强化,"防御力提高7.5%
（标签：角色晋阶6 ）",信用点×160000、天外乐章×8、欲念碎镜×8
星期日,属性加成,效果抵抗强化,"效果抵抗提高8.0%
（标签：角色等级75）",信用点×160000、天外乐章×8、欲念碎镜×8
星期日,属性加成,暴击伤害强化,"暴击伤害提高10.7%
（标签：角色等级80 ）",信用点×160000、天外乐章×8、欲念碎镜×8
景元,普攻,石火流光,"对指定敌方单体造成等同于景元【50%/100%】攻击力的雷属性伤害。
（标签：回能 20、战技点 +1、单攻、削韧 10）",信用点×240000、灵感之钥×3、永寿幼芽×6、启迪之钥×8、永寿天华×7、智识之钥×11、永寿荣枝×7
景元,战技,紫霄震曜,"对敌方全体造成等同于景元【50%/100%】攻击力的雷属性伤害，同时增加2段【神君】下回合的攻击段数。
（标签：回能 30、战技点 -1、群攻、削韧 10）",信用点×652500、永寿幼芽×9、灵感之钥×3、启迪之钥×15、永寿天华×13、智识之钥×30、永寿荣枝×7、毁灭者的末路×3、命运的足迹×2
景元,终结技,吾身光明,"对敌方全体造成等同于景元【120%/200%】攻击力的雷属性伤害。同时增加3段【神君】下回合的攻击段数。
（标签：能量 130、回能 5、群攻、削韧 20）",信用点×652500、永寿幼芽×9、灵感之钥×3、启迪之钥×15、永寿天华×13、智识之钥×30、永寿荣枝×7、毁灭者的末路×3、命运的足迹×2
景元,天赋,斩勘神形,"战斗开始时召唤【神君】。【神君】初始拥有60点速度以及3段攻击段数，行动时发动追加攻击，每段攻击对随机敌方单体造成等同于景元攻击力【33%/66%】的雷属性伤害，同时对其相邻目标造成等同于主目标25%的雷属性伤害。
【神君】最多累计10段攻击段数且每增加1段攻击段数，速度提高10点，行动结束后速度和攻击段数恢复至初始状态。
当景元陷入无法战斗状态时【神君】消失。
当景元受到控制类负面状态影响时【神君】也无法行动。
（标签：回能 0、弹射、削韧 5每段）",信用点×652500、永寿幼芽×9、灵感之钥×3、启迪之钥×15、永寿天华×13、智识之钥×30、永寿荣枝×7、毁灭者的末路×3、命运的足迹×2
景元,秘技,摄召威灵,"使用秘技后，下一次战斗开始时【神君】第1回合的攻击段数增加3段。
（标签：强化）",
景元,额外能力,破阵,"若【神君】下回合的攻击段数大于等于6段，则其下回合的暴击伤害提高25%。
（标签：角色晋阶2）",信用点×5000、灵感之钥×3、毁灭者的末路×1
景元,额外能力,绸缪,"战斗开始时，立即恢复15点能量。
（标签：角色晋阶4）",信用点×20000、启迪之钥×5、命运的足迹×1、毁灭者的末路×1
景元,额外能力,遣将,"施放战技后，暴击率提升10%，持续2回合。
（标签：角色晋阶6）",信用点×160000、智识之钥×8、命运的足迹×1、毁灭者的末路×1
景元,属性加成,攻击强化,"攻击力提高4.0%
（标签：角色等级1）",信用点×2500、永寿幼芽×2
景元,属性加成,暴击率强化,"暴击率提高2.7%
（标签：角色晋阶2）",信用点×5000、灵感之钥×3、永寿幼芽×6
景元,属性加成,攻击强化,"攻击力提高4.0%
（标签：角色晋阶3）",信用点×10000、启迪之钥×3、永寿天华×3
景元,属性加成,防御强化,"防御力提高5.0%
（标签：角色晋阶3）",信用点×10000、启迪之钥×3、永寿天华×3
景元,属性加成,攻击强化,"攻击力提高6.0%
（标签：角色晋阶4）",信用点×20000、启迪之钥×5、永寿天华×4
景元,属性加成,暴击率强化,"暴击率提高4.0%
（标签：角色晋阶5）",信用点×45000、智识之钥×3、永寿荣枝×3
景元,属性加成,攻击强化,"攻击力提高6.0%
（标签：角色晋阶5）",信用点×45000、智识之钥×3、永寿荣枝×3
景元,属性加成,防御强化,（标签：角色晋阶6）,信用点×160000、智识之钥×8、永寿荣枝×8
景元,属性加成,暴击率强化,"暴击率提高5.3%
（标签：角色等级75）",信用点×160000、智识之钥×8、永寿荣枝×8
景元,属性加成,攻击强化,"攻击力提高8.0%
（标签：角色等级80）",信用点×160000、智识之钥×8、永寿荣枝×8
杰帕德,普攻,一意之拳,"对指定敌方单体造成等同于杰帕德【50%/100%】攻击力的冰属性伤害。
（标签：回能 20、战技点 +1、单攻、削韧 10）",信用点×240000、青铜的执着×3、铁卫扣饰×6、寒铁的誓言×8、铁卫军徽×7、琥珀的坚守×11、铁卫勋章×7
杰帕德,战技,震慑之击,"对指定敌方单体造成等同于杰帕德【100%/200%】攻击力的冰属性伤害，同时有65%的基础概率使受到攻击的敌方目标陷入冻结状态，持续1回合。
冻结状态下，敌方目标不能行动同时每回合开始时受到等同于杰帕德【30%/60%】攻击力的冰属性附加伤害。
（标签：回能 30、战技点 -1、单攻、削韧 20）",信用点×652500、铁卫扣饰×9、青铜的执着×3、寒铁的誓言×15、铁卫军徽×13、琥珀的坚守×30、铁卫勋章×7、守护者的悲愿×3、命运的足迹×2
杰帕德,终结技,永屹之壁,"为我方全体提供能够抵消等同于杰帕德【30%/45%】防御力+【150/600】 伤害的护盾，持续3回合。
（标签：能量 100、回能 5、防御）",信用点×652500、铁卫扣饰×9、青铜的执着×3、寒铁的誓言×15、铁卫军徽×13、琥珀的坚守×30、铁卫勋章×7、守护者的悲愿×3、命运的足迹×2
杰帕德,天赋,不屈之身,"受到致命攻击时杰帕德不会陷入无法战斗状态，并立即回复等同于自身生命上限【25%/50%】 的生命值。该效果单场战斗中只能触发1次。
（标签：回复）",信用点×652500、铁卫扣饰×9、青铜的执着×3、寒铁的誓言×15、铁卫军徽×13、琥珀的坚守×30、铁卫勋章×7、守护者的悲愿×3、命运的足迹×2
杰帕德,秘技,有情之证,"使用秘技后，下一次战斗开始时为我方全体提供能够抵消等同于杰帕德24%防御力+150伤害的护盾，持续2回合。
（标签：防御）",
杰帕德,额外能力,刚正,"杰帕德被敌方攻击的概率提高。
（标签：角色晋阶2）",信用点×5000、青铜的执着×3、守护者的悲愿×1
杰帕德,额外能力,统领,"【不屈之身】触发后，杰帕德的能量立即恢复至100%。
（标签：角色晋阶4）",信用点×20000、寒铁的誓言×5、命运的足迹×1、守护者的悲愿×1
杰帕德,额外能力,战意,"杰帕德提高等同于自身当前防御力35%的攻击力，每回合开始时刷新。
（标签：角色晋阶6）",信用点×160000、琥珀的坚守×8、命运的足迹×1、守护者的悲愿×1
杰帕德,属性加成,伤害强化·冰,"冰属性伤害提高3.2%
（标签：角色等级1）",信用点×2500、铁卫扣饰×2
杰帕德,属性加成,效果抵抗强化,"效果抵抗提高4.0%
（标签：角色晋阶2）",信用点×5000、青铜的执着×3、铁卫扣饰×6
杰帕德,属性加成,伤害强化·冰,"冰属性伤害提高3.2%
（标签：角色晋阶3）",信用点×10000、寒铁的誓言×3、铁卫军徽×3
杰帕德,属性加成,防御强化,"防御力提高5.0%
（标签：角色晋阶3）",信用点×10000、寒铁的誓言×3、铁卫军徽×3
杰帕德,属性加成,伤害强化·冰,"冰属性伤害提高4.8%
（标签：角色晋阶4）",信用点×20000、寒铁的誓言×5、铁卫军徽×4
杰帕德,属性加成,效果抵抗强化,"效果抵抗提高6.0%
（标签：角色晋阶5）",信用点×45000、琥珀的坚守×3、铁卫勋章×3
杰帕德,属性加成,伤害强化·冰,"冰属性伤害提高4.8%
（标签：角色晋阶5）",信用点×45000、琥珀的坚守×3、铁卫勋章×3
杰帕德,属性加成,防御强化,"防御力提高7.5%
（标签：角色晋阶6）",信用点×160000、琥珀的坚守×8、铁卫勋章×8
杰帕德,属性加成,效果抵抗强化,"效果抵抗提高8.0%
（标签：角色等级75）",信用点×160000、琥珀的坚守×8、铁卫勋章×8
杰帕德,属性加成,伤害强化·冰,"冰属性伤害提高6.4%
（标签：角色等级80）",信用点×160000、琥珀的坚守×8、铁卫勋章×8
桂乃芬,普攻,劈头满堂彩,"对指定敌方单体造成等同于桂乃芬【50%/100%】攻击力的火属性伤害。
（标签：回能 20、战技点 +1、单攻、削韧 10）",信用点×192000、黯淡黑曜×2、工造机杼×4、虚空黑曜×6、工造迴轮×5、沉沦黑曜×8、工造浑心×5
桂乃芬,战技,迎面开门红,"对指定敌方单体造成等同于桂乃芬【60%/120%】攻击力的火属性伤害，并对相邻目标造成等同于桂乃芬【20%/40%】攻击力的火属性伤害，有100%的基础概率使目标与相邻目标陷入灼烧状态。灼烧状态下，敌方目标每回合开始时受到等同于桂乃芬【83%/218%】攻击力的火属性持续伤害，持续2回合。
（标签：回能 30、战技点 -1、扩散、削韧 20+10*2）",信用点×522000、工造机杼×6、黯淡黑曜×2、虚空黑曜×12、工造迴轮×10、沉沦黑曜×23、工造浑心×5、无穷假身的遗恨×3、命运的足迹×1
桂乃芬,终结技,给您来段看家戏,"对敌方全体造成等同于桂乃芬【72.0%/120.0%】攻击力的火属性伤害，若目标处于灼烧状态，使其当前承受的灼烧状态立即产生相当于原伤害【72%/92%】的伤害。
（标签：能量 120、回能 5、群攻、削韧 20）",信用点×522000、工造机杼×6、黯淡黑曜×2、虚空黑曜×12、工造迴轮×10、沉沦黑曜×23、工造浑心×5、无穷假身的遗恨×3、命运的足迹×1
桂乃芬,天赋,古来君子养艺人,"桂乃芬在场时，敌方受到的灼烧状态触发伤害后，有100%的基础概率陷入【吞火】状态，【吞火】状态下敌方目标受到的伤害提高【4.0%/7.0%】，持续3回合，最多叠加3层。
（标签：妨害）",信用点×522000、工造机杼×6、黯淡黑曜×2、虚空黑曜×12、工造迴轮×10、沉沦黑曜×23、工造浑心×5、无穷假身的遗恨×3、命运的足迹×1
桂乃芬,秘技,耍耍把式卖卖艺,"立即攻击敌人，进入战斗后造成4次伤害，每次伤害对敌方随机单体造成等同于桂乃芬50%攻击力的火属性伤害并有100%的基础概率使目标陷入【吞火】状态。
（标签：削韧 20）",
桂乃芬,额外能力,缘竿,"普攻有80%的基础概率使敌方目标陷入与战技相同的灼烧状态。
（标签：角色晋阶2）",信用点×4000、黯淡黑曜×2、无穷假身的遗恨×1
桂乃芬,额外能力,投狭,"战斗开始时，桂乃芬的行动提前25%。
（标签：角色晋阶4）",信用点×16000、虚空黑曜×4、命运的足迹×1、无穷假身的遗恨×1
桂乃芬,额外能力,逾锋,"对陷入灼烧状态的敌方目标造成的伤害提高20%。
（标签：角色晋阶6）",信用点×128000、沉沦黑曜×6、命运的足迹×1、无穷假身的遗恨×1
桂乃芬,属性加成,伤害强化•火,"火属性伤害提高3.2%
（标签：角色等级1）",信用点×2000、工造机杼×2
桂乃芬,属性加成,击破强化,"击破特攻提高5.3%
（标签：角色晋阶2）",信用点×4000、黯淡黑曜×2、工造机杼×4
桂乃芬,属性加成,伤害强化•火,"火属性伤害提高3.2%
（标签：角色晋阶3）",信用点×8000、虚空黑曜×2、工造迴轮×2
桂乃芬,属性加成,效果命中强化,"效果命中提高4.0%
（标签：角色晋阶3）",信用点×8000、虚空黑曜×2、工造迴轮×2
桂乃芬,属性加成,伤害强化•火,"火属性伤害提高4.8%
（标签：角色晋阶4）",信用点×16000、虚空黑曜×4、工造迴轮×3
桂乃芬,属性加成,击破强化,"击破特攻提高8.0%
（标签：角色晋阶5）",信用点×36000、沉沦黑曜×2、工造浑心×2
桂乃芬,属性加成,伤害强化•火,"火属性伤害提高4.8%
（标签：角色晋阶5）",信用点×36000、沉沦黑曜×2、工造浑心×2
桂乃芬,属性加成,效果命中强化,"效果命中提高6.0%
（标签：角色晋阶6）",信用点×128000、沉沦黑曜×6、工造浑心×6
桂乃芬,属性加成,击破强化,"击破特攻提高10.7%
（标签：角色等级75）",信用点×128000、沉沦黑曜×6、工造浑心×6
桂乃芬,属性加成,伤害强化•火,"火属性伤害提高6.4%
（标签：角色等级80）",信用点×128000、沉沦黑曜×6、工造浑心×6
桑博,普攻,酷炫的刀花,"对指定敌方单体造成等同于桑博【50%/100%】攻击力的风属性伤害。
（标签：回能 20、战技点 +1、单攻、削韧 10）",信用点×192000、黯淡黑曜×2、古代零件×4、虚空黑曜×6、古代转轴×5、沉沦黑曜×8、古代引擎×5
桑博,战技,反复横跳的爱,"对指定敌方单体造成等同于桑博【28%/56%】攻击力的风属性伤害，并额外造成4次伤害，每次伤害对敌方随机单体造成等同于桑博【28%/56%】攻击力的风属性伤害。
（标签：回能 30、战技点 -1、弹射、削韧 10+5*4）",信用点×522000、古代零件×6、黯淡黑曜×2、虚空黑曜×12、古代转轴×10、沉沦黑曜×23、古代引擎×5、守护者的悲愿×3、命运的足迹×1
桑博,终结技,惊喜礼盒,"对敌方全体造成等同于桑博【96%/160%】攻击力的风属性伤害，同时有100%的基础概率使被攻击的敌方目标受到的持续伤害提高【20%/30%】，持续2回合。
（标签：能量 120、回能 5、群攻、削韧 20）",信用点×522000、古代零件×6、黯淡黑曜×2、虚空黑曜×12、古代转轴×10、沉沦黑曜×23、古代引擎×5、守护者的悲愿×3、命运的足迹×1
桑博,天赋,撕风的匕首,"桑博击中敌方目标后有65%的基础概率使目标陷入风化状态，持续3回合。
风化状态下，敌方目标每回合开始时受到等同于桑博【20%/52%】攻击力的风属性持续伤害。风化状态最多叠加5层。
（标签：强化）",信用点×522000、古代零件×6、黯淡黑曜×2、虚空黑曜×12、古代转轴×10、沉沦黑曜×23、古代引擎×5、守护者的悲愿×3、命运的足迹×1
桑博,秘技,你最闪亮,"使用秘技后使一定区域内的敌人陷入10秒的目盲状态，目盲状态下的敌人无法发现我方目标。
若主动攻击陷入目盲状态的敌人，进入战斗时有100%固定概率使敌方每个单体目标行动延后25%。
（标签：妨碍）",
桑博,额外能力,圈套,"天赋使敌方陷入风化状态的持续时间延长1回合。
（标签：角色晋阶2）",信用点×4000、黯淡黑曜×2、守护者的悲愿×1
桑博,额外能力,后手,"施放终结技时，额外恢复10点能量。
（标签：角色晋阶4）",信用点×16000、虚空黑曜×4、命运的足迹×1、守护者的悲愿×1
桑博,额外能力,加料,"风化状态下的敌方目标对桑博造成的伤害降低15%。
（标签：角色晋阶6）",信用点×128000、沉沦黑曜×6、命运的足迹×1、守护者的悲愿×1
桑博,属性加成,攻击强化,"攻击力提高4.0%
（标签：角色等级1）",信用点×2000、古代零件×2
桑博,属性加成,效果命中强化,"效果命中提高4.0%
（标签：角色晋阶2）",信用点×4000、黯淡黑曜×2、古代零件×4
桑博,属性加成,攻击强化,"攻击力提高4.0%
（标签：角色晋阶3）",信用点×8000、虚空黑曜×2、古代转轴×2
桑博,属性加成,效果抵抗强化,"效果抵抗提高4.0%
（标签：角色晋阶3）",信用点×8000、虚空黑曜×2、古代转轴×2
桑博,属性加成,攻击强化,"攻击力提高6.0%
（标签：角色晋阶4）",信用点×16000、虚空黑曜×4、古代转轴×3
桑博,属性加成,效果命中强化,"效果命中提高6.0%
（标签：角色晋阶5）",信用点×36000、沉沦黑曜×2、古代引擎×2
桑博,属性加成,攻击强化,"攻击力提高6.0%
（标签：角色晋阶5）",信用点×36000、沉沦黑曜×2、古代引擎×2
桑博,属性加成,效果抵抗强化,"效果抵抗提高6.0%
（标签：角色晋阶6）",信用点×128000、沉沦黑曜×6、古代引擎×6
桑博,属性加成,效果命中强化,"效果命中提高8.0%
（标签：角色等级75）",信用点×128000、沉沦黑曜×6、古代引擎×6
桑博,属性加成,攻击强化,"攻击力提高8.0%
（标签：角色等级80）",信用点×128000、沉沦黑曜×6、古代引擎×6
椒丘,普攻,仁火攻心,回能 20、战技点 +1、单攻、削韧 10对指定敌方单体造成等同于椒丘【50%/100%】攻击力的火属性伤害。,信用点×240000、炽情之灵×3、永寿幼芽×6、星火之精×8、永寿天华×7、焚天之魔×11、永寿荣枝×7
椒丘,战技,燔燎急袭,回能 30、战技点 -1、扩散、削韧 20+10*2对指定敌方单体造成等同于椒丘【75%/150%】攻击力的火属性伤害，同时对其相邻目标造成等同于椒丘【45%/90%】攻击力的火属性伤害，有100%的基础概率对主目标施加1层【烬煨】。,信用点×652500、永寿幼芽×9、炽情之灵×3、星火之精×15、永寿天华×13、焚天之魔×30、永寿荣枝×7、无穷假身的遗恨×3、命运的足迹×2
椒丘,终结技,鼎阵妙法，奇正相生,"能量 100、回能 5、群攻、削韧 20将敌方目标具有的【烬煨】层数统一设置为场上【烬煨】层数的最高值，随后开启结界并对敌方全体造成等同于椒丘【60%/100%】攻击力的火属性伤害。
处于结界中时，敌方目标受到的终结技伤害提高【9.0%/15.0%】，且行动时有【50%/60%】的基础概率被施加1层【烬煨】，结界存在期间该效果最多触发6次，且每个敌方目标每回合只能触发1次。椒丘每次施放终结技时重置触发次数。
结界持续3回合，自身每回合开始时结界持续回合数减1。当椒丘陷入无法战斗状态时，结界也会被解除。",信用点×652500、永寿幼芽×9、炽情之灵×3、星火之精×15、永寿天华×13、焚天之魔×30、永寿荣枝×7、无穷假身的遗恨×3、命运的足迹×2
椒丘,天赋,四示八权，纤滋精味,"妨害椒丘使用普攻、战技、终结技击中敌人时，有100%的基础概率对其施加1层【烬煨】，1层时使敌人受到的伤害提高【7.5%/15.0%】，此后每叠加1层提高【2.5%/5.0%】。
【烬煨】最多叠加5层，持续2回合。
当敌方目标处于【烬煨】状态时，也会被视为同时陷入了灼烧状态，每回合开始时受到等同于椒丘【90%/180%】攻击力的火属性持续伤害。",信用点×652500、永寿幼芽×9、炽情之灵×3、星火之精×15、永寿天华×13、焚天之魔×30、永寿荣枝×7、无穷假身的遗恨×3、命运的足迹×2
椒丘,秘技,旺火却乱,妨害使用秘技后，制造1片持续15秒的特殊领域。与处于特殊领域内的敌人进入战斗后，对敌方全体造成等同于椒丘100%攻击力的火属性伤害，并有100%的基础概率施加1层【烬煨】。我方制造的领域效果最多存在1个。,
椒丘,额外能力,爟火,角色晋阶2 战斗开始时，立即恢复15点能量。,信用点×5000、炽情之灵×3、无穷假身的遗恨×1
椒丘,额外能力,举炊,角色晋阶4 椒丘效果命中大于80%时，每超过15%，则额外提高60%攻击力，最高不超过240%。,信用点×20000、星火之精×5、命运的足迹×1、无穷假身的遗恨×1
椒丘,额外能力,炙香,角色晋阶6 结界存在时，敌方目标进入战斗时，会被施加【烬煨】，层数与结界展开期间【烬煨】层数最高者相同，最低为1层。,信用点×160000、焚天之魔×8、命运的足迹×1、无穷假身的遗恨×1
椒丘,属性加成,效果命中强化,角色等级1 效果命中提高4.0%,信用点×2500、永寿幼芽×2
椒丘,属性加成,伤害强化•火,角色晋阶2 火属性伤害提高3.2%,信用点×5000、炽情之灵×3、永寿幼芽×6
椒丘,属性加成,效果命中强化,角色晋阶3 效果命中提高4.0%,信用点×10000、星火之精×3、永寿天华×3
椒丘,属性加成,速度强化,角色晋阶3 速度提高2,信用点×10000、星火之精×3、永寿天华×3
椒丘,属性加成,效果命中强化,角色晋阶4 效果命中提高6.0%,信用点×20000、星火之精×5、永寿天华×4
椒丘,属性加成,伤害强化•火,角色晋阶5 火属性伤害提高4.8%,信用点×45000、焚天之魔×3、永寿荣枝×3
椒丘,属性加成,效果命中强化,角色晋阶5 效果命中提高6.0%,信用点×45000、焚天之魔×3、永寿荣枝×3
椒丘,属性加成,速度强化,角色晋阶6 速度提高3,信用点×160000、焚天之魔×8、永寿荣枝×8
椒丘,属性加成,伤害强化•火,角色等级75 火属性伤害提高6.4%,信用点×160000、焚天之魔×8、永寿荣枝×8
椒丘,属性加成,效果命中强化,角色等级80 效果命中提高8.0%,信用点×160000、焚天之魔×8、永寿荣枝×8
波提欧,普攻,蹄铁裂颅/击锤连弩,"对指定敌方单体造成等同于波提欧【50%/100%】攻击力的物理属性伤害。
（标签：回能 20、战技点 +1、单体、削韧）
对指定敌方单体造成等同于波提欧【110%/220%】攻击力的物理属性伤害。
强化普攻无法恢复战技点，且仅能以处于【绝命对峙】的敌方目标为目标。
（标签：回能 30、单体、削韧 20）",信用点×240000、陨铁弹丸×3、思绪末屑×6、命定死因×8、印象残晶×7、逆时一击×11、欲念碎镜×7
波提欧,战技,炽砾舞者的探戈,"使指定敌方单体及自身进入【绝命对峙】状态，波提欧普攻获得强化且无法施放战技，持续2回合，波提欧每回合开始时持续回合数减1。
处于【绝命对峙】的敌方目标陷入嘲讽状态。该目标/波提欧受到对方攻击时，受到的伤害提高【15%/30%】/15%。
该目标被消灭或弱点被击破后，波提欧均可获得1层【优势口袋】，随后解除【绝命对峙】。
该战技无法恢复能量。施放该战技后，本回合不会结束。
（标签：战技点 -1、妨害）",信用点×652500、思绪末屑×9、陨铁弹丸×3、命定死因×15、印象残晶×13、逆时一击×30、欲念碎镜×7、同愿的遗音×3、命运的足迹×2
波提欧,终结技,尘魔舞者的日落秀,"为指定敌方单体添加物理弱点，持续2回合。
对该目标造成等同于波提欧【240%/400%】攻击力的物理属性伤害，并使其行动延后【30%/40%】。
（标签：能量 115、回能 5、单体、削韧 30）",信用点×652500、思绪末屑×9、陨铁弹丸×3、命定死因×15、印象残晶×13、逆时一击×30、欲念碎镜×7、同愿的遗音×3、命运的足迹×2
波提欧,天赋,轮中五豆,"每层【优势口袋】使强化普攻的削韧值提高50%，最多叠加3层。
施放强化普攻期间，若目标处于弱点击破状态，基于【优势口袋】层数，对目标造成等同于波提欧【（35%/60%/85%）/（70%/120%/170%）】物理属性击破伤害的击破伤害，该伤害计入的韧性上限不超过普攻【蹄铁裂颅】基础削韧值的16倍。
战斗胜利后，波提欧能够将【优势口袋】保留至下一次战斗中。
（标签：强化）",信用点×652500、思绪末屑×9、陨铁弹丸×3、命定死因×15、印象残晶×13、逆时一击×30、欲念碎镜×7、同愿的遗音×3、命运的足迹×2
波提欧,秘技,三乘九的微笑,"使用秘技后，下一次战斗首次施放战技时，为目标添加与终结技相同的物理弱点，持续2回合。
（标签：强化）",
波提欧,额外能力,幽灵装填,"使自身暴击率/暴击伤害提高，提高数值等同于击破特攻的10%/50%，最多使暴击率/暴击伤害提高30%/150%。
（标签：角色晋阶2）",信用点×5000、陨铁弹丸×3、同愿的遗音×1
波提欧,额外能力,蛇之上行,"波提欧处于【绝命对峙】时，受到未处于【绝命对峙】目标的伤害降低30%。
（标签：角色晋阶4 ）",信用点×20000、命定死因×5、命运的足迹×1、同愿的遗音×1
波提欧,额外能力,抵近射击,"处于【绝命对峙】并获得【优势口袋】时，恢复10点能量。该效果在获得溢出的【优势口袋】时也会触发。
（标签： 角色晋阶6）",信用点×160000、逆时一击×8、命运的足迹×1、同愿的遗音×1
波提欧,属性加成,击破强化,"击破特攻提高5.3%
（标签：角色等级1 ）",信用点×2500、思绪末屑×2
波提欧,属性加成,攻击强化,"攻击力提高4.0%
（标签：角色晋阶2）",信用点×5000、陨铁弹丸×3、思绪末屑×6
波提欧,属性加成,击破强化,"击破特攻提高5.3%
（标签：角色晋阶3）",信用点×10000、命定死因×3、印象残晶×3
波提欧,属性加成,生命强化,"生命值上限提高4.0%
（标签：角色晋阶3）",信用点×10000、命定死因×3、印象残晶×3
波提欧,属性加成,击破强化,"击破特攻提高8.0%
（标签：角色晋阶4 ）",信用点×20000、命定死因×5、印象残晶×4
波提欧,属性加成,攻击强化,"攻击力提高6.0%
（标签：角色晋阶5）",信用点×45000、逆时一击×3、欲念碎镜×3
波提欧,属性加成,击破强化,"击破特攻提高8.0%
（标签：角色晋阶5）",信用点×45000、逆时一击×3、欲念碎镜×3
波提欧,属性加成,生命强化,"生命值上限提高6.0%
（标签： 角色晋阶6）",信用点×160000、逆时一击×8、欲念碎镜×8
波提欧,属性加成,攻击强化,"攻击力提高8.0%
（标签：角色等级75）",信用点×160000、逆时一击×8、欲念碎镜×8
波提欧,属性加成,击破强化,"击破特攻提高10.7%
（标签：角色等级80）",信用点×160000、逆时一击×8、欲念碎镜×8
流萤,普攻,指令-闪燃推进/火萤Ⅳ型-底火斩击,"对指定敌方单体造成等同于装甲「萨姆」【50%/100%】攻击力的火属性伤害。
（标签：回能20、战技点+1、单攻、削韧10）
回复等同于自身20%生命上限的生命值。对指定敌方单体造成等同于装甲「萨姆」【100%/200%】攻击力的火属性伤害。
（标签：回能0、战技点+1、单攻、削韧15）",信用点×240000、步离犬牙×3、思绪末屑×6、狼毒锯牙×8、印象残晶×7、月狂獠牙×11、欲念碎镜×7
流萤,战技,指令-天火轰击/火萤Ⅳ型-死星过载,"消耗等同于自身生命上限40%的生命值固定恢复等同于自身【50%/60%】能量上限的能量，对指定敌方单体造成等同于装甲「萨姆」【100%/200%】攻击力的火属性伤害。若当前生命值不足，施放战技时装甲「萨姆」的当前生命值降至1点。使自身下一次行动提前25%。
（标签：回能50%/60%、单攻、削韧20、战技点-1）
回复等同于自身25%生命上限的生命值。为指定敌方单体添加火属性弱点，持续2回合。对该目标造成等同于装甲「萨姆」（0.2*击破特攻+【100.0%/200.0%】）攻击力的火属性伤害。同时对其相邻目标造成等同于装甲「萨姆」（0.1*击破特攻+【50.0%/100.0%】）攻击力的火属性伤害。最多计算360%击破特攻。
（标签：回能0、战技点-1、扩散、削韧 30+15*2）",信用点×652500、思绪末屑×9、步离犬牙×3、狼毒锯牙×15、印象残晶×13、月狂獠牙×30、欲念碎镜×7、同愿的遗音×3、命运的足迹×2
流萤,终结技,火萤Ⅳ型-完全燃烧,"进入「完全燃烧」状态，自身行动提前100%并获得强化普攻和强化战技。「完全燃烧」状态下速度提高【30/60】点，且施放强化普攻、强化战技时自身弱点击破效率提高50%、使敌方目标受到装甲「萨姆」造成的击破伤害提高【10.0%/20.0%】，持续至本次攻击结束。行动序列上出现「完全燃烧」倒计时，倒计时回合开始时装甲「萨姆」解除「完全燃烧」状态，倒计时固定拥有70速度。「完全燃烧」状态下装甲「萨姆」无法施放终结技。
（标签：能量240、回能5、强化）",信用点×652500、思绪末屑×9、步离犬牙×3、狼毒锯牙×15、印象残晶×13、月狂獠牙×30、欲念碎镜×7、同愿的遗音×3、命运的足迹×2
流萤,天赋,茧式源火中枢,"生命值越低受到的伤害越低，生命值小于等于20%时减伤效果达到最大值，最多降低【20%/40%】。「完全燃烧」状态下减伤效果维持最大值，效果抵抗提高【10%/30%】。战斗开始时若能量不足50%则使其恢复至50%。当能量恢复至上限时解除自身所有负面效果。
（标签：防御）",信用点×652500、思绪末屑×9、步离犬牙×3、狼毒锯牙×15、印象残晶×13、月狂獠牙×30、欲念碎镜×7、同愿的遗音×3、命运的足迹×2
流萤,秘技,Δ指令-焦土陨击,"跳跃至空中并进行自由移动，持续5秒，此时施放下落攻击可以提前结束持续时间。持续时间结束后;下落并立即攻击一定范围内的所有敌人，每个波次开始时为敌方全体添加火属性弱点，持续2回合，此后对敌方全体造成等同于装甲「萨姆」200%攻击力的火属性伤害。
（标签：削韧20）",
流萤,额外能力,α模组-偏时迸发,"「完全燃烧」状态下，攻击没有火属性弱点的敌人也能削减韧性，效果等同于原技能削韧值的55%。
（标签：角色晋阶2）",信用点×5000、步离犬牙×3、同愿的遗音×1
流萤,额外能力,β模组-自限装甲,"「完全燃烧」状态下，当装甲「萨姆」的击破特攻大于等于200%/360%时，攻击处于弱点击破状态下的敌方目标后，会将本次攻击的削韧值转化为1次35%/50%的超击破伤害。
（标签：角色晋阶4）",信用点×20000、狼毒锯牙×5、命运的足迹×1、同愿的遗音×1
流萤,额外能力,γ模组-过载核心,"若装甲「萨姆」的攻击力高于1800点，每超过10点攻击力可使自身击破特攻提高0.8%。
（标签：角色晋阶6）",信用点×160000、月狂獠牙×8、命运的足迹×1、同愿的遗音×1
流萤,属性加成,击破强化,"击破特攻提高5.3%
（标签：角色等级1）",信用点×2500、思绪末屑×2
流萤,属性加成,效果抵抗强化,"效果抵抗提高4.0%
（标签：角色晋阶2）",信用点×5000、步离犬牙×3、思绪末屑×6
流萤,属性加成,击破强化,"击破特攻提高5.3%
（标签：角色晋阶3）",信用点×10000、狼毒锯牙×3、印象残晶×3
流萤,属性加成,速度强化,"速度提高2
（标签：角色晋阶3）",信用点×10000、狼毒锯牙×3、印象残晶×3
流萤,属性加成,击破强化,"击破特攻提高8.0%
（标签：角色晋阶4）",信用点×20000、狼毒锯牙×5、印象残晶×4
流萤,属性加成,效果抵抗强化,"效果抵抗提高6.0%
（标签：角色晋阶5）",信用点×45000、月狂獠牙×3、欲念碎镜×3
流萤,属性加成,击破强化,"击破特攻提高8.0%
（标签：角色晋阶5）",信用点×45000、月狂獠牙×3、欲念碎镜×3
流萤,属性加成,速度强化,"速度提高3
（标签：角色晋阶6）",信用点×160000、月狂獠牙×8、欲念碎镜×8
流萤,属性加成,效果抵抗强化,"效果抵抗提高8.0%
（标签：角色等级75）",信用点×160000、月狂獠牙×8、欲念碎镜×8
流萤,属性加成,击破强化,"击破特攻提高10.7%
（标签：角色等级80）",信用点×160000、月狂獠牙×8、欲念碎镜×8
海瑟音,普攻,小调，止水中回响,"对指定敌方单体造成等同于海瑟音【50%/100%】攻击力的物理属性伤害。
（标签：回能 20、削韧 10、单攻、战技点 +1）",信用点×240000、炽情之灵×3、恐惧踏碎血肉×6、星火之精×8、勇气撕裂胸膛×7、焚天之魔×11、荣耀洗礼身躯×7
海瑟音,战技,泛音，暗流后齐鸣,"有100%的基础概率使敌方全体受到的伤害提高【10%/20%】，持续3回合，同时对敌方全体造成等同于海瑟音【70%/140%】攻击力的物理属性伤害。
（标签：群攻、回能 30、削韧 10、战技点 -1）",信用点×652500、恐惧踏碎血肉×9、炽情之灵×3、星火之精×15、勇气撕裂胸膛×13、焚天之魔×30、荣耀洗礼身躯×7、阳雷的遥想×3、命运的足迹×2
海瑟音,终结技,绝海回涛，噬魂舞曲,"海瑟音展开结界，使敌方目标攻击力降低15%，防御力降低【15%/25%】，对敌方全体造成等同于海瑟音【120%/200%】攻击力的物理属性伤害。
处于结界中的敌方目标每受到1次持续伤害，海瑟音对其造成等同于自身【32%/80%】攻击力的物理属性持续伤害，该伤害在每回合开始时或我方目标单次攻击后触发，且最多触发8次。该伤害不会重复触发此效果。
（标签：能量 110、回能 5、群攻、削韧 20）",信用点×652500、恐惧踏碎血肉×9、炽情之灵×3、星火之精×15、勇气撕裂胸膛×13、焚天之魔×30、荣耀洗礼身躯×7、阳雷的遥想×3、命运的足迹×2
海瑟音,天赋,海妖在欢唱,"我方目标攻击时，海瑟音有100%的基础概率使被击中的敌方目标陷入风化/裂伤/灼烧/触电其中1种状态，且会优先陷入不同的状态。风化/灼烧/触电状态下，敌方目标每回合开始时受到等同于海瑟音【10%/25%】攻击力的风/火/雷属性的持续伤害，持续2回合。裂伤状态下，敌方目标每回合开始时受到等同于自身20%生命上限的物理属性持续伤害，最多不超过海瑟音攻击力的【10%/25%】，持续2回合。
（标签：妨害）",信用点×652500、恐惧踏碎血肉×9、炽情之灵×3、星火之精×15、勇气撕裂胸膛×13、焚天之魔×30、荣耀洗礼身躯×7、阳雷的遥想×3、命运的足迹×2
海瑟音,秘技,于海的栖息地,"使用秘技后，制造一个持续20秒并自动向前移动的特殊领域，处于特殊领域内的敌人陷入【醉心】状态。【醉心】状态下的敌人不会对我方目标发动攻击，且在领域持续期间跟随领域。与处于【醉心】状态下的敌人进入战斗后，有100%的基础概率使敌方每个单体目标陷入与海瑟音天赋效果相同的风化/裂伤/灼烧/触电其中2种状态。我方制造的领域效果最多存在1个。
（标签：妨害）",
海瑟音,额外能力,征服的剑旗,"战斗开始时，海瑟音展开与终结技效果相同的结界，结界持续3回合。每当海瑟音展开结界时，恢复1个战技点。
（标签：角色晋阶2）",信用点×5000、炽情之灵×3、阳雷的遥想×1
海瑟音,额外能力,盛会的泡沫,"海瑟音施放终结技时，若敌方目标处于持续伤害状态，使其当前承受的所有持续伤害立即产生相当于原伤害150%的伤害。
（标签：角色晋阶4）",信用点×20000、星火之精×5、命运的足迹×1、阳雷的遥想×1
海瑟音,额外能力,珍珠的琴弦,"若海瑟音的效果命中高于60%，每超过10%可使自身造成的伤害提高15%，最多提高90%。
（标签：角色晋阶6）",信用点×160000、焚天之魔×8、命运的足迹×1、阳雷的遥想×1
海瑟音,属性加成,速度强化,"速度提高2
（标签：角色等级1）",信用点×2500、恐惧踏碎血肉×2
海瑟音,属性加成,攻击强化,"攻击力提高4%
（标签：角色晋阶2）",信用点×5000、炽情之灵×3、恐惧踏碎血肉×6
海瑟音,属性加成,速度强化,"速度提高2
（标签：角色晋阶3）",信用点×10000、星火之精×3、勇气撕裂胸膛×3
海瑟音,属性加成,效果命中强化,"效果命中提高4%
（标签：角色晋阶3）",信用点×10000、星火之精×3、勇气撕裂胸膛×3
海瑟音,属性加成,速度强化,"速度提高3
（标签：角色晋阶4）",信用点×20000、星火之精×5、勇气撕裂胸膛×4
海瑟音,属性加成,攻击强化,"攻击力提高6%
（标签：角色晋阶5）",信用点×45000、焚天之魔×3、荣耀洗礼身躯×3
海瑟音,属性加成,速度强化,"速度提高3
（标签：角色晋阶5）",信用点×45000、焚天之魔×3、荣耀洗礼身躯×3
海瑟音,属性加成,效果命中强化,"效果命中提高6%
（标签：角色晋阶6）",信用点×160000、焚天之魔×8、荣耀洗礼身躯×8
海瑟音,属性加成,攻击强化,"攻击力提高8%
（标签：角色等级75）",信用点×160000、焚天之魔×8、荣耀洗礼身躯×8
海瑟音,属性加成,速度强化,"速度提高4
（标签：角色等级80）",信用点×160000、焚天之魔×8、荣耀洗礼身躯×8
火花,普攻,哑火了吗,"对指定敌方单体造成等同于火花【50%/100%】攻击力的火属性伤害。
（标签：回能 20、单攻、削韧 10）
结算直播连线结果，对指定敌方单体造成等同于火花【50%/100%】攻击力的火属性伤害，并对其相邻目标造成等同于火花【25%/50%】攻击力的火属性伤害。
（标签：回能 40、削韧 30+15*2、扩散）",信用点×180000、《绒绒号》手绘分镜稿×2、童真蜡笔×5、《绒绒号》连载纪念刊×5、造梦蘸钢×5、《绒绒号》典藏版合集×8、梦现管锥×4
火花,战技,尖叫！火花花连线中,"开启直播连线，使普攻变为【百花齐放，胜者独享！】并发动1次【互动陷阱】，最多发动20次。施放本技能不视为使用战技。
（标签：强化）
使【百花齐放，胜者独享!】对指定敌方单体的伤害倍率提高【10%/20%】，对其相邻目标的伤害倍率提高【5%/10%】，并随机获得一种礼物:【红红火火】:2个笑点和2个战技点。【恍恍惚惚】:1个笑点。施放本技能不视为使用战技。
（标签：强化）",信用点×520000、童真蜡笔×7、《绒绒号》手绘分镜稿×3、《绒绒号》连载纪念刊×12、造梦蘸钢×11、《绒绒号》典藏版合集×24、梦现管锥×6、灭流绝溢的缄默×3、命运的足迹×2
火花,终结技,万我狂欢，镜头不要停,"获得2个笑点。对敌方全体造成等同于火花(0.6*欢愉度+【30%/50%】)攻击力的火属性伤害。
（标签：能量160点、回能 5、群攻、削韧 20）",信用点×520000、童真蜡笔×7、《绒绒号》手绘分镜稿×3、《绒绒号》连载纪念刊×12、造梦蘸钢×11、《绒绒号》典藏版合集×24、梦现管锥×6、灭流绝溢的缄默×3、命运的足迹×2
火花,天赋,幕后花手,"火花持有[好活当赏】时:
施放强化普攻可对指定敌方单体造成【20%/40%】的火属性欢愉伤害，并对其相邻目标造成【10%/20%】的火属性欢愉伤害。且每发动1次【互动陷阱】会使强化普攻攻击时，额外对随机1个受到攻击的敌方目标造成1次【10%/20%】的火属性欢愉伤害。施放终结技可对敌方全体造成【24%/48%】的火属性欢愉伤害。
（标签：削韧 5）",信用点×520000、童真蜡笔×7、《绒绒号》手绘分镜稿×3、《绒绒号》连载纪念刊×12、造梦蘸钢×11、《绒绒号》典藏版合集×24、梦现管锥×6、灭流绝溢的缄默×3、命运的足迹×2
火花,秘技,流量变现,"使用秘技后使一定区域内的敌人陷入10秒的[拉黑】状态，[拉黑】状态下的敌人无法发现我方目标。若主动攻击陷入【拉黑】状态的敌人，进入战斗后，对敌方全体造成等同于火花50%攻击力的火属性伤害，并为我方恢复2个战技点。
（标签：妨害）",
火花,额外能力,甜蜜！笑点签售会,"若火花攻击力高于2000点，每超过100点攻击力可使自身欢愉度提高5%，最多提高80%。
（标签：角色晋阶2）",信用点×5000、《绒绒号》手绘分镜稿×2、灭流绝溢的缄默×1
火花,额外能力,炫目！人设万花筒,"队伍中「欢愉」命途角色数量等于1/2/3或以上时，火花施放终结技额外获得2/4/8个笑点及1/1/4个【爆点】。
（标签：角色晋阶4）",信用点×20000、《绒绒号》连载纪念刊×4、命运的足迹×1、灭流绝溢的缄默×1
火花,额外能力,沸腾！真伪调色盘,"当前每拥有1个笑点，使我方全体暴击伤害提高8%，最多提高80%。
（标签：角色晋阶6）",信用点×140000、《绒绒号》典藏版合集×8、命运的足迹×1、灭流绝溢的缄默×1
火花,欢愉技,信号溢出：好戏返场！,"对敌方全体造成【25%/50%】的火属性欢愉伤害，并额外造成20次伤害。每次伤害对随机敌方单体造成【12.5%/25%】的火属性欢愉伤害。使火花获得2个【爆点]，可用来抵扣火花的战技点消耗。消耗【爆点】视为消耗战技点。
（标签：回能 5、群攻、削韧单体 1*20、削韧群体 6、参演编号 144）",信用点×520000、童真蜡笔×7、《绒绒号》手绘分镜稿×3、《绒绒号》连载纪念刊×12、造梦蘸钢×11、《绒绒号》典藏版合集×24、梦现管锥×14
火花,属性加成,欢愉度强化,"欢愉度提高4%
（标签：角色等级1）",信用点×2000、童真蜡笔×2
火花,属性加成,暴击率强化,"暴击率提高2.7%
（标签：角色晋阶2）",信用点×5000、《绒绒号》手绘分镜稿×2、童真蜡笔×6
火花,属性加成,欢愉度强化,"欢愉度提高4%
（标签：角色晋阶3）",信用点×10000、《绒绒号》连载纪念刊×4、造梦蘸钢×2
火花,属性加成,暴击伤害强化,"暴击伤害提高5.3%
（标签：角色晋阶3）",信用点×10000、《绒绒号》连载纪念刊×4、造梦蘸钢×2
火花,属性加成,欢愉度强化,"欢愉度提高6%
（标签：角色晋阶4）",信用点×18000、《绒绒号》连载纪念刊×4、造梦蘸钢×3
火花,属性加成,暴击率强化,"暴击率提高4%
（标签：角色晋阶5）",信用点×45000、《绒绒号》典藏版合集×3、梦现管锥×2
火花,属性加成,欢愉度强化,"欢愉度提高6%
（标签：角色晋阶5）",信用点×45000、《绒绒号》典藏版合集×3、梦现管锥×2
火花,属性加成,暴击伤害强化,"暴击伤害提高8%
（标签：角色晋阶6）",信用点×120000、《绒绒号》典藏版合集×5、梦现管锥×2
火花,属性加成,暴击率强化,"暴击率提高5.3%
（标签：角色等级75）",信用点×160000、《绒绒号》典藏版合集×8、梦现管锥×8
火花,属性加成,欢愉度强化,"欢愉度提高8%
（标签：角色等级80）",信用点×160000、《绒绒号》典藏版合集×8、梦现管锥×8
灵砂,普攻,肃香,"对指定敌方单体造成等同于灵砂【50%/100%】攻击力的火属性伤害。
（标签：回能 20、战技点 +1、单攻、削韧 10）",信用点×240000、异木种籽×3、永寿幼芽×6、滋长花蜜×8、永寿天华×7、万相果实×11、永寿荣枝×7
灵砂,战技,识烟飞彩,"对敌方全体造成等同于灵砂【40%/80%】攻击力的火属性伤害，同时为我方全体回复等同于灵砂【10.0%/14.0%】攻击力+【105/420】的生命值，使【浮元】行动提前20%。
（标签：战技点 -1、群攻、削韧 10、回能 30）",信用点×652500、永寿幼芽×9、异木种籽×3、滋长花蜜×15、永寿天华×13、万相果实×30、永寿荣枝×7、吉光片羽×3、命运的足迹×2
灵砂,终结技,幔亭缭霞,"使敌方全体陷入【醇醉】状态，【醇醉】状态下，使目标受到的击破伤害提高【15%/25%】，持续2回合。
对敌方全体造成等同于灵砂【90%/150%】攻击力的火属性伤害，同时为我方全体回复等同于灵砂【8.0%/12.0%】攻击力+【90/360】的生命值，使【浮元】行动提前100%。
（标签：能量 110、回能 5、群攻、削韧 20）",信用点×652500、永寿幼芽×9、异木种籽×3、滋长花蜜×15、永寿天华×13、万相果实×30、永寿荣枝×7、吉光片羽×3、命运的足迹×2
灵砂,天赋,烟斜雾横，氛氲化生,"施放战技时召唤【浮元】，初始拥有90点速度以及3次行动次数。
【浮元】行动时发动追加攻击，对敌方全体造成等同于灵砂【37.5%/75%】攻击力的火属性伤害。额外对随机敌方单体造成等同于灵砂【37.5%/75%】攻击力的火属性伤害，本次伤害优先选择韧性值大于0且有火属性弱点的目标。解除我方全体的1个负面效果，并回复等同于灵砂【8.0%/12.0%】攻击力+【90/360】的生命值。
【浮元】最多累计5次行动次数，当次数为0或灵砂陷入无法战斗状态时【浮元】消失。
【浮元】在场时，施放战技会增加3次【浮元】的行动次数。
（标签：回能 0、群攻、削韧 10）",信用点×652500、永寿幼芽×9、异木种籽×3、滋长花蜜×15、永寿天华×13、万相果实×30、永寿荣枝×7、吉光片羽×3、命运的足迹×2
灵砂,秘技,流翠散云,"使用秘技后，下一次战斗开始时立即召唤【浮元】，并使敌方全体陷入【醇醉】状态，持续2回合。
（标签：辅助）",
灵砂,额外能力,朱燎,"使自身攻击力/治疗量提高，提高数值等同于击破特攻的25%/10%，最多使攻击力/治疗量提高50%/20%。
（标签：角色晋阶4）",信用点×5000、异木种籽×3、吉光片羽×1
灵砂,额外能力,兰烟,"施放普攻时额外恢复10点能量。
（标签：角色晋阶2）",信用点×20000、滋长花蜜×5、命运的足迹×1、吉光片羽×1
灵砂,额外能力,遗爇,"【浮元】在场时，我方任意角色受到伤害或消耗生命值时，若队伍中有存在当前生命值百分比小于等于60%的角色，【浮元】会立即对敌人发动天赋的追加攻击，此次触发不消耗【浮元】行动次数，该效果在2回合后可再次触发。
（标签：角色晋阶6）",信用点×160000、万相果实×8、命运的足迹×1、吉光片羽×1
灵砂,属性加成,击破强化,"击破特攻提高5.3%
（标签：角色等级1）",信用点×2500、永寿幼芽×2
灵砂,属性加成,生命强化,"生命值上限提高4.0%
（标签：角色晋阶2）",信用点×5000、异木种籽×3、永寿幼芽×6
灵砂,属性加成,击破强化,"击破特攻提高5.3%
（标签：角色晋阶3）",信用点×10000、滋长花蜜×3、永寿天华×3
灵砂,属性加成,攻击强化,"攻击力提高4.0%
（标签：角色晋阶3）",信用点×10000、滋长花蜜×3、永寿天华×3
灵砂,属性加成,击破强化,"击破特攻提高8.0%
（标签：角色晋阶4）",信用点×20000、滋长花蜜×5、永寿天华×4
灵砂,属性加成,生命强化,"生命值上限提高6.0%
（标签：角色晋阶5）",信用点×45000、万相果实×3、永寿荣枝×3
灵砂,属性加成,击破强化,"击破特攻提高8.0%
（标签：角色晋阶5）",信用点×45000、万相果实×3、永寿荣枝×3
灵砂,属性加成,攻击强化,"攻击力提高6.0%
（标签：角色晋阶6）",信用点×160000、万相果实×8、永寿荣枝×8
灵砂,属性加成,生命强化,"生命值上限提高8.0%
（标签：角色等级75）",信用点×160000、万相果实×8、永寿荣枝×8
灵砂,属性加成,击破强化,"击破特攻提高10.7%
（标签：角色等级80）",信用点×160000、万相果实×8、永寿荣枝×8
爻光,普攻,雀翎鸣镝，过招有喜,"对指定敌方单体造成等同于爻光【45%/90%】攻击力的物理属性伤害，同时对其相邻目标造成等同于爻光【15%/30%】攻击力的物理属性伤害。普攻恢复的能量提高至30点。
（标签：回能 30、扩散、削韧 10+5*2）",信用点×180000、《绒绒号》手绘分镜稿×2、童真蜡笔×5、《绒绒号》连载纪念刊×5、造梦蘸钢×5、《绒绒号》典藏版合集×8、梦现管锥×4
爻光,战技,十方光映，万法皆明,"展开结界，持续3回合，自身每回合开始时结界持续回合数减1。结界持续期间，我方全体目标欢愉度提高，提高数值等同于爻光欢愉度的【10%/20%】，且爻光施放普攻、战技后获得3个笑点。
（标签：回能 30、辅助）",信用点×520000、童真蜡笔×7、《绒绒号》手绘分镜稿×3、《绒绒号》连载纪念刊×12、造梦蘸钢×11、《绒绒号》典藏版合集×24、梦现管锥×6、灭流绝溢的缄默×3、命运的足迹×2
爻光,终结技,霓裳铁羽，六爻皆吉,"获得5个笑点。使阿哈立即获得1个固定计入20笑点的额外回合，该回合不消耗笑点，并使我方全体目标全属性抗性穿透提高【10%/20%】，持续3回合。
（标签：回能 5、辅助、能量 180）",信用点×520000、童真蜡笔×7、《绒绒号》手绘分镜稿×3、《绒绒号》连载纪念刊×12、造梦蘸钢×11、《绒绒号》典藏版合集×24、梦现管锥×6、灭流绝溢的缄默×3、命运的足迹×2
爻光,天赋,屏开千光，遍观自在,"爻光持有[好活当赏]时:
使我方目标施放攻击后触发【大吉大利】效果，对随机1个击中的目标额外造成1次【10%/20%】的对应属性欢愉伤害，本次攻击若消耗战技点，则额外触发1次[大吉大利】效果。触发【大吉大利】效果时若攻击者欢愉度低于爻光，则该次欢愉伤害使用爻光欢愉度来计算。
触发[大吉大利】效果不视为1次攻击。
（标签：辅助）",信用点×520000、童真蜡笔×7、《绒绒号》手绘分镜稿×3、《绒绒号》连载纪念刊×12、造梦蘸钢×11、《绒绒号》典藏版合集×24、梦现管锥×6、灭流绝溢的缄默×3、命运的足迹×2
爻光,秘技,浮光过隙，百无禁忌,"使用秘技后，使下一次战斗开始时自动触发1次战技，此次触发不消耗战技点。爻光在队伍中时，击碎可破坏物时立刻获得[红包】，每个地球周内最多获得8个。
（标签：辅助）",
爻光,额外能力,开屏有礼,"爻光的速度大于等于120时，使自身欢愉度提高30%，之后每超过1点速度使自身欢愉度提高1%，最多计入200点超出的速度。
（标签：角色晋阶2）",信用点×5000、《绒绒号》手绘分镜稿×2、灭流绝溢的缄默×1
爻光,额外能力,神闲意满,"自身暴击伤害提高60%，施放欢愉技后，为我方恢复1个战技点。
（标签：角色晋阶4）",信用点×20000、《绒绒号》连载纪念刊×4、命运的足迹×1、灭流绝溢的缄默×1
爻光,额外能力,鸿运鳞集,"爻光获得【好活当赏】时，使其持续时间增加1回合。
（标签：角色晋阶6）",信用点×140000、《绒绒号》典藏版合集×8、命运的足迹×1、灭流绝溢的缄默×1
爻光,欢愉技,赠君一卦，火树银花,"使敌方全体陷入【凶星低语】状态，持续3回合。【凶星低语】状态下的敌方目标受到的伤害提高16%。对敌方全体造成【50%/100%】的物理属性欢愉伤害，随后对敌方随机单体造成5次【10%/20%】的物理属性欢愉伤害。
（标签：回能 5、群攻、削韧 5*5+20、参演编号 116）",信用点×520000、童真蜡笔×7、《绒绒号》手绘分镜稿×3、《绒绒号》连载纪念刊×12、造梦蘸钢×11、《绒绒号》典藏版合集×24、梦现管锥×14
爻光,属性加成,暴击率强化,"暴击率提高2.7%
（标签：角色等级1）",信用点×2000、童真蜡笔×2
爻光,属性加成,速度强化,"速度提高2
（标签：角色晋阶2）",信用点×5000、《绒绒号》手绘分镜稿×2、童真蜡笔×6
爻光,属性加成,暴击率强化,"暴击率提高2.7%
（标签：角色晋阶3）",信用点×10000、《绒绒号》连载纪念刊×4、造梦蘸钢×2
爻光,属性加成,欢愉度强化,"欢愉度提高4%
（标签：角色晋阶3）",信用点×10000、《绒绒号》连载纪念刊×4、造梦蘸钢×2
爻光,属性加成,暴击率强化,"暴击率提高4%
（标签：角色晋阶4）",信用点×18000、《绒绒号》连载纪念刊×4、造梦蘸钢×3
爻光,属性加成,速度强化,"速度提高3
（标签：角色晋阶5）",信用点×45000、《绒绒号》典藏版合集×3、梦现管锥×2
爻光,属性加成,*暴击率强化,"暴击率提高4%
（标签：角色晋阶5）",
爻光,属性加成,欢愉度强化,"欢愉度提高6%
（标签：角色晋阶6）",信用点×120000、《绒绒号》典藏版合集×5、梦现管锥×2
爻光,属性加成,速度强化,"速度提高4
（标签：角色等级75）",信用点×160000、《绒绒号》典藏版合集×8、梦现管锥×8
爻光,属性加成,暴击率强化,"暴击率提高5.3%
（标签：角色等级80）",信用点×45000、《绒绒号》典藏版合集×3、梦现管锥×2
玲可,普攻,冰攀前齿技术,"对指定敌方单体造成等同于自身【25%/50%】生命上限的量子属性伤害。
（标签：回能 20、战技点 +1、单攻、削韧 10）",信用点×192000、丰饶之种×2、熄灭原核×4、生命之芽×6、微光原核×5、永恒之花×8、蠢动原核×5
玲可,战技,盐渍野营罐头,"为指定我方单体附上【求生反应】，提高等同于玲可【5.0%/7.5%】生命上限+【50/200】的生命上限，若该目标为「毁灭」或「存护」命途，被敌方攻击的概率大幅提高，【求生反应】持续2回合。
使该目标回复等同于玲可【8.0%/12.0%】生命上限+【80/320】的生命值。
（标签：回能 30、战技点 -1、回复）",信用点×522000、熄灭原核×6、丰饶之种×2、生命之芽×12、微光原核×10、永恒之花×23、蠢动原核×5、无穷假身的遗恨×3、命运的足迹×1
玲可,终结技,雪原急救方案,"解除我方全体的1个负面效果，立即为我方全体回复等同于玲可【9.0%/13.5%】生命上限+【90/360】的生命值。
（标签：能量 100、回能 5、回复）",信用点×522000、熄灭原核×6、丰饶之种×2、生命之芽×12、微光原核×10、永恒之花×23、蠢动原核×5、无穷假身的遗恨×3、命运的足迹×1
玲可,天赋,户外生存经验,"施放战技或终结技时，使我方目标获得2回合的持续治疗效果，目标每回合开始时回复等同于玲可【2.4%/3.6%】生命上限+【24/96】的生命值。若该目标持有【求生反应】，则持续治疗效果额外回复等同于玲可【3.0%/4.5%】生命上限+【30/120】的生命值。
（标签：回复）",信用点×522000、熄灭原核×6、丰饶之种×2、生命之芽×12、微光原核×10、永恒之花×23、蠢动原核×5、无穷假身的遗恨×3、命运的足迹×1
玲可,秘技,巧克力能量棒,"使用秘技后，下一次战斗开始时为我方全体附加玲可天赋的持续治疗效果，持续2回合。
（标签：回复）",
玲可,额外能力,提前勘测,"当持有【求生反应】的目标受到攻击后，玲可立即恢复2点能量。
（标签：角色晋阶2）",信用点×4000、丰饶之种×2、无穷假身的遗恨×1
玲可,额外能力,探险技术,"抵抗控制类负面状态的概率提高35%。
（标签：角色晋阶4）",信用点×16000、生命之芽×4、命运的足迹×1、无穷假身的遗恨×1
玲可,额外能力,极境求生,"天赋产生的持续回复效果延长1回合。
（标签：角色晋阶6）",信用点×128000、永恒之花×6、命运的足迹×1、无穷假身的遗恨×1
玲可,属性加成,生命强化,"生命值上限提高4.0%
（标签：角色等级1）",信用点×2000、熄灭原核×2
玲可,属性加成,防御强化,"防御力提高5.0%
（标签：角色晋阶2）",信用点×4000、丰饶之种×2、熄灭原核×4
玲可,属性加成,生命强化,"生命值上限提高4.0%
（标签：角色晋阶3）",信用点×8000、生命之芽×2、微光原核×2
玲可,属性加成,效果抵抗强化,"效果抵抗提高4.0%
（标签：角色晋阶3）",信用点×8000、生命之芽×2、微光原核×2
玲可,属性加成,生命强化,"生命值上限提高6.0%
（标签：角色晋阶4）",信用点×16000、生命之芽×4、微光原核×3
玲可,属性加成,防御强化,"防御力提高7.5%
（标签：角色晋阶5）",信用点×36000、永恒之花×2、蠢动原核×2
玲可,属性加成,生命强化,"生命值上限提高6.0%
（标签：角色晋阶5）",信用点×36000、永恒之花×2、蠢动原核×2
玲可,属性加成,效果抵抗强化,"效果抵抗提高6.0%
（标签：角色晋阶6）",信用点×128000、永恒之花×6、蠢动原核×6
玲可,属性加成,防御强化,"防御力提高10.0%
（标签：角色等级75）",信用点×128000、永恒之花×6、蠢动原核×6
玲可,属性加成,生命强化,"生命值上限提高8.0%
（标签：角色等级80）",信用点×128000、永恒之花×6、蠢动原核×6
瓦尔特,普攻,重力压制,"对指定敌方单体造成等同于瓦尔特【50%/100%】攻击力的虚数属性伤害。
（标签：回能 20、战技点 +1、单攻、削韧 10）",信用点×240000、黯淡黑曜×3、铁卫扣饰×6、虚空黑曜×8、铁卫军徽×7、沉沦黑曜×11、铁卫勋章×7
瓦尔特,战技,虚空断界,"对指定敌方单体造成等同于瓦尔特【36%/72%】攻击力的虚数属性伤害，并额外造成2次伤害。每次伤害对敌方随机单体造成等同于瓦尔特【36%/72%】攻击力的虚数属性伤害。攻击命中时有【65%/75%】的基础概率使受到攻击的敌方目标速度降低10%，持续2回合。
（标签：回能 30、战技点 -1、弹射、削韧 10*3）",信用点×652500、铁卫扣饰×9、黯淡黑曜×3、虚空黑曜×15、铁卫军徽×13、沉沦黑曜×30、铁卫勋章×7、毁灭者的末路×3、命运的足迹×2
瓦尔特,终结技,拟似黑洞,"对敌方全体造成等同于瓦尔特【90%/150%】攻击力的虚数属性伤害，有100%的基础概率使受到攻击的敌方目标陷入禁锢状态，持续1回合。
禁锢状态下，敌方目标行动延后【32%/40%】，速度降低10%。
（标签：能量 120、回能 5、群攻、削韧 20）",信用点×652500、铁卫扣饰×9、黯淡黑曜×3、虚空黑曜×15、铁卫军徽×13、沉沦黑曜×30、铁卫勋章×7、毁灭者的末路×3、命运的足迹×2
瓦尔特,天赋,时空扭曲,"击中处于减速状态的敌方目标时，额外造成1次等同于瓦尔特【30%/60%】攻击力的虚数属性附加伤害。
（标签：强化）",信用点×652500、铁卫扣饰×9、黯淡黑曜×3、虚空黑曜×15、铁卫军徽×13、沉沦黑曜×30、铁卫勋章×7、毁灭者的末路×3、命运的足迹×2
瓦尔特,秘技,画地为牢,"使用秘技后，制造1片持续15秒的特殊领域。处于特殊领域内的敌人移动速度降低50%。与处于特殊领域内的敌人进入战斗后，有100%的基础概率使敌方目标陷入禁锢状态。禁锢状态下，敌方目标行动延后20%，速度降低10%。我方制造的领域效果最多存在1个。
（标签：妨害）",
瓦尔特,额外能力,惩戒,"施放终结技时，有100%基础概率使目标受到的伤害提高12%，持续2回合。
（标签：角色晋阶2）",信用点×5000、黯淡黑曜×3、毁灭者的末路×1
瓦尔特,特殊技能,角色晋阶·审判,"施放终结技时，额外恢复10点能量。
（标签：角色晋阶4）",信用点×20000、虚空黑曜×5、命运的足迹×1、毁灭者的末路×1
瓦尔特,额外能力,裁决,"对被弱点击破的敌方目标造成的伤害提高20%。
（标签：角色晋阶6）",信用点×160000、沉沦黑曜×8、命运的足迹×1、毁灭者的末路×1
瓦尔特,属性加成,攻击强化,"攻击力提高4.0%
（标签：角色等级1）",信用点×2500、铁卫扣饰×2
瓦尔特,属性加成,伤害强化·虚数,"虚数属性伤害提高3.2%
（标签：角色晋阶2）",信用点×5000、黯淡黑曜×3、铁卫扣饰×6
瓦尔特,属性加成,攻击强化,"攻击力提高4.0%
（标签：角色晋阶3）",信用点×10000、虚空黑曜×3、铁卫军徽×3
瓦尔特,属性加成,效果抵抗强化,"效果抵抗提高4.0%
（标签：角色晋阶3）",信用点×10000、虚空黑曜×3、铁卫军徽×3
瓦尔特,属性加成,攻击强化,"攻击力提高6.0%
（标签：角色晋阶4）",信用点×20000、虚空黑曜×5、铁卫军徽×4
瓦尔特,属性加成,伤害强化·虚数,"攻击力提高8.0%
（标签：角色晋阶5）",信用点×45000、沉沦黑曜×3、铁卫勋章×3
瓦尔特,属性加成,攻击强化,"攻击力提高6.0%
（标签：角色晋阶5）",信用点×45000、沉沦黑曜×3、铁卫勋章×3
瓦尔特,属性加成,效果抵抗强化,"效果抵抗提高6.0%
（标签：角色晋阶6）",信用点×160000、沉沦黑曜×8、铁卫勋章×8
瓦尔特,属性加成,伤害强化·虚数,"虚数属性伤害提高6.4%
（标签：角色等级75）",信用点×160000、沉沦黑曜×8、铁卫勋章×8
瓦尔特,属性加成,攻击强化,"攻击力提高8.0%
（标签：角色等级80）",信用点×160000、沉沦黑曜×8、铁卫勋章×8
白厄,普攻,逐火救世，行则将至/创生•血棘渡亡,"对指定敌方单体造成等同于白厄【50%/100%】攻击力的物理属性伤害。
（标签：战技点 +1、单体、削韧 10）
获得2点【毁伤】，对指定敌方单体造成等同于卡厄斯兰那【125%/250%】攻击力的物理属性伤害，对相邻目标造成等同于卡厄斯兰那【37.5%/75%】攻击力的物理属性伤害。
（标签： 扩散、削韧 30+20*2）",信用点×240000、步离犬牙×3、预兆似有若无×6、狼毒锯牙×8、悲鸣由远及近×7、月狂獠牙×11、哀叹漫无止息×7
白厄,战技,黎明创世，地辟天开/灾厄•弑魂焚诏/支柱•死星天裁,"获得2点【火种】，对指定敌方单体造成等同于白厄【150%/300%】攻击力的物理属性伤害，对相邻目标造成等同于白厄【60%/120%】攻击力的物理属性伤害。
（标签：战技点 -1、扩散、削韧 20+10*2）
获得等同于敌方全体数量的【毁伤】和1层【弑魂之炽】，随后使敌方全体立即行动。
【弑魂之炽】状态下，卡厄斯兰那受到的伤害降低75%，敌方目标攻击或行动后叠加1层【弑魂之炽】。上述敌方目标行动完毕后，立即发动反击，对敌方全体造成等同于卡厄斯兰那【20%/40%】攻击力的物理属性伤害，并额外造成4次伤害，每次对敌方随机单体造成等同于卡厄斯兰那【15%/30%】攻击力的物理属性伤害，随后解除【弑魂之炽】。每层【弑魂之炽】使本次反击的伤害倍率提高原倍率的20%。
通过此技能造成伤害时，被视为造成了战技伤害。若卡厄斯兰那的额外回合开始时仍持有【弑魂之炽】，立即发动反击。
（标签：强化、群体、削韧 10+5*4）
解除自身所有负面效果，随后造成最多等同于卡厄斯兰那【585%/1170%】攻击力的物理属性伤害。
其中，每消耗1点【毁伤】造成4次伤害，每次对敌方随机单体造成等同于卡厄斯兰那【22.5%/45%】攻击力的物理属性伤害。消耗4点【毁伤】时，额外造成等同于卡厄斯兰那【225%/450%】攻击力的物理属性伤害，由敌方全体均分。
（标签：弹射、群体、削韧 3.33+20*4）",信用点×652500、预兆似有若无×9、步离犬牙×3、狼毒锯牙×15、悲鸣由远及近×13、月狂獠牙×30、哀叹漫无止息×7、阳雷的遥想×3、命运的足迹×2
白厄,终结技,永劫燔世，其将背负,"变身为卡厄斯兰那，变身期间展开境界。境界内的其他队友离场且无法行动，敌方全体始终拥有物理属性弱点。
卡厄斯兰那不会进入自己的回合，但拥有8个卡厄斯兰那的额外回合，速度固定为卡厄斯兰那基础速度的60%。最后的卡厄斯兰那的额外回合开始时立即发动最后一击，造成等同于卡厄斯兰那【480%/960%】攻击力的物理属性终结技伤害，由敌方全体均分。
（标签：群攻、削韧 20）",信用点×652500、预兆似有若无×9、步离犬牙×3、狼毒锯牙×15、悲鸣由远及近×13、月狂獠牙×30、哀叹漫无止息×7、阳雷的遥想×3、命运的足迹×2
白厄,天赋,此身为炬/命运•此躯即神,"白厄的天赋。【火种】达到12点时可激活终结技，达到上限后还可最多溢出3点，变身结束时会基于溢出点数获得【火种】。
当白厄成为其他任意目标的技能目标时，获得1点【火种】。若施放者为白厄的队友，还会使白厄的暴击伤害提高【15%/30%】，持续3回合。
（标签：强化）
卡厄斯兰那的天赋。变身时获得4点【毁伤】。若此时处于我方目标的回合，则使该目标的所有增益效果延长1回合并结束本回合。
卡厄斯兰那免疫控制类负面状态，拥有1个强化普攻和2个强化战技，无法施放终结技。变身期间攻击力提高【40%/80%】，生命上限提高【135%/270%】，施放攻击后回复等同于自身生命上限20%的生命值。卡厄斯兰那受到致命攻击时不会陷入无法战斗状态，而是回复等同于自身生命上限25%的生命值并立即发动最后一击。每剩余1个卡厄斯兰那的额外回合，最后一击的伤害倍率减少原倍率的12.5%。
变身结束时，使我方全体速度提高15%，持续1回合。
（标签：强化）",信用点×652500、预兆似有若无×9、步离犬牙×3、狼毒锯牙×15、悲鸣由远及近×13、月狂獠牙×30、哀叹漫无止息×7、阳雷的遥想×3、命运的足迹×2
白厄,秘技,终结之始,"白厄在队伍中时，使秘技点上限提高3点。
主动施放秘技消耗2点秘技点，立即攻击一定范围内的所有敌人。进入战斗后，为我方队友恢复25点能量，获得2点【毁伤】和1个战技点，并且每个波次开始时对敌方全体造成等同于白厄200%攻击力的物理属性伤害。
若攻击普通敌人则立即将其消灭，不会进入战斗。未击中敌人时不消耗秘技点。
（标签：群体、削韧 20）",
白厄,额外能力,行向世界终点,"战斗开始时，获得1点【火种】。变身结束时，获得3点【火种】。
（标签：角色晋阶2）",信用点×5000、步离犬牙×3、阳雷的遥想×1
白厄,额外能力,身承炎炬万千,"受到队友提供的治疗效果或护盾时，造成的伤害提高45%，持续4回合。该效果单个回合内不可重复触发。
受到队友提供的能量恢复的技能效果时，获得1点【火种】。
（标签：角色晋阶4）",信用点×20000、狼毒锯牙×5、命运的足迹×1、阳雷的遥想×1
白厄,额外能力,照见英雄本色,"进入战斗或变身结束时，攻击力提高50%。该效果最多叠加2层。
（标签：角色晋阶6）",信用点×160000、月狂獠牙×8、命运的足迹×1、阳雷的遥想×1
白厄,属性加成,暴击伤害强化,"暴击伤害提高5.3%
（标签：角色等级1 ）",信用点×2500、预兆似有若无×2
白厄,属性加成,暴击率强化,"暴击率提高2.7%
（标签：角色晋阶2）",信用点×5000、步离犬牙×3、预兆似有若无×6
白厄,属性加成,暴击伤害强化,"暴击伤害提高5.3%
（标签： 角色晋阶3）",信用点×10000、狼毒锯牙×3、悲鸣由远及近×3
白厄,属性加成,速度强化,"速度提高2
（标签： 角色晋阶3）",信用点×10000、狼毒锯牙×3、悲鸣由远及近×3
白厄,属性加成,暴击伤害强化,"暴击伤害提高8%
（标签：角色晋阶4）",信用点×20000、狼毒锯牙×5、悲鸣由远及近×4
白厄,属性加成,暴击率强化,"暴击率提高4%
（标签：角色晋阶5 ）",信用点×45000、月狂獠牙×3、哀叹漫无止息×3
白厄,属性加成,暴击伤害强化,"暴击伤害提高8%
（标签：角色晋阶5）",信用点×45000、月狂獠牙×3、哀叹漫无止息×3
白厄,属性加成,速度强化,"速度提高3
（标签：角色晋阶6）",信用点×160000、月狂獠牙×8、哀叹漫无止息×8
白厄,属性加成,暴击率强化,"暴击率提高5.3%
（标签：角色等级75）",信用点×160000、月狂獠牙×8、哀叹漫无止息×8
白厄,属性加成,暴击伤害强化,"暴击伤害提高10.7%
（标签：角色等级80 ）",信用点×160000、月狂獠牙×8、哀叹漫无止息×8
白露,普攻,望、闻、问…蹴！,"对指定敌方单体造成等同于白露【50%/100%】攻击力的雷属性伤害。
（标签：回能 20、战技点 +1、单攻、削韧 10）",信用点×240000、丰饶之种×3、熄灭原核×6、生命之芽×8、微光原核×7、永恒之花×11、蠢动原核×7
白露,战技,云吟乍涌坠珠露,"立即为指定我方单体回复等同于白露【7.8%/11.7%】生命上限+【78/312】的生命值，然后白露随机为我方单体进行2次治疗，每提供1次治疗，下一次治疗回复的生命值会降低15%。
（标签：回能 30、回复、战技点-1）",信用点×652500、熄灭原核×9、丰饶之种×3、生命之芽×15、微光原核×13、永恒之花×30、蠢动原核×7、守护者的悲愿×3、命运的足迹×2
白露,终结技,匏蛟跃渊先雷音,"立即为我方全体回复等同于白露【9.0%/13.5%】生命上限+【90/360】生命值。
对于没有【生息】的我方目标，白露使其附上【生息】，对于已拥有【生息】的我方目标，白露使其已有的【生息】持续时间延长1回合。
【生息】可持续2回合，该效果不可叠加。
（标签：能量 100、回能 5、回复）",信用点×652500、熄灭原核×9、丰饶之种×3、生命之芽×15、微光原核×13、永恒之花×30、蠢动原核×7、守护者的悲愿×3、命运的足迹×2
白露,天赋,奔走悬壶济世长,"拥有【生息】的我方目标，在受到攻击后会回复等同于白露【3.6%/5.4%】生命上限+【36/144】的生命值，该效果可以触发2次。
当白露的队友受到致命攻击时，不会陷入无法战斗状态，白露会立即为其提供治疗，回复等同于白露【12.0%/18.0%】生命上限+【120/480】的生命值。该效果单场战斗中可以触发1次。
（标签：回复）",信用点×652500、熄灭原核×9、丰饶之种×3、生命之芽×15、微光原核×13、永恒之花×30、蠢动原核×7、守护者的悲愿×3、命运的足迹×2
白露,秘技,徜徉灵泽病恙短,"使用秘技后，下一次战斗开始时为我方全体附上【生息】，持续2回合。
（标签：回复）",
白露,额外能力,岐黄精义,"白露对我方目标造成过量治疗时会提高目标10%的生命上限，持续2回合。
（标签：角色晋阶2 ）",信用点×5000、丰饶之种×3、守护者的悲愿×1
白露,额外能力,持明龙脉,"【生息】效果的触发次数增加1次。
（标签： 角色晋阶4）",信用点×20000、生命之芽×5、命运的足迹×1、守护者的悲愿×1
白露,额外能力,鳞渊福泽,"拥有【生息】的角色受到的伤害降低10%。
（标签：角色晋阶6）",信用点×160000、永恒之花×8、命运的足迹×1、守护者的悲愿×1
白露,属性加成,生命强化,"生命值上限提高4.0%
（标签：角色等级1）",信用点×2500、熄灭原核×2
白露,属性加成,防御强化,"防御力提高5.0%
（标签：角色晋阶2）",信用点×5000、丰饶之种×3、熄灭原核×6
白露,属性加成,生命强化,"生命值上限提高4.0%
（标签：角色晋阶3 ）",信用点×10000、生命之芽×3、微光原核×3
白露,属性加成,效果抵抗强化,"效果抵抗提高4.0%
（标签：角色晋阶3 ）",信用点×10000、生命之芽×3、微光原核×3
白露,属性加成,生命强化,"生命值上限提高6.0%
（标签： 角色晋阶4）",信用点×20000、生命之芽×5、微光原核×4
白露,属性加成,防御强化,"防御力提高7.5%
（标签：角色晋阶5）",信用点×45000、永恒之花×3、蠢动原核×3
白露,属性加成,生命强化,"生命值上限提高6.0%
（标签：角色晋阶5）",信用点×45000、永恒之花×3、蠢动原核×3
白露,属性加成,效果抵抗强化,"效果抵抗提高6.0%
（标签：角色晋阶6）",信用点×160000、永恒之花×8、蠢动原核×8
白露,属性加成,防御强化,"防御力提高10.0%
（标签：角色等级75）",信用点×160000、永恒之花×8、蠢动原核×8
白露,属性加成,生命强化,"生命值上限提高8.0%
（标签：角色等级80）",信用点×160000、永恒之花×8、蠢动原核×8
真珠,普攻,行笔，临摹断水/行笔，幻造星月,"对指定敌方单体造成等同于真珠【45%/90%】防御力的冰属性伤害。
（标签：回能 20、削韧 10、战技点 +1）
对敌方全体造成等同于真珠【50%/100%】防御力的冰属性伤害，为我方全体目标回复等同于真珠【4%/8%】防御力+【80/160】的生命值，额外为当前生命值百分比最低的我方目标回复等同于真珠【4%/8%】防御力+【80/160】的生命值。持有【好活当赏】时额外造成【10%/15%】的冰属性欢愉伤害。
（标签：回能 30、群攻、削韧 30 、战技点 +1）",信用点×180000、《绒绒号》手绘分镜稿×2、童真蜡笔×5、《绒绒号》连载纪念刊×5、造梦蘸钢×5、《绒绒号》典藏版合集×8、梦现管锥×4
真珠,战技,补缀生命的柔光,"获得15点【好活当赏】，为我方全体目标回复等同于真珠【6%/12%】防御力+【120/240】的生命值，额外为当前生命值百分比最低的我方目标回复等同于真珠【6%/12%】防御力+【120/240】的生命值。
（标签：回能 30、防御、战技点 -1）",信用点×520000、童真蜡笔×7、《绒绒号》手绘分镜稿×3、《绒绒号》连载纪念刊×12、造梦蘸钢×11、《绒绒号》典藏版合集×24、梦现管锥×6、伪觉者的期许×3、命运的足迹×2
真珠,终结技,鉴映灵魂的底色,"获得20点【好活当赏】。【深度学习】除自身以外的指定我方单体角色，使目标成为【美学底本】。
队伍中「欢愉」命途角色数量等于1/2/3或以上时，使【美学底本】行动提前10%/15%/30%。队伍中「欢愉」命途角色数量等于4或以上时，使【美学底本】获得1个额外回合。该额外回合开始时，【美学底本】获得30点【好活当赏】，并获得60点笑点，额外回合结束时移除。
【深度学习】时，普攻【行笔，临摹断水】强化为【行笔，绘制末浪】。若【美学底本】为「欢愉」命途，则强化为【行笔，幻造星月】，且攻击后，额外造成【30%/60%】的冰属性欢愉伤害，该次欢愉伤害使用【美学底本】的属性值计算。【深度学习】具有3点充能，真珠施放强化普攻后消耗1点充能，行动后若无充能则结束【深度学习】。
（标签：辅助、回能5、能量 180）",信用点×520000、童真蜡笔×7、《绒绒号》手绘分镜稿×3、《绒绒号》连载纪念刊×12、造梦蘸钢×11、《绒绒号》典藏版合集×24、梦现管锥×6、伪觉者的期许×3、命运的足迹×2
真珠,天赋,吞纳沙砾，重塑生机,"真珠可使用【好活当赏】作为抵御值，每点【好活当赏】等同于200点抵御值，我方目标受到伤害时，真珠可消耗抵御值为我方目标抵挡60%的伤害。真珠的【好活当赏】持续时间无限，且持有上限为50点。我方目标当前生命值百分比小于等于50%时，受到的伤害降低【15%/30%】。
（标签：防御）",信用点×520000、童真蜡笔×7、《绒绒号》手绘分镜稿×3、《绒绒号》连载纪念刊×12、造梦蘸钢×11、《绒绒号》典藏版合集×24、梦现管锥×6、伪觉者的期许×3、命运的足迹×2
真珠,秘技,凝润珠光，复刻真迹,"使用秘技后获得【美学底本】，切换行动角色时【美学底本】转移至当前行动角色。下一次战斗开始时，真珠获得20点【好活当赏】，并【深度学习】持有【美学底本】的角色，该【深度学习】具有2点充能。真珠只能【深度学习】除自身以外的角色。
（标签：辅助）",
真珠,额外能力,洞察万物,"真珠的防御力大于等于2400时，使自身欢愉度提高32%，之后每超过100点防御力使自身欢愉度提高3%，最多计入3600点超出的防御力。真珠获得等同于自身欢愉度20%的治疗量加成。
（标签：角色晋阶2）",信用点×5000、《绒绒号》手绘分镜稿×2、伪觉者的期许×1
真珠,额外能力,感知容差,"持有【好活当赏】时，我方全体目标的效果抵抗提高50%。我方目标回合开始时，真珠获得5点【好活当赏】，最多获得50点【好活当赏】，真珠回合开始时重置可获得【好活当赏】数量。施放强化普攻和战技时，解除我方全体目标的1个负面效果。
（标签：角色晋阶4）",信用点×20000、《绒绒号》连载纪念刊×4、命运的足迹×1、伪觉者的期许×1
真珠,额外能力,艺术壁垒,"进入战斗和施放终结技后，若【美学底本】为「欢愉」命途角色，使其下一次施放终结技时，为真珠固定恢复90点能量。该效果无法叠加。
（标签：角色晋阶6）",信用点×140000、《绒绒号》典藏版合集×8、命运的足迹×1、伪觉者的期许×1
真珠,欢愉技,渲染理性，解构欢愉,"队伍中「欢愉」命途角色数量等于1/2/3/4或以上时，使我方全体目标下一次攻击后，对攻击目标额外造成【5%/7.5%/10%/20%，10%/15%/20%/40%】的对应属性欢愉伤害。
（标签：辅助、回能 5）",信用点×520000、童真蜡笔×7、《绒绒号》手绘分镜稿×3、《绒绒号》连载纪念刊×12、造梦蘸钢×11、《绒绒号》典藏版合集×24、梦现管锥×14
真珠,属性加成,防御强化,"防御力提高5%
（标签：角色等级1）",信用点×2000、童真蜡笔×2
真珠,属性加成,速度强化,"速度提高2
（标签：角色晋阶2）",信用点×5000、《绒绒号》手绘分镜稿×2、童真蜡笔×6
真珠,属性加成,效果抵抗强化,"效果抵抗提高4%
（标签：角色晋阶3）",信用点×10000、《绒绒号》连载纪念刊×4、造梦蘸钢×2
真珠,属性加成,欢愉度强化,"欢愉度提高4%
（标签：角色晋阶3）",信用点×10000、《绒绒号》连载纪念刊×4、造梦蘸钢×2
真珠,属性加成,防御强化,"防御力提高7.5%
（标签：角色晋阶4）",信用点×18000、《绒绒号》连载纪念刊×4、造梦蘸钢×3
真珠,属性加成,速度强化,"速度提高3
（标签：角色晋阶5）",信用点×45000、《绒绒号》典藏版合集×3、梦现管锥×2
真珠,属性加成,效果抵抗强化,"效果抵抗提高6%
（标签：角色晋阶5）",信用点×45000、《绒绒号》典藏版合集×3、梦现管锥×2
真珠,属性加成,欢愉度强化,"欢愉度提高6%
（标签：角色晋阶6）",信用点×120000、《绒绒号》典藏版合集×5、梦现管锥×2
真珠,属性加成,速度强化,"速度提高4
（标签：角色等级75）",信用点×160000、《绒绒号》典藏版合集×8、梦现管锥×8
真珠,属性加成,防御强化,"防御力提高10%
（标签：角色等级80）",信用点×160000、《绒绒号》典藏版合集×8、梦现管锥×8
真理医生,普攻,知识就是力量,"对指定敌方单体造成等同于真理医生【50%/100%】攻击力的虚数属性伤害。
（标签：回能 20、战技点 +1、单攻、削韧 10）",信用点×240000、猎兽之矢×3、掠夺的本能×6、屠魔之矢×8、篡改的野心×7、逐星之矢×11、践踏的意志×7
真理医生,战技,精神助产术,"对指定敌方单体造成等同于真理医生【75%/150%】攻击力的虚数属性伤害。
（标签：回能 30、战技点 -1、单攻、削韧  20）",信用点×652500、掠夺的本能×9、猎兽之矢×3、屠魔之矢×15、篡改的野心×13、逐星之矢×30、践踏的意志×7、蛀星孕灾的旧恶×3、命运的足迹×2
真理医生,终结技,三段悖论,"对指定敌方单体造成等同于真理医生【144%/240%】攻击力的虚数属性伤害，并附上【智者的短见】。真理医生的队友攻击持有【智者的短见】的目标时，真理医生对该目标发动1次天赋的追加攻击。
【智者的短见】效果最多触发2次且仅对真理医生终结技最新施放的目标生效。施放终结技后重置该效果触发次数。
（标签：能量 140、回能 5、单攻、削韧 30）",信用点×652500、掠夺的本能×9、猎兽之矢×3、屠魔之矢×15、篡改的野心×13、逐星之矢×30、践踏的意志×7、蛀星孕灾的旧恶×3、命运的足迹×2
真理医生,天赋,我思故我在,"施放战技时，有40%的固定概率对该目标发动1次追加攻击，造成等同于真理医生【135%/270%】攻击力的虚数属性伤害。目标每有1个负面效果，追加攻击发动的固定概率提高20%。若追加攻击施放前目标被消灭则对敌方随机单体发动追加攻击。
（标签：回能 5、单攻、削韧 10）",信用点×652500、掠夺的本能×9、猎兽之矢×3、屠魔之矢×15、篡改的野心×13、逐星之矢×30、践踏的意志×7、蛀星孕灾的旧恶×3、命运的足迹×2
真理医生,秘技,偶像塑造,"使用秘技后，制造一个特殊领域嘲讽附近敌人，持续10秒。与处于特殊领域内的敌人进入战斗后，有100%基础概率使敌方每个单体目标速度降低15%，持续2回合。我方制造的领域效果最多存在1个。
（标签：妨害）",
真理医生,额外能力,归纳,"施放战技时，目标每有1个负面效果，真理医生暴击率提高2.5%、暴击伤害提高5%，该效果最多叠加6层。
（标签：角色晋阶2）",信用点×5000、猎兽之矢×3、蛀星孕灾的旧恶×1
真理医生,额外能力,演绎,"施放战技攻击敌方目标后，有100%的基础概率使受到攻击的敌方目标效果抵抗降低10%，持续2回合。
（标签：角色晋阶4）",信用点×20000、屠魔之矢×5、命运的足迹×1、蛀星孕灾的旧恶×1
真理医生,额外能力,推理,"造成伤害时，若目标负面状态大于等于3个，目标每有1个负面效果，真理医生对其造成的伤害提高10%，最多提高50%。
（标签：角色晋阶6）",信用点×160000、逐星之矢×8、命运的足迹×1、蛀星孕灾的旧恶×1
真理医生,属性加成,攻击强化,"攻击力提高4.0%
（标签：角色等级1）",信用点×2500、掠夺的本能×2
真理医生,属性加成,暴击率强化,"暴击率提高2.7%
（标签：角色晋阶2）",信用点×5000、猎兽之矢×3、掠夺的本能×6
真理医生,属性加成,攻击强化,"攻击力提高4.0%
（标签：角色晋阶3）",信用点×10000、屠魔之矢×3、篡改的野心×3
真理医生,属性加成,防御强化,"防御力提高5.0%
（标签：角色晋阶3）",信用点×10000、屠魔之矢×3、篡改的野心×3
真理医生,属性加成,攻击强化,"攻击力提高6.0%
（标签：角色晋阶4）",信用点×20000、屠魔之矢×5、篡改的野心×4
真理医生,属性加成,暴击率强化,"暴击率提高4.0%
（标签：角色晋阶5）",信用点×45000、逐星之矢×3、践踏的意志×3
真理医生,属性加成,攻击强化,"攻击力提高6%
（标签：角色晋阶5）",信用点×45000、逐星之矢×3、践踏的意志×3
真理医生,属性加成,防御强化,"防御力提高7.5%
（标签：角色晋阶6）",信用点×160000、逐星之矢×8、践踏的意志×8
真理医生,属性加成,暴击率强化,"暴击率提高5.3%
（标签：角色等级75）",信用点×160000、逐星之矢×8、践踏的意志×8
真理医生,属性加成,攻击强化,"攻击力提高8.0%
（标签：角色等级80）",信用点×160000、逐星之矢×8、践踏的意志×8
知更鸟,普攻,扑翼白声,"对指定敌方单体造成等同于知更鸟【50%/100%】攻击力的物理属性伤害。
（标签：回能 20、战技点 +1、单攻、削韧 10）",信用点×240000、云际音符×3、蓄梦元件×6、空际小节×8、流梦阀门×7、天外乐章×11、造梦马达×7
知更鸟,战技,翎之咏叹调,"使我方全体造成的伤害提高【25%/50%】，持续3回合，知更鸟每回合开始时持续回合数减1。
（标签：回能 30、战技点 -1、辅助）",信用点×652500、蓄梦元件×9、云际音符×3、空际小节×15、流梦阀门×13、天外乐章×30、造梦马达×7、蛀星孕灾的旧恶×3、命运的足迹×2
知更鸟,终结技,千音迭奏，群星赋格,"知更鸟进入【协奏】状态，使除自身以外的队友立即行动。
处于【协奏】状态时，我方全体攻击力提高，提高数值等同于知更鸟攻击力的【15.2%/22.8%】+【50/200】点，且我方目标每次施放攻击后，知更鸟会额外造成1次等同于其自身【72%/120%】攻击力的物理属性附加伤害，该伤害暴击率固定为100%，暴击伤害固定为150%。
处于【协奏】状态时，知更鸟免疫控制类负面状态，【协奏】状态结束前不会进入自己的回合且无法行动。
行动序列上出现【协奏】倒计时，倒计时回合开始时知更鸟退出【协奏】状态并立即行动，倒计时固定拥有90点速度。
（标签：能量 160、回能 5、辅助）",信用点×652500、蓄梦元件×9、云际音符×3、空际小节×15、流梦阀门×13、天外乐章×30、造梦马达×7、蛀星孕灾的旧恶×3、命运的足迹×2
知更鸟,天赋,调性合颂,"使我方全体暴击伤害提高【5.0%/20.0%】，且我方目标攻击敌方目标后，知更鸟额外为自身恢复2点能量。
（标签：辅助）",信用点×652500、蓄梦元件×9、云际音符×3、空际小节×15、流梦阀门×13、天外乐章×30、造梦马达×7、蛀星孕灾的旧恶×3、命运的足迹×2
知更鸟,秘技,酣醉序曲,"施放秘技后，在自身周围展开持续15秒的特殊领域，处于领域内的敌人不会对知更鸟发动攻击，且在领域展开期间跟随知更鸟。领域展开期间进入战斗后，每个波次开始时知更鸟恢复5点能量。我方制造的领域效果最多存在1个。
（标签：辅助）",
知更鸟,额外能力,华彩花腔,"战斗开始时，自身行动提前25%。
（标签：角色晋阶2）",信用点×5000、云际音符×3、蛀星孕灾的旧恶×1
知更鸟,额外能力,即兴装饰,"处于【协奏】状态时，我方全体发动追加攻击造成的暴击伤害提高25%。
（标签：角色晋阶4）",信用点×20000、空际小节×5、命运的足迹×1、蛀星孕灾的旧恶×1
知更鸟,额外能力,模进乐段,"施放战技时额外恢复5点能量。
（标签：角色晋阶6）",信用点×160000、天外乐章×8、命运的足迹×1、蛀星孕灾的旧恶×1
知更鸟,属性加成,攻击强化,"攻击力提高4.0%
（标签：角色等级1）",信用点×2500、蓄梦元件×2
知更鸟,属性加成,生命强化,"生命值上限提高4.0%
（标签：角色晋阶2）",信用点×5000、云际音符×3、蓄梦元件×6
知更鸟,属性加成,攻击强化,"攻击力提高4.0%
（标签：角色晋阶3）",信用点×10000、空际小节×3、流梦阀门×3
知更鸟,属性加成,速度强化,"速度提高2
（标签：角色晋阶3）",信用点×10000、空际小节×3、流梦阀门×3
知更鸟,属性加成,攻击强化,"攻击力提高6.0%
（标签：角色晋阶4）",信用点×20000、空际小节×5、流梦阀门×4
知更鸟,属性加成,生命强化,"生命值上限提高6.0%
（标签：角色晋阶5）",信用点×45000、天外乐章×3、造梦马达×3
知更鸟,属性加成,攻击强化,"攻击力提高6.0%
（标签：角色晋阶5）",信用点×45000、天外乐章×3、造梦马达×3
知更鸟,属性加成,速度强化,"速度提高3
（标签：角色晋阶6）",信用点×160000、天外乐章×8、造梦马达×8
知更鸟,属性加成,生命强化,"生命值上限提高8.0%
（标签：角色等级75）",信用点×160000、天外乐章×8、造梦马达×8
知更鸟,属性加成,攻击强化,"攻击力提高8.0%
（标签：角色等级80）",信用点×160000、天外乐章×8、造梦马达×8
知更鸟•晴歌,普攻,音浪，为海风定调,"对敌方单体造成等同于知更鸟·晴歌【25%/50%】生命上限的风属性伤害。
（标签：单攻、削韧值 10、回能 20）",信用点×201500、思量的种×2、蓄梦元件×4、末那芽苗×6、流梦阀门×5、阿赖耶华×8、造梦马达×4
知更鸟•晴歌,战技,盛夏是灵魂的乐手,"召唤忆灵「晴空乐手」贝茜。若任意「晴空乐手」已在场，为其回复等同于「晴空乐手」生命上限【50%/100%】的生命值，并获得6点气氛值。
（标签：召唤、回能 30）",信用点×539000、蓄梦元件×7、思量的种×2、末那芽苗×12、流梦阀门×11、阿赖耶华×26、造梦马达×6、伪觉者的期许×3、命运的足迹×2
知更鸟•晴歌,终结技,跃入这片蔚蓝狂想,"使除知更鸟·晴歌外的指定我方单体角色行动提前100%并固定恢复等同于【12.0%/20.0%】能量上限的能量。随后使其获得【特邀嘉宾】效果，持有【特邀嘉宾】的角色及其召唤物攻击时额外使知更鸟·晴歌获得2点气氛值，且无法使其他友方目标获得行动提前效果，持续2回合。该角色每回合开始时持续回合数减1。
（标签：辅助、回能 5）",信用点×539000、蓄梦元件×7、思量的种×2、末那芽苗×12、流梦阀门×11、阿赖耶华×26、造梦马达×6、伪觉者的期许×3、命运的足迹×2
知更鸟•晴歌,天赋,巡游在无界的天空,"忆灵「晴空乐手」初始拥有等同于知更鸟·晴歌70%生命上限的生命上限和等同于知更鸟·晴歌180%速度的速度。我方目标施放攻击时，或在任意目标回合第一次提供治疗效果或护盾时，知更鸟·晴歌获得1点气氛值，上限50点。「晴空乐手」贝茜在场时，若知更鸟·晴歌的气氛值大于等于6点，立即召唤「晴空乐手」啾米，若气氛值大于等于12点，立即召唤「晴空乐手」派丁。当「晴空乐手」全员登台后，解除知更鸟·晴歌与「晴空乐手」陷入的所有控制类负面状态、进入【Fever】状态并展开结界，结界内我方目标造成伤害时无视敌方目标(【10.0%/15.0%】+气氛值*0.5%)防御力。处于【Fever】状态时，知更鸟·晴歌与「晴空乐手」免疫控制类负面状态，【Fever】状态结束前知更鸟·晴歌不会进入自己的回合。
（标签：强化）",信用点×539000、蓄梦元件×7、思量的种×2、末那芽苗×12、流梦阀门×11、阿赖耶华×26、造梦马达×6、伪觉者的期许×3、命运的足迹×2
知更鸟•晴歌,秘技,我们自成旋律,"使用秘技后，使下一次战斗开始时行动提前20%，立即获得6点气氛值，并使我方全体造成的伤害提高30%，持续2回合。
（标签：强化）",
知更鸟•晴歌,额外能力,偏离和弦,"我方目标使知更鸟·晴歌获得气氛值时，若攻击力大于知更鸟·晴歌，则使该目标的攻击力提高等同于知更鸟·晴歌的生命上限的(16%+气氛值*0.4%)，否则使该目标的暴击伤害提高(40%+气氛值*1.5%)，持续2回合。
（标签：角色晋阶2）",信用点×5000、思量的种×3、伪觉者的期许×1
知更鸟•晴歌,额外能力,即兴蓝调,"知更鸟·晴歌或「晴空乐手」受到队友提供的治疗效果或护盾时，使知更鸟•晴歌获得12层【律动】，上限12层。知更鸟·晴歌在任意目标回合内第一次获得气氛值时若持有【律动】，则消耗1层【律动】并固定恢复3点能量。
（标签：角色晋阶4）",信用点×20000、末那芽苗×5、命运的足迹×1、伪觉者的期许×1
知更鸟•晴歌,额外能力,重构谐乐,"知更鸟·晴歌与「晴空乐手」的暴击率提高50%。
（标签：角色晋阶6）",信用点×160000、阿赖耶华×8、命运的足迹×1、伪觉者的期许×1
知更鸟•晴歌,忆灵技,叽叽啾啾四重奏,"对敌方全体造成等同于「晴空乐手」【75.0%/150.0%】生命上限的风属性伤害。
（标签：群攻、削韧值 10、回能 20）",信用点×201500、思量的种×2、蓄梦元件×4、末那芽苗×6、流梦阀门×5、阿赖耶华×8、造梦马达×4
知更鸟•晴歌,忆灵天赋,扑翅雀跃的和声/|贴近海的心跳/乘上夏夜晚风,"处于【Fever】状态时，「晴空乐手」和倒计时将出现在行动序列上，并使知更鸟·晴歌与自身造成的伤害提高（【30%/60%】+气氛值*【1.0%/2.0%】）。「晴空乐手」回合开始时施放忆灵技。倒计时初始速度140点，回合开始时扣除50%的当前气氛值，至少扣除12点，当气氛值为零时，「晴空乐手」消失并使知更鸟·晴歌退出【Fever】状态。「晴空乐手」在场时，根据成员数量使敌方全体受到的伤害分别提高【4.0%/8.0%】/【6.0%/12.0%】/【8.0%/16.0%】.
（标签：辅助）
「晴空乐手」被召唤时，为知更鸟·晴歌恢复20点能量。
（标签：辅助）
「晴空乐手」消失时，使知更鸟·晴歌行动提前50%。
（标签：辅助）",信用点×201500、思量的种×2、蓄梦元件×4、末那芽苗×6、流梦阀门×5、阿赖耶华×8、造梦马达×4
知更鸟•晴歌,属性加成,速度强化,"速度提高2
（标签：角色等级1）",信用点×2500、蓄梦元件×2
知更鸟•晴歌,属性加成,生命强化,"生命值上限提高4.0%
（标签：角色晋阶2）",信用点×4000、思量的种×3、蓄梦元件×6
知更鸟•晴歌,属性加成,速度强化,"速度提高2
（标签：角色晋阶3）",信用点×9000、末那芽苗×3、流梦阀门×2
知更鸟•晴歌,属性加成,暴击率强化,"暴击率提高2.7%
（标签：角色晋阶3）",信用点×9000、末那芽苗×3、流梦阀门×2
知更鸟•晴歌,属性加成,速度强化,"速度提高3
（标签：角色晋阶4）",信用点×19000、末那芽苗×4、流梦阀门×4
知更鸟•晴歌,属性加成,生命强化,"生命值上限提高6.0%
（标签：角色晋阶5）",信用点×45000、阿赖耶华×3、造梦马达×3
知更鸟•晴歌,属性加成,速度强化,"速度提高3
（标签：角色晋阶5）",信用点×45000、阿赖耶华×3、造梦马达×3
知更鸟•晴歌,属性加成,暴击率强化,"暴击率提高4.0%
（标签：角色晋阶6）",信用点×140000、阿赖耶华×7、造梦马达×6
知更鸟•晴歌,属性加成,生命强化,"生命值上限提高8.0%
（标签：角色等级75）",信用点×160000、阿赖耶华×8、造梦马达×8
知更鸟•晴歌,属性加成,速度强化,"速度提高4
（标签：角色等级80）",信用点×160000、阿赖耶华×8、造梦马达×8
砂金,普攻,直观投注,"对指定敌方单体造成等同于砂金【50%/100%】防御力的虚数属性伤害。
（标签：回能 20、战技点 +1、单攻、削韧 10）",信用点×240000、散逸星砂×3、思绪末屑×6、流星棱晶×8、印象残晶×7、神体琥珀×11、欲念碎镜×7
砂金,战技,繁荣基石,"为我方全体提供能够抵消等同于砂金【16.0%/24.0%】防御力+【80/320】伤害的护盾【坚垣筹码】，持续3回合。重复获得【坚垣筹码】时，护盾量可以叠加，最高不超过当前战技提供的护盾量的200%。
（标签：回能 30、战技点 -1、防御）",信用点×652500、思绪末屑×9、散逸星砂×3、流星棱晶×15、印象残晶×13、神体琥珀×30、欲念碎镜×7、蛀星孕灾的旧恶×3、命运的足迹×2
砂金,终结技,轮盘勋爵,"随机获得1到7点【盲注】，随后使指定敌方单体陷入【惊惶】状态，持续3回合，并对指定敌方单体造成等同于砂金【162%/270%】防御力的虚数属性伤害。我方目标击中【惊惶】状态下的敌方目标时，造成的暴击伤害提高【9.0%/15.0%】。
（标签：能量 110、回能 5、单攻、削韧 30）",信用点×652500、思绪末屑×9、散逸星砂×3、流星棱晶×15、印象残晶×13、神体琥珀×30、欲念碎镜×7、蛀星孕灾的旧恶×3、命运的足迹×2
砂金,天赋,枪口以右,"持有【坚垣筹码】的我方单体效果抵抗提高【25.0%/50.0%】，并在受到攻击后，使砂金获得1点【盲注】，砂金持有【坚垣筹码】时能抵抗控制类负面状态，该效果在2回合后可再次触发，并在受到攻击后额外获得1点【盲注】。【盲注】达到7点后，砂金消耗7点充能发动7段追加攻击，每段攻击对随机敌方单体造成等同于砂金【12%/25%】防御力的虚数属性伤害，【盲注】上限10点。
（标签：回能 7 (1*7)、弹射、削韧 3.3*7）",信用点×652500、思绪末屑×9、散逸星砂×3、流星棱晶×15、印象残晶×13、神体琥珀×30、欲念碎镜×7、蛀星孕灾的旧恶×3、命运的足迹×2
砂金,秘技,红黑之间,"使用秘技后获得以下1种效果：
一定概率获得防御力提高24%；
大概率获得防御力提高36%；
小概率获得防御力提高60%。
重复使用时保留数值最高的效果。
下一次战斗开始时，使我方全体提高对应数值的防御力，持续3回合。
（标签：防御）",
砂金,额外能力,杠杆,"若砂金的防御力高于1600点，每超过100点防御力可使自身暴击率提高2%，最多提高48%。
（标签：角色晋阶2）",信用点×5000、散逸星砂×3、蛀星孕灾的旧恶×1
砂金,额外能力,热手,"战斗开始时，为我方全体提供护盾【坚垣筹码】，护盾量等同于战技提供的护盾量的100%，持续3回合。
（标签：角色晋阶4）",信用点×20000、流星棱晶×5、命运的足迹×1、蛀星孕灾的旧恶×1
砂金,额外能力,宾果！,"持有【坚垣筹码】的队友发动追加攻击后；为砂金积攒1点【盲注】，该效果最多触发3次，当砂金回合开始时，重置该效果触发次数。砂金在发动天赋的追加攻击后，为我方全体提供能够抵消等同于砂金7%防御力+96伤害的【坚垣筹码】，并为护盾值最低的我方目标额外提供能够抵消等同于砂金7%防御力+96伤害的【坚垣筹码】，持续3回合。
（标签：角色晋阶6）",信用点×160000、神体琥珀×8、命运的足迹×1、蛀星孕灾的旧恶×1
砂金,属性加成,防御强化,"防御力提高5.0%
（标签：角色等级1）",信用点×2500、思绪末屑×2
砂金,属性加成,伤害强化•虚数,"虚数属性伤害提高3.2%
（标签：角色晋阶2）",信用点×5000、散逸星砂×3、思绪末屑×6
砂金,属性加成,防御强化,"防御力提高5.0%
（标签：角色晋阶3）",信用点×10000、流星棱晶×3、印象残晶×3
砂金,属性加成,效果抵抗强化,"效果抵抗提高4.0%
（标签：角色晋阶3）",信用点×10000、流星棱晶×3、印象残晶×3
砂金,属性加成,防御强化,"防御力提高7.5%
（标签：角色晋阶4）",信用点×20000、流星棱晶×5、印象残晶×4
砂金,属性加成,伤害强化•虚数,"虚数属性伤害提高4.8%
（标签：角色晋阶5）",信用点×45000、神体琥珀×3、欲念碎镜×3
砂金,属性加成,防御强化,（标签：角色晋阶5）,信用点×45000、神体琥珀×3、欲念碎镜×3
砂金,属性加成,效果抵抗强化,"效果抵抗提高6.0%
（标签：角色晋阶6）",信用点×160000、神体琥珀×8、欲念碎镜×8
砂金,属性加成,伤害强化•虚数,"虚数属性伤害提高6.4%
（标签：角色等级75）",信用点×160000、神体琥珀×8、欲念碎镜×8
砂金,属性加成,防御强化,"防御力提高10.0%
（标签：角色等级80）",信用点×160000、神体琥珀×8、欲念碎镜×8
砂金•戏浪,普攻,激流，正中红心,"对指定敌方单体造成等同于砂金•戏浪【50%/100%】攻击力的量子属性伤害。
（标签：单攻、回能 20、削韧 10、技能点 +1）",信用点×180000、《绒绒号》手绘分镜稿×2、思绪末屑×5、《绒绒号》连载纪念刊×5、印象残晶×5、《绒绒号》典藏版合集×8、欲念碎镜×4
砂金•戏浪,战技,绝杀，热砂沸腾,"对敌方全体造成等同于砂金•戏浪【120%/240%】攻击力的量子属性伤害，获得4个笑点和4点【热意】。
（标签：群攻、回能 30、削韧 10）",信用点×520000、思绪末屑×7、《绒绒号》手绘分镜稿×3、《绒绒号》连载纪念刊×12、印象残晶×11、《绒绒号》典藏版合集×24、欲念碎镜×6、伪觉者的期许×3、命运的足迹×2
砂金•戏浪,终结技,胜局，凌越飓浪之上,"对敌方全体造成等同于砂金•戏浪【240%/400%】攻击力的量子属性伤害，获得6个笑点和8点【热意】。并使自身速度提高【12%/30%】，持续4回合。
（标签：群攻、削韧 20、回能 5、能量 130）",信用点×520000、思绪末屑×7、《绒绒号》手绘分镜稿×3、《绒绒号》连载纪念刊×12、印象残晶×11、《绒绒号》典藏版合集×24、欲念碎镜×6、伪觉者的期许×3、命运的足迹×2
砂金•戏浪,天赋,抛注，听深渊回响,"砂金•戏浪的【好活当赏】的持续时间增加1回合。队友施放攻击后，砂金•戏浪获得1点【热意】以及1个笑点，【热意】上限为30点。
【热意】达到10点时，砂金•戏浪会立即施放1次固定计入20笑点的【举杯！敬炽烈一夏】，并在施放后使自身下一次在阿哈时刻中施放的欢愉技强化为【All in！敬炽烈一夏】。
砂金•戏浪持有【好活当赏】时，战技额外对敌方全体造成【20%/40%】量子属性欢愉伤害，终结技额外对敌方全体造成【36%/72%】量子属性欢愉伤害。
（标签：强化）",信用点×520000、思绪末屑×7、《绒绒号》手绘分镜稿×3、《绒绒号》连载纪念刊×12、印象残晶×11、《绒绒号》典藏版合集×24、欲念碎镜×6、伪觉者的期许×3、命运的足迹×2
砂金•戏浪,秘技,于静水掀起风浪,快速向前移动一段距离并攻击接触到的敌人，在快速移动的过程中可抵挡敌人的所有攻击。主动攻击敌人进入战斗后，对敌方全体造成等同于砂金•戏浪100%攻击力的量子属性伤害，并使自身获得2点【热意】和20点【好活当赏】。未击中敌人时不消耗秘技点。,
砂金•戏浪,额外能力,极乐派对,"速度大于等于140时，使自身欢愉度提高30%，之后每超过1点速度使自身欢愉度额外提高1%，最多计入200点超出的速度。
（标签：角色晋阶2）",信用点×5000、《绒绒号》手绘分镜稿×2、伪觉者的期许×1
砂金•戏浪,额外能力,纵享惊涛,"战斗开始时若队伍中存在砂金•戏浪以外的其他「欢愉」命途角色，砂金•戏浪在场时，我方全体欢愉度提高20%，砂金•戏浪额外提高80%。战斗开始时若队伍中只存在砂金•戏浪1名「欢愉」命途角色，砂金•戏浪施放欢愉技造成伤害时，被视为发动了追加攻击。队友施放攻击后，砂金•戏浪获得2点【好活当赏】和1个笑点，并使阿哈速度提高25，速度提高效果持续到阿哈时刻结束。
（标签：角色晋阶4）",信用点×20000、《绒绒号》连载纪念刊×4、命运的足迹×1、伪觉者的期许×1
砂金•戏浪,额外能力,旧梦淘金,"暴击伤害提高48%。队友施放普攻、战技、追加攻击或终结技后，使我方全体暴击伤害提高48%，持续3回合，并使砂金•戏浪额外获得2点【热意】，该效果最多触发6次，砂金•戏浪施放战技时重置可触发次数。
（标签：角色晋阶6）",信用点×140000、《绒绒号》典藏版合集×8、命运的足迹×1、伪觉者的期许×1
砂金•戏浪,欢愉技,举杯！敬炽烈一夏/All in！敬炽烈一夏,"对敌方全体造成【30%/60%】量子属性欢愉伤害，并额外造成10次伤害，每次伤害对随机敌方单体造成【9%/18%】量子属性欢愉伤害。
（标签：群攻、回能 5、参演编号 156、削韧 10）
对敌方全体造成【30%/60%】量子属性欢愉伤害，并额外造成10次伤害，每次伤害对随机敌方单体造成【9%/18%】量子属性欢愉伤害。施放时会消耗所有【热意】，每消耗1点【热意】都会额外对随机敌方单体造成1次【10.5%/21%】量子属性欢愉伤害。
（标签：群攻、回能 5、参演编号 156、削韧 20）",信用点×520000、思绪末屑×7、《绒绒号》手绘分镜稿×3、《绒绒号》连载纪念刊×12、印象残晶×11、《绒绒号》典藏版合集×24、欲念碎镜×14
砂金•戏浪,属性加成,暴击率强化,"暴击率提高2.7%
（标签：角色等级1）",信用点×2000、思绪末屑×2
砂金•戏浪,属性加成,速度强化,"速度提高2
（标签：角色晋阶2）",信用点×5000、《绒绒号》手绘分镜稿×2、思绪末屑×6
砂金•戏浪,属性加成,暴击率强化,"暴击率提高2.7%
（标签：角色晋阶3）",信用点×10000、《绒绒号》连载纪念刊×4、印象残晶×2
砂金•戏浪,属性加成,欢愉度强化,"欢愉度提高4%
（标签：角色晋阶3）",信用点×10000、《绒绒号》连载纪念刊×4、印象残晶×2
砂金•戏浪,属性加成,暴击率强化,"暴击率提高4%
（标签：角色晋阶4）",信用点×18000、《绒绒号》连载纪念刊×4、印象残晶×3
砂金•戏浪,属性加成,速度强化,"速度提高3
（标签：角色晋阶5）",信用点×45000、《绒绒号》典藏版合集×3、欲念碎镜×2
砂金•戏浪,属性加成,暴击率强化,"暴击率提高4%
（标签：角色晋阶5）",信用点×45000、《绒绒号》典藏版合集×3、欲念碎镜×2
砂金•戏浪,属性加成,欢愉度强化,"欢愉度提高6%
（标签：角色晋阶6）",信用点×120000、《绒绒号》典藏版合集×5、欲念碎镜×2
砂金•戏浪,属性加成,速度强化,"速度提高4
（标签：角色等级75）",信用点×160000、《绒绒号》典藏版合集×8、欲念碎镜×8
砂金•戏浪,属性加成,暴击率强化,"暴击率提高5.3%
（标签：角色等级80）",信用点×160000、《绒绒号》典藏版合集×8、欲念碎镜×8
符玄,普攻,始击岁星,"对指定敌方单体造成等同于符玄【25%/50%】生命上限的量子属性伤害。
（标签：回能 20、战技点 +1、单攻、削韧 10）",信用点×240000、青铜的执着×3、工造机杼×6、寒铁的誓言×8、工造迴轮×7、琥珀的坚守×11、工造浑心×7
符玄,战技,太微行棋，灵台示影,"开启【穷观阵】，使符玄队友所承受的未受护盾抵挡之前的伤害的65%分摊给符玄，持续3回合。
处于【穷观阵】的我方全体获得【鉴知】。【鉴知】状态下的我方目标生命上限提高，提高数值等同于符玄生命上限的【3.0%/6.0%】，暴击率提高【6.0%/12.0%】。
当符玄陷入无法战斗状态时，【穷观阵】也会被解除。
（标签：回能 30、战技点 -1、防御）",信用点×652500、工造机杼×9、青铜的执着×3、寒铁的誓言×15、工造迴轮×13、琥珀的坚守×30、工造浑心×7、无穷假身的遗恨×3、命运的足迹×2
符玄,终结技,天律大衍，历劫归一,"对敌方全体造成等同于符玄【60%/100%】生命上限的量子属性伤害，并获得1次符玄天赋生命回复的触发次数。
（标签：能量 135、回能 5、群攻、削韧 20）",信用点×652500、工造机杼×9、青铜的执着×3、寒铁的誓言×15、工造迴轮×13、琥珀的坚守×30、工造浑心×7、无穷假身的遗恨×3、命运的足迹×2
符玄,天赋,乾清坤夷，否极泰来,"当符玄处于可战斗状态时，为我方全体附加【避厄】。【避厄】状态下的我方目标受到的伤害降低【10.0%/18.0%】。
当符玄当前生命值百分比小于等于50%时触发生命回复，使自身回复等同于已损失生命值【80%/90%】的生命值，受到致命攻击时无法触发该效果。该效果初始拥有1次触发次数，最多可拥有2次触发次数。
（标签：回复）",信用点×652500、工造机杼×9、青铜的执着×3、寒铁的誓言×15、工造迴轮×13、琥珀的坚守×30、工造浑心×7、无穷假身的遗恨×3、命运的足迹×2
符玄,秘技,岁记否泰，固守四郭,"使用秘技后，我方全体获得持续20秒的屏障。该屏障可抵挡敌人的所有攻击，不会进入战斗。屏障持续期间进入战斗时符玄自动开启【穷观阵】，持续2回合。
（标签：防御）",
符玄,额外能力,太乙式盘,"【穷观阵】开启时，符玄施放战技将额外恢复20点能量。
（标签：角色晋阶2）",信用点×5000、青铜的执着×3、无穷假身的遗恨×1
符玄,额外能力,遁甲星舆,"施放终结技时为我方其他目标回复等同于符玄5%生命上限+133的生命值。
（标签：角色晋阶4）",信用点×20000、寒铁的誓言×5、命运的足迹×1、无穷假身的遗恨×1
符玄,额外能力,六壬兆堪,"【穷观阵】开启时，若敌方目标对我方施加了控制类负面状态，则我方全体抵抗本次行动中敌方目标施加的所有控制类负面状态。该效果可以触发1次。再次开启【穷观阵】后将刷新效果可触发次数。
（标签：角色晋阶6）",信用点×160000、琥珀的坚守×8、命运的足迹×1、无穷假身的遗恨×1
符玄,属性加成,暴击率强化,"暴击率提高2.7%
（标签：角色等级1）",信用点×2500、工造机杼×2
符玄,属性加成,生命强化,"生命值上限提高4.0%
（标签：角色晋阶2）",信用点×5000、青铜的执着×3、工造机杼×6
符玄,属性加成,暴击率强化,"暴击率提高2.7%
（标签：角色晋阶3）",信用点×10000、寒铁的誓言×3、工造迴轮×3
符玄,属性加成,效果抵抗强化,"效果抵抗提高4.0%
（标签：角色晋阶3）",信用点×10000、寒铁的誓言×3、工造迴轮×3
符玄,属性加成,暴击率强化,"暴击率提高4.0%
（标签：角色晋阶4）",信用点×20000、寒铁的誓言×5、工造迴轮×4
符玄,属性加成,生命强化,"生命值上限提高6.0%
（标签：角色晋阶5）",信用点×45000、琥珀的坚守×3、工造浑心×3
符玄,属性加成,暴击率强化,"暴击率提高4.0%
（标签：角色晋阶4）",信用点×45000、琥珀的坚守×3、工造浑心×3
符玄,属性加成,效果抵抗强化,"效果抵抗提高6.0%
（标签：角色晋阶6）",信用点×160000、琥珀的坚守×8、工造浑心×8
符玄,属性加成,生命强化,"生命值上限提高8.0%
（标签：角色等级75）",信用点×160000、琥珀的坚守×8、工造浑心×8
符玄,属性加成,暴击率强化,"暴击率提高5.3%
（标签：角色等级80）",信用点×160000、琥珀的坚守×8、工造浑心×8
米沙,普攻,请…请让一下！,"对指定敌方单体造成等同于米沙【50%/100%】攻击力的冰属性伤害。
（标签：回能 20、战技点 +1、单攻、削韧 10）",信用点×192000、步离犬牙×2、蓄梦元件×4、狼毒锯牙×6、流梦阀门×5、月狂獠牙×8、造梦马达×5
米沙,战技,客…客房服务！,"增加1段米沙下一次终结技的攻击段数。对指定敌方单体造成等同于米沙【100%/200%】攻击力的冰属性伤害，并对其相邻目标造成等同于米沙【40%/80%】攻击力的冰属性伤害。
（标签：回能 30、扩散、削韧 20+10*2）",信用点×522000、蓄梦元件×6、步离犬牙×2、狼毒锯牙×12、流梦阀门×10、月狂獠牙×23、造梦马达×5、蛀星孕灾的旧恶×3、命运的足迹×1
米沙,终结技,要…要迟到了！,"初始拥有3段攻击段数。首先施放1段攻击对指定敌方单体造成等同于米沙【36%/60%】攻击力的冰属性伤害，其余每段攻击对敌方随机单体造成等同于米沙【36%/60%】攻击力的冰属性伤害。每段攻击前有【12.0%/20.0%】的基础概率使目标陷入冻结状态，持续1回合。冻结状态下，敌方目标不能行动，同时每回合开始时受到等同于米沙【18%/30%】攻击力的冰属性附加伤害。终结技最多累计10段攻击段数，施放终结技后攻击段数恢复至初始状态。
（标签：能量 100、回能 5、弹射、削韧 10+5*n）",信用点×522000、蓄梦元件×6、步离犬牙×2、狼毒锯牙×12、流梦阀门×10、月狂獠牙×23、造梦马达×5、蛀星孕灾的旧恶×3、命运的足迹×1
米沙,天赋,擒纵机构,"我方全体每消耗1个战技点，增加1段米沙下一次终结技的攻击段数，同时米沙恢复【1.0/2.0】点能量。
（标签：强化）",信用点×522000、蓄梦元件×6、步离犬牙×2、狼毒锯牙×12、流梦阀门×10、月狂獠牙×23、造梦马达×5、蛀星孕灾的旧恶×3、命运的足迹×1
米沙,秘技,停一停吧，你真美丽！,"使用秘技后，制造1片持续15秒的特殊领域。处于特殊领域内的敌人陷入【梦境监牢】状态。【梦境监牢】状态下的敌人会停止所有行动。与处于【梦境监牢】状态下的敌人进入战斗后，增加2段米沙下一次终结技的攻击段数。我方制造的领域效果最多存在1个。
（标签：妨害）",
米沙,额外能力,释放,"终结技首段攻击前，使目标陷入冻结状态的基础概率提高80%。
（标签：角色晋阶2）",信用点×4000、步离犬牙×2、蛀星孕灾的旧恶×1
米沙,额外能力,锁接,"施放终结技时，效果命中提高60%，持续至本次终结技行动结束。
（标签：角色晋阶4）",信用点×16000、狼毒锯牙×4、命运的足迹×1、蛀星孕灾的旧恶×1
米沙,额外能力,传冲,"对陷入冻结状态的敌方目标造成伤害时，暴击伤害提升30%。
（标签：角色晋阶6）",信用点×128000、月狂獠牙×6、命运的足迹×1、蛀星孕灾的旧恶×1
米沙,属性加成,伤害强化•冰,"冰属性伤害提高3.2%
（标签：角色等级1）",信用点×2000、蓄梦元件×2
米沙,属性加成,防御强化,"防御力提高5.0%
（标签：角色晋阶2）",信用点×4000、步离犬牙×2、蓄梦元件×4
米沙,属性加成,伤害强化•冰,"冰属性伤害提高3.2%
（标签：角色晋阶3）",信用点×8000、狼毒锯牙×2、流梦阀门×2
米沙,属性加成,暴击率强化,"暴击率提高2.7%
（标签：角色晋阶3）",信用点×8000、狼毒锯牙×2、流梦阀门×2
米沙,属性加成,伤害强化•冰,"冰属性伤害提高4.8%
（标签：角色晋阶4）",信用点×16000、狼毒锯牙×4、流梦阀门×3
米沙,属性加成,防御强化,"防御力提高7.5%
（标签：角色晋阶5）",信用点×36000、月狂獠牙×2、造梦马达×2
米沙,属性加成,伤害强化•冰,"冰属性伤害提高4.8%
（标签：角色晋阶5）",信用点×36000、月狂獠牙×2、造梦马达×2
米沙,属性加成,暴击率强化,"暴击率提高4.0%
（标签：角色晋阶6）",信用点×128000、月狂獠牙×6、造梦马达×6
米沙,属性加成,防御强化,"防御力提高10.0%
（标签：角色等级75）",信用点×128000、月狂獠牙×6、造梦马达×6
米沙,属性加成,伤害强化•冰,"冰属性伤害提高6.4%
（标签：角色等级80）",信用点×128000、月狂獠牙×6、造梦马达×6
素裳,普攻,云骑剑经 • 素霓,"对指定敌方单体造成等同于素裳【50%/100%】攻击力的物理属性伤害。
（标签：回能 20、战技点 +1、单攻、削韧 10）",信用点×192000、猎兽之矢×2、工造机杼×4、屠魔之矢×6、工造迴轮×5、逐星之矢×8、工造浑心×5
素裳,战技,云骑剑经 • 山倾,"对指定敌方单体造成等同于素裳【105%/210%】攻击力的物理属性伤害。同时最后一击后有33%概率发动【剑势】，对目标造成等同于素裳【50%/100%】攻击力的物理属性附加伤害。
若该目标处于弱点击破状态，则【剑势】必定发动。
（标签：回能 30、战技点 -1、单攻、削韧 20）",信用点×522000、工造机杼×6、猎兽之矢×2、屠魔之矢×12、工造迴轮×10、逐星之矢×23、工造浑心×5、守护者的悲愿×3、命运的足迹×1
素裳,终结技,太虚形蕴 • 烛夜,"对指定敌方单体造成等同于素裳【192%/320%】攻击力的物理属性伤害，并使素裳立即行动。同时使其攻击力提高【18%/30%】，且施放战技时额外增加2次【剑势】的发动判定，持续2回合。
通过额外判定发动的【剑势】伤害为原伤害的50%。
（标签：能量 120、回能 5、单攻、削韧 30）",信用点×522000、工造机杼×6、猎兽之矢×2、屠魔之矢×12、工造迴轮×10、逐星之矢×23、工造浑心×5、守护者的悲愿×3、命运的足迹×1
素裳,天赋,游刃若水,"当场上有敌方目标的弱点被击破，素裳的速度提高【15.0%/20.0%】，持续2回合。
（标签：强化）",信用点×522000、工造机杼×6、猎兽之矢×2、屠魔之矢×12、工造迴轮×10、逐星之矢×23、工造浑心×5、守护者的悲愿×3、命运的足迹×1
素裳,秘技,云骑剑经 • 叩阵,"立即攻击敌人，进入战斗后对敌方全体造成等同于素裳80%攻击力的物理属性伤害。
（标签：削韧 20）",
素裳,额外能力,赤子,"若当前生命值百分比小于等于50%，则被敌方目标攻击的概率降低。
（标签：角色晋阶2）",信用点×4000、猎兽之矢×2、守护者的悲愿×1
素裳,额外能力,逐寇,"每发动1次【剑势】，【剑势】造成的伤害提高2%，该效果最多叠加10层。
（标签：角色晋阶4）",信用点×16000、屠魔之矢×4、命运的足迹×1、守护者的悲愿×1
素裳,额外能力,破敌,"施放普攻或战技后，若场上有敌方目标处于弱点击破状态，则素裳的行动提前15%。
（标签：角色晋阶6）",信用点×128000、逐星之矢×6、命运的足迹×1、守护者的悲愿×1
素裳,属性加成,攻击强化,"攻击力提高4.0%
（标签：角色等级1）",信用点×2000、工造机杼×2
素裳,属性加成,生命强化,"生命值上限提高4.0%
（标签：角色晋阶2）",信用点×4000、猎兽之矢×2、工造机杼×4
素裳,属性加成,攻击强化,"攻击力提高4.0%
（标签：角色晋阶3）",信用点×8000、屠魔之矢×2、工造迴轮×2
素裳,属性加成,防御强化,"防御力提高5.0%
（标签：角色晋阶3）",信用点×8000、屠魔之矢×2、工造迴轮×2
素裳,属性加成,攻击强化,"攻击力提高6.0%
（标签：角色晋阶4）",信用点×16000、屠魔之矢×4、工造迴轮×3
素裳,属性加成,生命强化,"生命值上限提高6.0%
（标签：角色晋阶5）",信用点×36000、逐星之矢×2、工造浑心×2
素裳,属性加成,攻击强化,"攻击力提高6.0%
（标签：角色晋阶5）",信用点×36000、逐星之矢×2、工造浑心×2
素裳,属性加成,防御强化,"防御力提高7.5%
（标签：角色晋阶6）",信用点×128000、逐星之矢×6、工造浑心×6
素裳,属性加成,生命强化,"生命值上限提高8.0%
（标签：角色等级75）",信用点×128000、逐星之矢×6、工造浑心×6
素裳,属性加成,攻击强化,"攻击力提高8.0%
（标签：角色等级80）",信用点×128000、逐星之矢×6、工造浑心×6
绯英,普攻,课业•突击检查,"对指定敌方单体造成等同于绯英【50%/100%】攻击力的物理属性伤害。
（标签：单攻、回能 20、战技点 +1、削韧 10）",信用点×180000、《绒绒号》手绘分镜稿×2、童真蜡笔×5、《绒绒号》连载纪念刊×5、造梦蘸钢×5、《绒绒号》典藏版合集×8、梦现管锥×4
绯英,战技,风纪•尺出缭判,"对指定敌方单体造成等同于绯英【150%/300%】攻击力的物理属性伤害，对相邻目标造成等同于绯英【75%/150%】攻击力的物理属性伤害，并额外获得10点笑点。
（标签：扩散、回能 30、削韧值 单攻 20 扩散 10、战技点 -1）",信用点×520000、童真蜡笔×7、《绒绒号》手绘分镜稿×3、《绒绒号》连载纪念刊×12、造梦蘸钢×11、《绒绒号》典藏版合集×24、梦现管锥×6、灭流绝溢的缄默×3、命运的足迹×2
绯英,终结技,剑歌•神鬼无赦,"对敌方全体造成等同于绯英【80%/160%】攻击力的物理属性伤害，随后造成5次伤害，每次伤害对敌方随机单体造成等同于绯英【72%/120%】攻击力的物理属性伤害。
（标签：群攻、回能 5、削韧值 单攻 5 群攻 20、能量 240）",信用点×520000、童真蜡笔×7、《绒绒号》手绘分镜稿×3、《绒绒号》连载纪念刊×12、造梦蘸钢×11、《绒绒号》典藏版合集×24、梦现管锥×6、灭流绝溢的缄默×3、命运的足迹×2
绯英,天赋,青春•韶华无限,"绯英获得等同于暴击伤害20%的欢愉度。绯英获得能量时，将同步获得等值的【好活当赏】；绯英获得【好活当赏】时，将同步获得等值的能量，单次通过此方式计算的【好活当赏】不超过100点。
累计获得240点能量时，消耗240点累计值，【狐狸老师】发动追加攻击对敌方全体造成等同于绯英【50%/100%】攻击力的物理属性伤害，为绯英恢复10点能量，单次获得能量时最多获得240点累计值。当绯英持有【好活当赏】时：施放战技可对受到攻击的敌方目标造成【8.0%/16.0%】的物理属性欢愉伤害。
施放终结技可对敌方全体造成【12%/24%】的物理属性欢愉伤害，并对终结技随机造成伤害的敌方目标造成【14%/28%】的物理属性欢愉伤害，终结技造成欢愉伤害时至少计入等同于能量上限的【好活当赏】。
【狐狸老师】的追加攻击可对敌方全体造成【12%/25%】的物理属性欢愉伤害。
（标签：强化、削韧值 10）",信用点×520000、童真蜡笔×7、《绒绒号》手绘分镜稿×3、《绒绒号》连载纪念刊×12、造梦蘸钢×11、《绒绒号》典藏版合集×24、梦现管锥×6、灭流绝溢的缄默×3、命运的足迹×2
绯英,秘技,落英•散者皆忆,"立即攻击一定范围内的所有敌人。进入战斗后，对敌方全体造成等同于绯英100%攻击力的物理属性伤害并获得20点【好活当赏】。
（标签：削韧值 20）",
绯英,额外能力,瞰众乐,"绯英的暴击率提高30%，当场上敌方目标数量等于3或以上/2/1时，终结技的弹射次数增加1/2/4次。当欢愉技的参演编号小于绯英的队友获得【好活当赏】时，绯英会将其中的50%变成自身的【好活当赏】。
（标签：角色晋阶2）",信用点×5000、《绒绒号》手绘分镜稿×2、灭流绝溢的缄默×1
绯英,额外能力,行裁断,"【狐狸老师】施放攻击时会额外对目标施加易伤，使其受到的伤害提高12%，持续3回合。
（标签：角色晋阶4）",信用点×20000、《绒绒号》连载纪念刊×4、命运的足迹×1、灭流绝溢的缄默×1
绯英,额外能力,开不败,"队友持有的【好活当赏】结束时，绯英会将其中的50%转化为自身的【好活当赏】。
（标签：角色晋阶6）",信用点×140000、《绒绒号》典藏版合集×8、命运的足迹×1、灭流绝溢的缄默×1
绯英,欢愉技,绯色•不乐即斩,"对敌方全体造成【55%/110%】的物理属性欢愉伤害并额外获得5点【好活当赏】。
（标签：群攻、削韧值 20、参演编号 146）",信用点×520000、童真蜡笔×7、《绒绒号》手绘分镜稿×3、《绒绒号》连载纪念刊×12、造梦蘸钢×11、《绒绒号》典藏版合集×24、梦现管锥×14
绯英,属性加成,暴击率强化,"暴击率提高2.7%
（标签：角色等级1）",信用点×2000、童真蜡笔×2
绯英,属性加成,欢愉度强化,"欢愉度提高4.0%
（标签：角色晋阶2）",信用点×5000、《绒绒号》手绘分镜稿×2、童真蜡笔×6
绯英,属性加成,暴击率强化,"暴击率提高2.7%
（标签：角色晋阶3）",信用点×10000、《绒绒号》连载纪念刊×4、造梦蘸钢×2
绯英,属性加成,速度强化,"速度提高2
（标签：角色晋阶3）",信用点×10000、《绒绒号》连载纪念刊×4、造梦蘸钢×2
绯英,属性加成,暴击率强化,"暴击率提高4.0%
（标签：角色晋阶4）",信用点×18000、《绒绒号》连载纪念刊×4、造梦蘸钢×3
绯英,属性加成,欢愉度强化,"欢愉度提高6.0%
（标签：角色晋阶5）",信用点×45000、《绒绒号》典藏版合集×3、梦现管锥×2
绯英,属性加成,暴击率强化,"暴击率提高4.0%
（标签：角色晋阶5）",信用点×45000、《绒绒号》典藏版合集×3、梦现管锥×2
绯英,属性加成,速度强化,"速度提高3
（标签：角色晋阶6）",信用点×120000、《绒绒号》典藏版合集×5、梦现管锥×2
绯英,属性加成,欢愉度强化,"欢愉度提高8.0%
（标签：角色等级75）",信用点×160000、《绒绒号》典藏版合集×8、梦现管锥×8
绯英,属性加成,暴击率强化,"暴击率提高5.3%
（标签：角色等级80）",信用点×160000、《绒绒号》典藏版合集×8、梦现管锥×8
缇宝,普攻,一百层的小火箭,"指定敌方单体造成等同于缇宝【15%/30%】生命上限的量子属性伤害，对相邻目标造成等同于缇宝【7.5%/15%】生命上限的量子属性伤害。对敌方单体及其相邻目标造成少量量子属性伤害。
（标签：回能 20、战技点 +1、扩散、削韧 10+5*2）",信用点×240000、云际音符×3、恐惧踏碎血肉×6、空际小节×8、勇气撕裂胸膛×7、天外乐章×11、荣耀洗礼身躯×7
缇宝,战技,礼物都去哪儿了,"获得【神启】持续3回合，自身每回合开始时持续回合数减1。当缇宝拥有【神启】时，我方全体目标全属性抗性穿透提高【12%/24%】.
（标签：回能 30、战技点 -1、辅助）",信用点×652500、恐惧踏碎血肉×9、云际音符×3、空际小节×15、勇气撕裂胸膛×13、天外乐章×30、荣耀洗礼身躯×7、同愿的遗音×3、命运的足迹×2
缇宝,终结技,猜猜这里住着谁,"开启结界，并对敌方全体造成等同于缇宝【15%/30%】生命上限的量子属性伤害。
结界持续期间，敌方目标受到的伤害提高【15%/30%】。受到我方目标攻击后，每有1名目标受到攻击，会对被攻击目标中当前生命值最高的目标造成1次等同于缇宝【6%/12%】生命上限的量子属性附加伤害。
结界持续2回合，自身每回合开始时结界持续回合数减1。
（标签：能量 120、回能 5、群体、削韧 20）",信用点×652500、恐惧踏碎血肉×9、云际音符×3、空际小节×15、勇气撕裂胸膛×13、天外乐章×30、荣耀洗礼身躯×7、同愿的遗音×3、命运的足迹×2
缇宝,天赋,好忙好忙的缇宝,"我方其他角色施放终结技后，缇宝发动追加攻击，对敌方全体造成等同于缇宝【9%/18%】生命上限的量子属性伤害。该效果每个角色最多触发1次，缇宝施放终结技时重置我方其他角色可触发次数。若追加攻击施放前目标被消灭则对新入场的敌方目标发动追加攻击。
（标签：回能 5、群体、削韧 5）",信用点×652500、恐惧踏碎血肉×9、云际音符×3、空际小节×15、勇气撕裂胸膛×13、天外乐章×30、荣耀洗礼身躯×7、同愿的遗音×3、命运的足迹×2
缇宝,秘技,开心你就拍拍手,"使用秘技后，进入战斗时获得【神启】，持续3回合。
（标签：强化）",
缇宝,额外能力,城墙外的羊羔儿…,"施放天赋的追加攻击后，缇宝造成的伤害提高72%，该效果最多叠加3层，持续3回合。
（标签：角色晋阶2）",信用点×5000、云际音符×3、同愿的遗音×1
缇宝,额外能力,长翅膀的玻璃球！,"结界持续期间，缇宝的生命上限提高，提高数值等同于我方全体角色生命上限之和的9%。
（标签：角色晋阶4）",信用点×20000、空际小节×5、命运的足迹×1、同愿的遗音×1
缇宝,额外能力,岔路旁的小石子？,"战斗开始时，缇宝恢复30点能量。我方其他目标攻击后，每击中1个目标使缇宝恢复1.5点能量。
（标签：角色晋阶6）",信用点×160000、天外乐章×8、命运的足迹×1、同愿的遗音×1
缇宝,属性加成,暴击伤害强化,"暴击伤害提高5.3%
（标签：角色等级1）",信用点×2500、恐惧踏碎血肉×2
缇宝,属性加成,暴击率强化,"暴击率提高2.7%
（标签：角色晋阶2）",信用点×5000、云际音符×3、恐惧踏碎血肉×6
缇宝,属性加成,暴击伤害强化,"暴击伤害提高5.3%
（标签：角色晋阶3）",信用点×10000、空际小节×3、勇气撕裂胸膛×3
缇宝,属性加成,生命强化,"生命值上限提高6.0%
（标签：角色晋阶3）",信用点×10000、空际小节×3、勇气撕裂胸膛×3
缇宝,属性加成,暴击伤害强化,"暴击伤害提高8.0%
（标签：角色晋阶4）",信用点×20000、空际小节×5、勇气撕裂胸膛×4
缇宝,属性加成,暴击率强化,"暴击率提高4.0%
（标签：角色晋阶5）",信用点×45000、天外乐章×3、荣耀洗礼身躯×3
缇宝,属性加成,暴击伤害强化,"暴击伤害提高8.0%
（标签：角色晋阶5）",信用点×45000、天外乐章×3、荣耀洗礼身躯×3
缇宝,属性加成,生命强化,"生命值上限提高6.0%
（标签：角色晋阶6）",信用点×160000、天外乐章×8、荣耀洗礼身躯×8
缇宝,属性加成,暴击率强化,"暴击率提高5.3%
（标签：角色等级75）",信用点×160000、天外乐章×8、荣耀洗礼身躯×8
缇宝,属性加成,暴击伤害强化,"暴击伤害提高10.7%
（标签：角色等级80）",信用点×160000、天外乐章×8、荣耀洗礼身躯×8
罗刹,普攻,黑渊的棘刺,"对指定敌方单体造成等同于罗刹【50%/100%】攻击力的虚数属性伤害。
（标签：回能 20、战技点 +1、单攻、削韧 10）",信用点×240000、丰饶之种×3、工造机杼×6、生命之芽×8、工造迴轮×7、永恒之花×11、工造浑心×7
罗刹,战技,白花的祈望,"施放战技后立即为指定我方单体回复等同于罗刹【40%/60%】攻击力+【200/800】的生命值，并使罗刹获得1层【白花之刻】。
当我方任意单体当前生命值百分比小于等于50%时，罗刹会立即对其触发1次等同于战技的效果，此次触发不消耗战技点。该效果在2回合后可再次触发。
（标签：回能 30、战技点 -1、回复）",信用点×652500、工造机杼×9、丰饶之种×3、生命之芽×15、工造迴轮×13、永恒之花×30、工造浑心×7、守护者的悲愿×3、命运的足迹×2
罗刹,终结技,归葬的遂愿,"解除敌方全体1个增益效果，并对敌方全体造成等同于罗刹【120%/200%】攻击力的虚数属性伤害，同时使罗刹获得1层【白花之刻】。
（标签：能量 100、回能 5、群攻、削韧 20）",信用点×652500、工造机杼×9、丰饶之种×3、生命之芽×15、工造迴轮×13、永恒之花×30、工造浑心×7、守护者的悲愿×3、命运的足迹×2
罗刹,天赋,生息的轮转,"当【白花之刻】达到2层时，罗刹会消耗全部【白花之刻】展开结界。处于结界中的任意敌方目标受到攻击后，施放攻击的我方目标立即回复等同于罗刹【12.0%/18.0%】攻击力+【60/240】的生命值。
结界效果持续2回合。当罗刹陷入无法战斗状态时，结界也会被解除。
（标签：回复）",信用点×652500、工造机杼×9、丰饶之种×3、生命之芽×15、工造迴轮×13、永恒之花×30、工造浑心×7、守护者的悲愿×3、命运的足迹×2
罗刹,秘技,愚者的悲悯,"使用秘技后，下一次战斗开始时立即触发天赋。
（标签：回复）",
罗刹,额外能力,浸池苏生,"触发战技效果时，解除指定我方单体的1个负面效果。
（标签：角色晋阶2）",信用点×5000、丰饶之种×3、守护者的悲愿×1
罗刹,额外能力,浇灌尘身,"处于结界中的任意敌方目标受到我方攻击后，除攻击者外的我方目标也会回复等同于罗刹7.0%攻击力+93的生命值。
（标签：角色晋阶4 ）",信用点×20000、生命之芽×5、命运的足迹×1、守护者的悲愿×1
罗刹,额外能力,行过幽谷,"抵抗控制类负面状态的概率提高70%。
（标签：角色晋阶6）",信用点×160000、永恒之花×8、命运的足迹×1、守护者的悲愿×1
罗刹,属性加成,攻击强化,"攻击力提高4.0%
（标签：角色等级1）",信用点×2500、工造机杼×2
罗刹,属性加成,生命强化,"生命值上限提高4.0%
（标签：角色晋阶2）",信用点×5000、丰饶之种×3、工造机杼×6
罗刹,属性加成,攻击强化,"攻击力提高4.0%
（标签：角色晋阶3）",信用点×10000、生命之芽×3、工造迴轮×3
罗刹,属性加成,防御强化,"防御力提高5.0%
（标签：角色晋阶3）",信用点×10000、生命之芽×3、工造迴轮×3
罗刹,属性加成,攻击强化,"攻击力提高6.0%
（标签：角色晋阶4 ）",信用点×20000、生命之芽×5、工造迴轮×4
罗刹,属性加成,生命强化,"生命值上限提高6.0%
（标签：角色晋阶5）",信用点×45000、永恒之花×3、工造浑心×3
罗刹,属性加成,攻击强化,"攻击力提高6.0%
（标签：角色晋阶5）",信用点×45000、永恒之花×3、工造浑心×3
罗刹,属性加成,防御强化,"防御力提高7.5%
（标签：角色晋阶6）",信用点×160000、永恒之花×8、工造浑心×8
罗刹,属性加成,生命强化,"生命值上限提高8.0%
（标签： 角色等级75 ）",信用点×160000、永恒之花×8、工造浑心×8
罗刹,属性加成,攻击强化,"攻击力提高8.0%
（标签：角色等级80）",信用点×160000、永恒之花×8、工造浑心×8
翡翠,普攻,挞楚抽薪,"对指定敌方单体造成等同于翡翠【45%/90%】攻击力的量子属性伤害，同时对其相邻目标造成等同于翡翠【15%/30%】攻击力的量子属性伤害。
（标签：回能 20、战技点 +1、扩散、削韧 10+5*2）",信用点×240000、凌乱草图×3、蓄梦元件×6、动态线稿×8、流梦阀门×7、精致色稿×11、造梦马达×7
翡翠,战技,恣肆吞併的担保,"指定我方单体成为【收债人】，使其速度提高30点，持续3回合。【收债人】施放攻击后，对每个击中的敌方目标造成1次等同于翡翠【15%/25%】攻击力的量子属性附加伤害，并消耗【收债人】生命上限2%的生命值，若当前生命值不足，当前生命值降至1点。
若翡翠成为【收债人】时，无法获得速度提高效果且攻击后不消耗生命值。
当场上存在【收债人】时，翡翠无法施放战技，翡翠每回合开始时【收债人】状态持续回合数减1。
（标签：回能 30、战技点 -1、辅助）",信用点×652500、蓄梦元件×9、凌乱草图×3、动态线稿×15、流梦阀门×13、精致色稿×30、造梦马达×7、同愿的遗音×3、命运的足迹×2
翡翠,终结技,堕此欲渊，立此狱契,"对敌方全体造成等同于翡翠【120%/240%】攻击力的量子属性伤害。同时使翡翠天赋的追加攻击获得强化，追加攻击造成的伤害倍率提高【40%/80%】。强化效果可生效2次。
（标签：能量 140、回能 5、群攻、削韧 20）",信用点×652500、蓄梦元件×9、凌乱草图×3、动态线稿×15、流梦阀门×13、精致色稿×30、造梦马达×7、同愿的遗音×3、命运的足迹×2
翡翠,天赋,剔烁之牙,"翡翠或成为【收债人】的目标施放攻击后，每击中1名敌方目标均可获得1点充能。当充能到达8点后，消耗8点充能，发动1次追加攻击，对敌方全体目标造成等同于翡翠【60%/120%】攻击力的量子属性伤害，本次追加攻击无法获得充能。
翡翠发动天赋的追加攻击时立即获得5层【当品】，每层【当品】使暴击伤害提高【1.2%/2.4%】，最多叠加50层。
（标签：回能 10、群攻、削韧 10、强化后削韧 20）",信用点×652500、蓄梦元件×9、凌乱草图×3、动态线稿×15、流梦阀门×13、精致色稿×30、造梦马达×7、同愿的遗音×3、命运的足迹×2
翡翠,秘技,猎手的视界,"使用秘技后使一定区域内的敌人陷入10秒【盲从】。【盲从】状态下敌人不会主动攻击我方目标。主动攻击陷入【盲从】的敌人进入战斗时，使所有处于【盲从】状态的敌人同时进入战斗。进入战斗后对敌方全体造成等同于翡翠50%攻击力的量子属性伤害，立即获得15层【当品】。
（标签：妨害）",
翡翠,额外能力,逆回购,"在敌方目标进入战斗时，翡翠获得1层【当品】。处于【收债人】状态的角色回合开始时，额外获得3层【当品】。
（标签：角色晋阶2）",信用点×5000、凌乱草图×3、同愿的遗音×1
翡翠,额外能力,折牙票,"战斗开始时，翡翠的行动提前50%。
（标签：角色晋阶4）",信用点×20000、动态线稿×5、命运的足迹×1、同愿的遗音×1
翡翠,额外能力,绝当品,"天赋中每层【当品】额外使翡翠的攻击力提高0.5%。
（标签：角色晋阶6）",信用点×160000、精致色稿×8、命运的足迹×1、同愿的遗音×1
翡翠,属性加成,伤害强化•量子,"量子属性伤害提高3.2%
（标签：角色等级1）",信用点×2500、蓄梦元件×2
翡翠,属性加成,攻击强化,"攻击力提高4.0%
（标签：角色晋阶2）",信用点×5000、凌乱草图×3、蓄梦元件×6
翡翠,属性加成,伤害强化•量子,"量子属性伤害提高3.2%
（标签：角色晋阶3）",信用点×10000、动态线稿×3、流梦阀门×3
翡翠,属性加成,效果抵抗强化,"效果抵抗提高4.0%
（标签：角色晋阶3）",信用点×10000、动态线稿×3、流梦阀门×3
翡翠,属性加成,伤害强化•量子,"量子属性伤害提高4.8%
（标签：角色晋阶4）",信用点×20000、动态线稿×5、流梦阀门×4
翡翠,属性加成,攻击强化,"攻击力提高6.0%
（标签：角色晋阶5）",信用点×45000、精致色稿×3、造梦马达×3
翡翠,属性加成,伤害强化•量子,"量子属性伤害提高4.8%
（标签：角色晋阶5）",信用点×45000、精致色稿×3、造梦马达×3
翡翠,属性加成,效果抵抗强化,"效果抵抗提高6.0%
（标签：角色晋阶6）",信用点×160000、精致色稿×8、造梦马达×8
翡翠,属性加成,攻击强化,"攻击力提高8.0%
（标签：角色等级75）",信用点×160000、精致色稿×8、造梦马达×8
翡翠,属性加成,伤害强化•量子,"量子属性伤害提高6.4%
（标签：角色等级80）",信用点×160000、精致色稿×8、造梦马达×8
艾丝妲,普攻,光谱射线,"对指定敌方单体造成等同于艾丝妲【50%/100%】攻击力的火属性伤害。
（标签：回能 20、战技点 +1、单攻、削韧 10）",信用点×192000、谐乐小调×2、铁卫扣饰×4、家族颂歌×6、铁卫军徽×5、群星乐章×8、铁卫勋章×5
艾丝妲,战技,流星群落,"对指定敌方单体造成等同于艾丝妲【25%/50%】攻击力的火属性伤害，并额外施放4次炮击。每次炮击对敌方随机单体造成等同于艾丝妲【25%/50%】攻击力的火属性伤害。
（标签：回能 6*5、战技点 -1、弹射、削韧 10+5*4）",信用点×522000、铁卫扣饰×6、谐乐小调×2、家族颂歌×12、铁卫军徽×10、群星乐章×23、铁卫勋章×5、毁灭者的末路×3、命运的足迹×1
艾丝妲,终结技,星空祝言,"使我方全体目标速度提高【36/50】点，持续2回合。
（标签：能量 120、回能 5、辅助）",信用点×522000、铁卫扣饰×6、谐乐小调×2、家族颂歌×12、铁卫军徽×10、群星乐章×23、铁卫勋章×5、毁灭者的末路×3、命运的足迹×1
艾丝妲,天赋,天象学,"每击中1名不同的敌方目标获得1层蓄能，若受到攻击的敌方目标弱点为火属性，则额外获得1层蓄能。
艾丝妲每拥有1层蓄能，会使我方全体攻击力提高【7.0%/14.0%】，该效果最多叠加5层。
从自身的第2回合开始，艾丝妲每回合开始时蓄能层数减少3层。
（标签：辅助）",信用点×522000、铁卫扣饰×6、谐乐小调×2、家族颂歌×12、铁卫军徽×10、群星乐章×23、铁卫勋章×5、毁灭者的末路×3、命运的足迹×1
艾丝妲,秘技,灵光一现,"立即攻击敌人，进入战斗后对敌方全体目标造成等同于艾丝妲50%攻击力的火属性伤害。
（标签：削韧 20）",
艾丝妲,额外能力,火花,"施放普攻时，有80%的基础概率使敌方目标陷入灼烧状态，持续3回合。
灼烧状态下，敌方目标每回合开始时受到等同于艾丝妲普攻50%的火属性持续伤害。
（标签：角色晋阶2）",信用点×4000、谐乐小调×2、毁灭者的末路×1
艾丝妲,额外能力,点燃,"艾丝妲在场时，我方全体的火属性伤害提高18%。
（标签：角色晋阶4）",信用点×16000、家族颂歌×4、命运的足迹×1、毁灭者的末路×1
艾丝妲,额外能力,星座,"艾丝妲每拥有1层蓄能，自身防御力提高6%。
（标签：角色晋阶6）",信用点×128000、群星乐章×6、命运的足迹×1、毁灭者的末路×1
艾丝妲,属性加成,伤害强化•火,"火属性伤害提高3.2%
（标签：角色等级1）",信用点×2000、铁卫扣饰×2
艾丝妲,属性加成,防御强化,"防御力提高5.0%
（标签：角色晋阶2）",信用点×4000、谐乐小调×2、铁卫扣饰×4
艾丝妲,属性加成,伤害强化•火,"火属性伤害提高3.2%
（标签：角色晋阶3）",信用点×8000、家族颂歌×2、铁卫军徽×2
艾丝妲,属性加成,暴击率强化,"暴击率提高2.7%
（标签：角色晋阶3）",信用点×8000、家族颂歌×2、铁卫军徽×2
艾丝妲,属性加成,伤害强化•火,"火属性伤害提高4.8%
（标签：角色晋阶4）",信用点×16000、家族颂歌×4、铁卫军徽×3
艾丝妲,属性加成,防御强化,"防御力提高7.5%
（标签：角色晋阶5）",信用点×36000、群星乐章×2、铁卫勋章×2
艾丝妲,属性加成,伤害强化•火,"火属性伤害提高4.8%
（标签：角色晋阶5）",信用点×36000、群星乐章×2、铁卫勋章×2
艾丝妲,属性加成,暴击率强化,"暴击率提高4.0%
（标签：角色晋阶6）",信用点×128000、群星乐章×6、铁卫勋章×6
艾丝妲,属性加成,防御强化,"防御力提高10.0%
（标签：角色等级75）",信用点×128000、群星乐章×6、铁卫勋章×6
艾丝妲,属性加成,伤害强化•火,"火属性伤害提高6.4%
（标签：角色等级80）",信用点×128000、群星乐章×6、铁卫勋章×6
花火,普攻,独角戏,"对指定敌方单体造成等同于花火【50%/100%】攻击力的量子属性伤害。
（标签：回能 20、战技点 +1、单攻、削韧 10）",信用点×240000、云际音符×3、思绪末屑×6、空际小节×8、印象残晶×7、天外乐章×11、欲念碎镜×7
花火,战技,梦游鱼,"使指定我方单体的暴击伤害提高，提高数值等同于花火【12.0%/24.0%】暴击伤害+【27.0%/45.0%】，持续1回合，并使该目标行动提前50%。
当花火对自身施放该技能时，无法触发行动提前效果。
（标签：回能 30、战技点 -1、辅助）",信用点×652500、思绪末屑×9、云际音符×3、空际小节×15、印象残晶×13、天外乐章×30、欲念碎镜×7、蛀星孕灾的旧恶×3、命运的足迹×2
花火,终结技,一人千役,"为我方恢复4个战技点，并使我方全体获得【谜诡】。持有【谜诡】的我方目标触发花火天赋造成的伤害提高效果每层额外提高【6.0%/10.0%】，持续2回合。
（标签：能量 110、回能 5、战技点 +4、辅助）",信用点×652500、思绪末屑×9、云际音符×3、空际小节×15、印象残晶×13、天外乐章×30、欲念碎镜×7、蛀星孕灾的旧恶×3、命运的足迹×2
花火,天赋,叙述性诡计,"花火在场时，战技点上限额外增加2点。当我方目标每消耗1点战技点，则使我方全体造成的伤害提高【3.0%/6.0%】，该效果持续2回合，最多可叠加3层。
（标签：辅助）",信用点×652500、思绪末屑×9、云际音符×3、空际小节×15、印象残晶×13、天外乐章×30、欲念碎镜×7、蛀星孕灾的旧恶×3、命运的足迹×2
花火,秘技,不可靠叙事者,"使用秘技后，我方全体进入持续20秒的【迷误】状态。【迷误】状态下不会被敌人发现。【迷误】状态期间进入战斗时为我方恢复3个战技点。
（标签：辅助）",
花火,额外能力,岁时记,"施放普攻时额外恢复10点能量。
（标签：角色晋阶2）",信用点×5000、云际音符×3、蛀星孕灾的旧恶×1
花火,额外能力,人造花,"战技提供的暴击伤害提高效果会延长到目标下一个回合开始。
（标签：角色晋阶4）",信用点×20000、空际小节×5、命运的足迹×1、蛀星孕灾的旧恶×1
花火,额外能力,夜想曲,"我方全体的攻击力提高15%。当我方队伍中存在1名/2名/3名量子属性的角色时，我方量子属性的角色的攻击力额外提高5%/15%/30%。
（标签：角色晋阶6）",信用点×160000、天外乐章×8、命运的足迹×1、蛀星孕灾的旧恶×1
花火,属性加成,生命强化,"生命值上限提高4.0%
（标签：角色等级1）",信用点×2500、思绪末屑×2
花火,属性加成,暴击伤害强化,"暴击伤害提高5.3%
（标签：角色晋阶2）",信用点×5000、云际音符×3、思绪末屑×6
花火,属性加成,生命强化,"生命值上限提高4.0%
（标签：角色晋阶3）",信用点×10000、空际小节×3、印象残晶×3
花火,属性加成,效果抵抗强化,"效果抵抗提高4.0%
（标签：角色晋阶3）",信用点×10000、空际小节×3、印象残晶×3
花火,属性加成,生命强化,"生命值上限提高6.0%
（标签：角色晋阶4）",信用点×20000、空际小节×5、印象残晶×4
花火,属性加成,暴击伤害强化,"暴击伤害提高8.0%
（标签：角色晋阶5）",信用点×45000、天外乐章×3、欲念碎镜×3
花火,属性加成,生命强化,"生命值上限提高6.0%
（标签：角色晋阶5）",信用点×45000、天外乐章×3、欲念碎镜×3
花火,属性加成,效果抵抗强化,"效果抵抗提高6.0%
（标签：角色晋阶6）",信用点×160000、天外乐章×8、欲念碎镜×8
花火,属性加成,暴击伤害强化,"暴击伤害提高10.7%
（标签：角色等级75）",信用点×160000、天外乐章×8、欲念碎镜×8
花火,属性加成,生命强化,"生命值上限提高8.0%
（标签：角色等级80）",信用点×160000、天外乐章×8、欲念碎镜×8
藿藿,普攻,令旗•征风召雨,"对指定敌方单体造成等同于藿藿【25%/50%】生命上限的风属性伤害。
（标签：回能 20、战技点 +1、单攻、削韧 10）",信用点×240000、丰饶之种×3、永寿幼芽×6、生命之芽×8、永寿天华×7、永恒之花×11、永寿荣枝×7
藿藿,战技,灵符•保命护身,"解除指定我方单体的1个负面效果，立即为指定我方单体回复等同于藿藿【14.0%/21.0%】生命上限+【140/560】的生命值，同时为其相邻目标回复等同于藿藿【11.2%/16.8%】生命上限+【112/448】的生命值。
（标签：回能 30、战技点 -1、回复）",信用点×652500、永寿幼芽×9、丰饶之种×3、生命之芽×15、永寿天华×13、永恒之花×30、永寿荣枝×7、无穷假身的遗恨×3、命运的足迹×2
藿藿,终结技,尾巴•遣神役鬼,"为除自身以外的队友恢复等同于各自【15.0%/20.0%】能量上限的能量，同时使其攻击力提高【24.0%/40.0%】，持续2回合。
（标签：能量 140、回能 5、辅助）",信用点×652500、永寿幼芽×9、丰饶之种×3、生命之芽×15、永寿天华×13、永恒之花×30、永寿荣枝×7、无穷假身的遗恨×3、命运的足迹×2
藿藿,天赋,凭附•气通天真,"施放战技后藿藿获得【禳命】，持续2回合，藿藿每回合开始时持续回合数减1。当藿藿拥有【禳命】时，我方目标回合开始或施放终结技时回复自身等同于藿藿【3.0%/4.5%】生命上限+【30/120】的生命值，同时对每个当前生命值百分比小于等于50%的我方目标各产生1次回复效果。
触发【禳命】为我方目标提供治疗时，解除该目标1个负面效果，该效果可以触发6次，再次施放战技后将刷新效果可触发次数。
（标签：回复）",信用点×652500、永寿幼芽×9、丰饶之种×3、生命之芽×15、永寿天华×13、永恒之花×30、永寿荣枝×7、无穷假身的遗恨×3、命运的足迹×2
藿藿,秘技,凶煞•劾压鬼物,"藿藿恐吓周围的敌人，使其陷入【魄散】状态。【魄散】状态下的敌人会向远离藿藿的方向逃跑，持续10秒。与陷入【魄散】状态的敌人进入战斗后，有100%的基础概率使敌方每个单体目标攻击力降低25%，持续2回合。
（标签：妨害）",
藿藿,额外能力,不敢自专,"战斗开始时，藿藿获得【禳命】，持续1回合。
（标签：角色晋阶2）",信用点×5000、丰饶之种×3、无穷假身的遗恨×1
藿藿,额外能力,贞凶之命,"抵抗控制类负面状态的概率提高35%。
（标签：角色晋阶4）",信用点×20000、生命之芽×5、命运的足迹×1、无穷假身的遗恨×1
藿藿,额外能力,怯惧应激,"触发天赋为我方目标提供治疗时，藿藿恢复1点能量。
（标签：角色晋阶6）",信用点×160000、永恒之花×8、命运的足迹×1、无穷假身的遗恨×1
藿藿,属性加成,生命强化,"生命值上限提高4.0%
（标签：角色等级1）",信用点×2500、永寿幼芽×2
藿藿,属性加成,效果抵抗强化,"效果抵抗提高4.0%
（标签：角色晋阶2）",信用点×5000、丰饶之种×3、永寿幼芽×6
藿藿,属性加成,生命强化,"生命值上限提高4.0%
（标签：角色晋阶3）",信用点×10000、生命之芽×3、永寿天华×3
藿藿,属性加成,速度强化,"速度提高2
（标签：角色晋阶3）",信用点×10000、生命之芽×3、永寿天华×3
藿藿,属性加成,生命强化,"生命值上限提高6.0%
（标签：角色晋阶4）",信用点×20000、生命之芽×5、永寿天华×4
藿藿,属性加成,效果抵抗强化,"效果抵抗提高6.0%
（标签：角色晋阶5）",信用点×45000、永恒之花×3、永寿荣枝×3
藿藿,属性加成,生命强化,"生命值上限提高6.0%
（标签：角色晋阶5）",信用点×45000、永恒之花×3、永寿荣枝×3
藿藿,属性加成,速度强化,"速度提高3
（标签：角色晋阶6）",信用点×160000、永恒之花×8、永寿荣枝×8
藿藿,属性加成,效果抵抗强化,"效果抵抗提高8.0%
（标签：角色等级75）",信用点×160000、永恒之花×8、永寿荣枝×8
藿藿,属性加成,生命强化,"生命值上限提高8.0%
（标签：角色等级80）",信用点×160000、永恒之花×8、永寿荣枝×8
虎克,普攻,喂！小心火烛,"对指定敌方单体造成等同于虎克【50%/100%】攻击力的火属性伤害。
（标签：回能 20、战技点 +1、单攻、削韧 10）",信用点×192000、破碎残刃×2、古代零件×4、无生残刃×6、古代转轴×5、净世残刃×8、古代引擎×5
虎克,战技,嘿！记得虎克吗/嘿！记得虎克吗,"对指定敌方单体造成等同于虎克【120%/240%】攻击力的火属性伤害，同时有100%的基础概率使其陷入灼烧状态，持续2回合。灼烧状态下，敌方目标每回合开始时受到等同于虎克【25%/65%】攻击力的火属性持续伤害。
（标签：回能 30、战技点 -1、单攻、削韧 20）
对指定敌方单体造成等同于虎克【140%/280%】攻击力的火属性伤害，同时有100%的基础概率使其陷入灼烧状态，持续2回合。此外对其相邻目标造成等同于虎克【40%/80%】攻击力的火属性伤害。灼烧状态下，敌方目标每回合开始时受到等同于虎克【25%/65%】攻击力的火属性持续伤害。
（标签：回能 30、战技点 -1、扩散、削韧 20+10*2）",信用点×522000、古代零件×6、破碎残刃×2、无生残刃×12、古代转轴×10、净世残刃×23、古代引擎×5、守护者的悲愿×3、命运的足迹×1
虎克,终结技,轰！飞来焰火,"对指定敌方单体造成等同于虎克【240%/400%】攻击力的火属性伤害。施放终结技后，下一次施放的战技得到强化，强化后的战技能够同时对指定敌方单体及其相邻目标造成伤害。
（标签：能量 120、回能 5、单攻、削韧 30）",信用点×522000、古代零件×6、破碎残刃×2、无生残刃×12、古代转轴×10、净世残刃×23、古代引擎×5、守护者的悲愿×3、命运的足迹×1
虎克,天赋,哈！火上浇油,"攻击处于灼烧状态的敌方目标时，追加一次等同于虎克【50%/100%】攻击力的火属性附加伤害，并额外恢复5点能量。
（标签：强化）",信用点×522000、古代零件×6、破碎残刃×2、无生残刃×12、古代转轴×10、净世残刃×23、古代引擎×5、守护者的悲愿×3、命运的足迹×1
虎克,秘技,哎！瞧这一团糟,"立即攻击敌人，进入战斗后对敌方随机单体造成等同于虎克50%攻击力的火属性伤害，同时有100%的基础概率使敌方每个单体目标陷入灼烧状态，持续3回合。灼烧状态下，敌方目标每回合开始时受到等同于虎克50%攻击力的火属性持续伤害。
（标签：削韧 20）",
虎克,额外能力,童真,"触发天赋时，回复等同于虎克生命上限5%的生命值。
（标签：角色晋阶2）",信用点×4000、破碎残刃×2、守护者的悲愿×1
虎克,额外能力,无邪,"抵抗控制类负面状态的概率提高35%。
（标签：角色晋阶4）",信用点×16000、无生残刃×4、命运的足迹×1、守护者的悲愿×1
虎克,额外能力,玩火,"施放终结技后，虎克的行动提前20%并额外恢复5点能量。
（标签：角色晋阶6 ）",信用点×128000、净世残刃×6、命运的足迹×1、守护者的悲愿×1
虎克,属性加成,攻击强化,"攻击力提高4.0%
（标签：角色等级1）",信用点×2000、古代零件×2
虎克,属性加成,生命强化,"生命值上限提高4.0%
（标签：角色晋阶2）",信用点×4000、破碎残刃×2、古代零件×4
虎克,属性加成,攻击强化,"攻击力提高4.0%
（标签： 角色晋阶3）",信用点×8000、无生残刃×2、古代转轴×2
虎克,属性加成,暴击伤害强化,"暴击伤害提高5.3%
（标签： 角色晋阶3）",信用点×8000、无生残刃×2、古代转轴×2
虎克,属性加成,攻击强化,"攻击力提高6.0%
（标签：角色晋阶4）",信用点×16000、无生残刃×4、古代转轴×3
虎克,属性加成,生命强化,"生命值上限提高6.0%
（标签：角色晋阶5 ）",信用点×36000、净世残刃×2、古代引擎×2
虎克,属性加成,攻击强化,"攻击力提高6.0%
（标签：角色晋阶5 ）",信用点×36000、净世残刃×2、古代引擎×2
虎克,属性加成,暴击伤害强化,"暴击伤害提高8.0%
（标签：角色晋阶6 ）",信用点×128000、净世残刃×6、古代引擎×6
虎克,属性加成,生命强化,"生命值上限提高8.0%
（标签： 角色等级75 ）",信用点×128000、净世残刃×6、古代引擎×6
虎克,属性加成,攻击强化,"攻击力提高8.0%
（标签：角色等级80 ）",信用点×128000、净世残刃×6、古代引擎×6
貊泽,普攻,飞铙,"对指定敌方单体造成等同于貊泽【50%/100%】攻击力的雷属性伤害。
（标签：回能 20、战技点 +1、单攻、削韧 10）",信用点×192000、陨铁弹丸×2、工造机杼×4、命定死因×6、工造迴轮×5、逆时一击×8、工造浑心×5
貊泽,战技,迅羽掠袭,"使指定敌方单体目标成为【猎物】，并对其造成等同于貊泽【75%/150%】攻击力的雷属性伤害，并获得9点充能。
当场上没有可以战斗的其他角色时，貊泽无法使用战技，并解除敌人的【猎物】状态。
（标签：回能 30、战技点 -1、单攻、削韧 20）",信用点×522000、工造机杼×6、陨铁弹丸×2、命定死因×12、工造迴轮×10、逆时一击×23、工造浑心×5、吉光片羽×3、命运的足迹×1
貊泽,终结技,锋入幽渺，影出凌厉,"对指定敌方单体造成等同于貊泽【162%/270%】攻击力的雷属性伤害，并对该目标发动天赋的追加攻击。若本次追加攻击施放前目标被消灭则对敌方随机单体发动追加攻击。
（标签：能量 120、回能 5、单攻、削韧 30）",信用点×522000、工造机杼×6、陨铁弹丸×2、命定死因×12、工造迴轮×10、逆时一击×23、工造浑心×5、吉光片羽×3、命运的足迹×1
貊泽,天赋,伸天卑飞，折翅为芒,"场上存在【猎物】时，貊泽会进入离场状态。
我方目标攻击【猎物】后，貊泽会额外造成1次等同于自身【15%/30%】攻击力的雷属性附加伤害，并消耗1点充能。每消耗3点充能，貊泽会对【猎物】发动1次追加攻击，造成等同于自身【80%/160%】攻击力的雷属性伤害，当充能为0时，解除目标【猎物】状态，并重置计入发动追加攻击所需的充能点数。天赋的追加攻击不会消耗充能。
（标签：回能 10、单攻、削韧 10）",信用点×522000、工造机杼×6、陨铁弹丸×2、命定死因×12、工造迴轮×10、逆时一击×23、工造浑心×5、吉光片羽×3、命运的足迹×1
貊泽,秘技,胁翼匿迹,"使用秘技后进入持续20秒的隐身状态。隐身状态下不会被敌人发现，貊泽在隐身状态下攻击敌人进入战斗时伤害提高30%，持续2回合。
（标签：强化）",
貊泽,额外能力,墨毫绣衣,"施放天赋的追加攻击后，恢复1个战技点，该效果在1回合后可再次触发。
（标签：角色晋阶2）",信用点×4000、陨铁弹丸×2、吉光片羽×1
貊泽,额外能力,手奋匕尺,"貊泽解除离场状态时，行动提前20%。每个波次开始时，貊泽行动提前30%。
（标签：角色晋阶4）",信用点×16000、命定死因×4、命运的足迹×1、吉光片羽×1
貊泽,额外能力,不折镆干,"施放终结技造成伤害时，被视为发动了追加攻击。【猎物】受到的追加攻击伤害提高25%。
（标签：角色晋阶6）",信用点×128000、逆时一击×6、命运的足迹×1、吉光片羽×1
貊泽,属性加成,暴击伤害强化,"暴击伤害提高5.3%
（标签：角色等级1 ）",信用点×2000、工造机杼×2
貊泽,属性加成,攻击强化,"攻击力提高4.0%
（标签：角色晋阶2）",信用点×4000、陨铁弹丸×2、工造机杼×4
貊泽,属性加成,暴击伤害强化,"暴击伤害提高5.3%
（标签：角色晋阶3）",信用点×8000、命定死因×2、工造迴轮×2
貊泽,属性加成,生命强化,"生命值上限提高4.0%
（标签：角色晋阶3）",信用点×8000、命定死因×2、工造迴轮×2
貊泽,属性加成,暴击伤害强化,"暴击伤害提高8.0%
（标签：角色晋阶4）",信用点×16000、命定死因×4、工造迴轮×3
貊泽,属性加成,攻击强化,"攻击力提高6.0%
（标签：角色晋阶5）",信用点×36000、逆时一击×2、工造浑心×2
貊泽,属性加成,暴击伤害强化,"暴击伤害提高8.0%
（标签：角色晋阶5）",信用点×36000、逆时一击×2、工造浑心×2
貊泽,属性加成,生命强化,"生命值上限提高6.0%
（标签：角色晋阶6）",信用点×128000、逆时一击×6、工造浑心×6
貊泽,属性加成,攻击强化,"攻击力提高8.0%
（标签：角色等级75）",信用点×128000、逆时一击×6、工造浑心×6
貊泽,属性加成,暴击伤害强化,"暴击伤害提高10.7%
（标签：角色等级80）",信用点×128000、逆时一击×6、工造浑心×6
赛飞儿,普攻,呀，漏网之鱼,"对指定敌方单体造成等同于赛飞儿【50%/100%】攻击力的量子属性伤害。
（标签：回能 20、战技点 +1、单攻、削韧 10）",信用点×240000、炽情之灵×3、预兆似有若无×6、星火之精×8、悲鸣由远及近×7、焚天之魔×11、哀叹漫无止息×7
赛飞儿,战技,嘿，空手套白银,"有120%的基础概率使指定敌方单体及其相邻目标陷入虚弱状态，造成的伤害降低10%，使赛飞儿的攻击力提高30%，持续2回合，并对指定敌方单体造成等同于赛飞儿【100%/200%】攻击力的量子属性伤害，对相邻目标造成等同于赛飞儿【50%/100%】攻击力的量子属性伤害。
（标签：回能 30、战技点 -1、扩散、削韧 20+10*2 ）",信用点×652500、预兆似有若无×9、炽情之灵×3、星火之精×15、悲鸣由远及近×13、焚天之魔×30、哀叹漫无止息×7、阳雷的遥想×3、命运的足迹×2
赛飞儿,终结技,猫咪怪盗，敬上！,"对指定敌方单体造成等同于赛飞儿【60%/120%】攻击力的量子属性伤害。之后，对指定敌方单体造成等同于当前天赋记录值25%的真实伤害，并对指定敌方单体及其相邻目标造成等同于赛飞儿【20%/40%】攻击力的量子属性伤害和总计等同于当前天赋记录值75%的真实伤害，该真实伤害由所有技能目标均分。
（标签：能量 130、回能 5、扩散、削韧 30+20*2）",信用点×652500、预兆似有若无×9、炽情之灵×3、星火之精×15、悲鸣由远及近×13、焚天之魔×30、哀叹漫无止息×7、阳雷的遥想×3、命运的足迹×2
赛飞儿,天赋,热情好客的多洛斯人,"场上不存在陷入【老主顾】状态的敌方目标时，赛飞儿立即使当前场上生命上限最高的敌方单体目标成为【老主顾】。施放战技和终结技时，使主目标成为【老主顾】。【老主顾】状态仅对最新被施加的目标生效。
【老主顾】受到我方其他目标攻击后，赛飞儿立即对【老主顾】发动追加攻击，造成等同于赛飞儿【75%/150%】攻击力的量子属性伤害。该效果每回合最多触发1次，赛飞儿回合开始时重置可触发次数。
赛飞儿会记录我方目标对【老主顾】造成的非真实伤害的12%，不记录溢出伤害，施放终结技后清空记录值。
（标签：回能 5、单攻、削韧 20）",信用点×652500、预兆似有若无×9、炽情之灵×3、星火之精×15、悲鸣由远及近×13、焚天之魔×30、哀叹漫无止息×7、阳雷的遥想×3、命运的足迹×2
赛飞儿,秘技,穿靴子的猫,"获得【扎格列斯的祝福】，持续15秒，期间赛飞儿不会被敌人发现，移动速度提高50%，靠近大地图/模拟宇宙/差分宇宙中的敌人时，可以立即获取随机消耗品，每个地球日内最多获取50次。
持有【扎格列斯的祝福】期间进入战斗时，对敌方全体造成等同于赛飞儿100%攻击力的量子属性伤害，赛飞儿因该次伤害获得的记录值提高200%。
（标签：强化）",
赛飞儿,额外能力,神行宝鞋,"赛飞儿的速度大于等于140/170时，暴击率提高25%/50%，获得的记录值提高50%/100%。
（标签：角色晋阶2）",信用点×5000、炽情之灵×3、阳雷的遥想×1
赛飞儿,额外能力,三百侠盗,"赛飞儿会记录我方目标对【老主顾】以外的敌方目标造成的非真实伤害的8%，不记录溢出伤害。
（标签：角色晋阶4）",信用点×20000、星火之精×5、命运的足迹×1、阳雷的遥想×1
赛飞儿,额外能力,偷天换日,"天赋的追加攻击造成的暴击伤害提高100%。赛飞儿在场时，敌方全体目标受到的伤害提高40%。
（标签：角色晋阶6）",信用点×160000、焚天之魔×8、命运的足迹×1、阳雷的遥想×1
赛飞儿,属性加成,速度强化,"速度提高2
（标签：角色等级1）",信用点×2500、预兆似有若无×2
赛飞儿,属性加成,伤害强化•量子,"量子属性伤害提高3.2%
（标签：角色晋阶2）",信用点×5000、炽情之灵×3、预兆似有若无×6
赛飞儿,属性加成,速度强化,"速度提高2
（标签：角色晋阶3）",信用点×10000、星火之精×3、悲鸣由远及近×3
赛飞儿,属性加成,效果命中强化,"效果命中提高4.0%
（标签：角色晋阶3）",信用点×10000、星火之精×3、悲鸣由远及近×3
赛飞儿,属性加成,速度强化,"速度提高3
（标签：角色晋阶4）",信用点×20000、星火之精×5、悲鸣由远及近×4
赛飞儿,属性加成,伤害强化•量子,"量子属性伤害提高4.8%
（标签：角色晋阶5）",信用点×45000、焚天之魔×3、哀叹漫无止息×3
赛飞儿,属性加成,速度强化,"速度提高3
（标签：角色晋阶5）",信用点×45000、焚天之魔×3、哀叹漫无止息×3
赛飞儿,属性加成,效果命中强化,"效果命中提高6.0%
（标签：角色晋阶6）",信用点×160000、焚天之魔×8、哀叹漫无止息×8
赛飞儿,属性加成,伤害强化•量子,"量子属性伤害提高6.4%
（标签：角色等级75）",信用点×160000、焚天之魔×8、哀叹漫无止息×8
赛飞儿,属性加成,速度强化,"速度提高4
（标签：角色等级80）",信用点×160000、焚天之魔×8、哀叹漫无止息×8
远坂凛,普攻,八极拳,"对指定敌方单体造成等同于远坂凛【50%/100%】攻击力的量子属性伤害。
（标签：单攻、回能 20、战技点 +1、削韧 10 ）",信用点×240000、天体模型×3、掠夺的本能×6、星系框架×8、篡改的野心×7、银河沙盘×11、践踏的意志×7
远坂凛,战技,宝石剑•泽尔里奇/第二魔法实验,"对指定敌方单体造成等同于远坂凛【90%/180%】攻击力的量子属性伤害。
（标签：单攻、回能 30、削韧 20、战技点 -1）
对敌方全体造成等同于远坂凛【45%/90%】攻击力的量子属性伤害。之后，消耗3点【宝石能量】对敌方随机单体目标额外造成等同于远坂凛【45%/90%】攻击力的量子属性伤害，重复直至【宝石能量】不足3点或无当前生命值大于0的敌方目标，最多重复33轮。施放时，若当前战技点大于2点，将战技点消耗至2点，每消耗1点立即获得2点【宝石能量】。
（标签：弹射、回能 30、削韧 2*n）",信用点×652500、掠夺的本能×9、天体模型×3、星系框架×15、篡改的野心×13、银河沙盘×30、践踏的意志×7、毁灭者的末路×3、命运的足迹×2
远坂凛,终结技,山脉震撼•明星之薪,"对指定敌方单体造成等同于远坂凛【300%/600%】攻击力的量子属性伤害，同时对其他敌方目标造成等同于远坂凛【100%/200%】攻击力的量子属性伤害。施放时，为我方恢复1个战技点，并使敌方全体受到的伤害提高【10%/20%】，持续3回合。
（标签：群攻、回能 5、单体削韧 30、群体削韧 20、能量 160）",信用点×652500、掠夺的本能×9、天体模型×3、星系框架×15、篡改的野心×13、银河沙盘×30、践踏的意志×7、毁灭者的末路×3、命运的足迹×2
远坂凛,天赋,宝石魔术/自在远坂流,"进入战斗时，获得20点【宝石能量】。我方目标消耗或恢复战技点时，使其暴击伤害提高【35%/70%】，持续2回合，且每消耗或恢复1点战技点就使远坂凛获得1点【宝石能量】。若远坂凛持有的【宝石能量】大于等于15点或当前战技点大于等于7点，战技强化为【第二魔法实验】。
（标签：强化）
Archer施放战技【伪·螺旋剑】攻击后，若战技点小于等于3点或本次【回路连接】状态已主动施放5次【伪·螺旋剑]，且未触发【自在远坂流】的连携追加攻击，远坂凛和Archer对敌方全体发动连携追加攻击，分别造成等同于远坂凛【150%/300%】攻击力以及Archer【150%/300%】攻击力的量子属性伤害，并为我方恢复4个战技点。该连携追加攻击仅可触发1次，远坂凛回合结束时重置可触发次数。
（标签：群攻、回能 10、削韧 20）",信用点×652500、掠夺的本能×9、天体模型×3、星系框架×15、篡改的野心×13、银河沙盘×30、践踏的意志×7、毁灭者的末路×3、命运的足迹×2
远坂凛,秘技,转换充能,"使用秘技后，下一次战斗开始时获得10点【宝石能量】。
（标签：强化）",
远坂凛,额外能力,秉持优雅,"远坂凛在场时，战技点上限额外增加2点。进入战斗时，远坂凛的攻击力提高150%，量子属性抗性穿透提高15%，若Archer在队伍中，Archer也会获得该效果。
（标签：角色晋阶2）",信用点×5000、天体模型×3、毁灭者的末路×1
远坂凛,额外能力,淑女风范,"进入战斗时和施放强化战技后，远坂凛的速度提高20%，持续3回合。
（标签：角色晋阶4）",信用点×20000、星系框架×5、命运的足迹×1、毁灭者的末路×1
远坂凛,额外能力,财源广进,"远坂凛施放终结技时，获得12点【宝石能量】。
（标签：角色晋阶6）",信用点×160000、银河沙盘×8、命运的足迹×1、毁灭者的末路×1
远坂凛,属性加成,暴击伤害强化,"暴击伤害提高5.3%
（标签：角色等级1）",信用点×2500、掠夺的本能×2
远坂凛,属性加成,攻击强化,"攻击力提高4%
（标签：角色晋阶2）",信用点×5000、天体模型×3、掠夺的本能×6
远坂凛,属性加成,伤害强化•量子,"量子属性伤害提高3.2%
（标签：角色晋阶3）",信用点×10000、星系框架×3、篡改的野心×3
远坂凛,属性加成,暴击伤害强化,"暴击伤害提高5.3%
（标签：角色晋阶3）",信用点×10000、星系框架×3、篡改的野心×3
远坂凛,属性加成,暴击伤害强化,"暴击伤害提高8%
（标签：角色晋阶4）",信用点×20000、星系框架×5、篡改的野心×4
远坂凛,属性加成,暴击伤害强化,"暴击伤害提高8%
（标签：角色晋阶5）",信用点×45000、银河沙盘×3、践踏的意志×3
远坂凛,属性加成,攻击强化,"攻击力提高6%
（标签：角色晋阶5）",信用点×45000、银河沙盘×3、践踏的意志×3
远坂凛,属性加成,伤害强化•量子,"量子属性伤害提高4.8%
（标签：角色晋阶6）",信用点×160000、银河沙盘×8、践踏的意志×8
远坂凛,属性加成,攻击强化,"攻击力提高8%
（标签：角色等级75）",信用点×160000、银河沙盘×8、践踏的意志×8
远坂凛,属性加成,暴击伤害强化,"暴击伤害提高10.7%
（标签：角色等级80）",信用点×160000、银河沙盘×8、践踏的意志×8
遐蝶,普攻,哀悼，死海之涟漪,"对指定敌方单体造成等同于遐蝶【25%/50%】生命上限的量子属性伤害。
（标签：单攻、削韧值10）",信用点×201500、思量的种×2、预兆似有若无×4、末那芽苗×6、悲鸣由远及近×5、阿赖耶华×8、哀叹漫无止息×4
遐蝶,战技,缄默，幽蝶之轻抚/骸爪，冥龙之环拥,"消耗我方全体当前30%的生命值，对指定敌方单体造成等同于遐蝶【25%/50%】生命上限的量子属性伤害，并对其相邻目标造成等同于遐蝶【15%/30%】生命上限的量子属性伤害。若当前生命值不足，最多使当前生命值降至1点。若死龙在场，战技替换为【骸爪，冥龙之环拥】。
（标签：扩散、削韧值20）
消耗除死龙以外的我方全体当前40%的生命值，遐蝶与死龙向目标发起连携攻击，对敌方全体造成等同于遐蝶【15%/30%】和【25%/50%】生命上限的量子属性伤害。若当前生命值不足，最多使当前生命值降至1点。
（标签：群攻、削韧值20）",信用点×539000、预兆似有若无×7、思量的种×2、末那芽苗×12、悲鸣由远及近×11、阿赖耶华×26、哀叹漫无止息×6、吉光片羽×3、命运的足迹×2
遐蝶,终结技,亡喉怒哮，苏生之颂铃,"召唤忆灵死龙使其行动提前100%，同时展开境界【遗世冥域】，使敌方全体全属性抗性降低【10%/20%】，若遐蝶持有天赋的造成伤害提高效果，使该效果扩散至死龙。死龙初始拥有165点速度以及等同于【新蕊】上限100%的固定生命上限。死龙3个回合后或生命值为0时消失，同时解除境界【遗世冥域】。
（标签：召唤）",信用点×539000、预兆似有若无×7、思量的种×2、末那芽苗×12、悲鸣由远及近×11、阿赖耶华×26、哀叹漫无止息×6、吉光片羽×3、命运的足迹×2
遐蝶,天赋,掌心淌过的荒芜/月茧之庇,"【新蕊】上限与场上全体角色等级有关，我方全体每损失1点生命值遐蝶获得1点【新蕊】，当【新蕊】达到上限时可激活终结技。我方损失生命值时,遐蝶与死龙造成的伤害提高【10%/20%】，该效果最多叠加3层,持续3回合。死龙在场时无法通过天赋获得【新蕊】，除死龙以外我方全体每损失1点生命值会转化为死龙同等的生命值。
（标签：强化）
获取遐蝶后或当前队伍存在遐蝶时获得效果：战斗中，若我方角色受到致命攻击，则本次行动中所有受到致命攻击的我方角色获得【月茧】状态。【月茧】状态下的角色会暂时延后陷入无法战斗状态,且可以正常行动。若行动后，下一次回合开始前当前生命值提高或获得护盾，则解除【月茧】状态，否则将立即陷入无法战斗状态。该效果单场战斗中最多触发1次。
（标签：辅助）",信用点×539000、预兆似有若无×7、思量的种×2、末那芽苗×12、悲鸣由远及近×11、阿赖耶华×26、哀叹漫无止息×6、吉光片羽×3、命运的足迹×2
遐蝶,秘技,悲鸣，赐死之先声,使用秘技后进入持续20秒的【冥茫】状态。【冥茫】状态下敌人无法主动靠近遐蝶。【冥茫】状态下主动攻击会使所有范围内的敌人进入战斗，同时召唤忆灵死龙使其行动提前100%并展开境界【遗世冥域】，死龙拥有等同于【新蕊】上限50%的当前生命值。进入战斗后，消耗除死龙以外的我方全体40%当前生命值。进入战斗后未召唤死龙则遐蝶获得等同于【新蕊】上限30%点数的【新蕊】。,
遐蝶,额外能力,收容的暗潮,"除死龙以外的我方目标接受治疗后会将100%的治疗数值转化为【新蕊】，死龙在场时则转化为死龙生命值，我方每个目标累计转化值不超过【新蕊】上限的12%。任意单位行动后重置所有单位累计的转化值。
（标签：角色晋阶2）",信用点×5000、思量的种×3、吉光片羽×1
遐蝶,额外能力,倒置的火炬,"遐蝶当前生命值大于等于自身生命上限的50%时，遐蝶速度提高40%。死龙施放【燎尽黯泽的焰息】对场上所有敌方造成致命伤害或敌方无法被继续削减生命值时，死龙速度提高100%，持续1回合。
（标签：角色晋阶4）",信用点×20000、末那芽苗×5、命运的足迹×1、吉光片羽×1
遐蝶,额外能力,西风的驻足,"死龙每次施放【燎尽黯泽的焰息】时，造成的伤害提高30%，该效果最多叠加6层，持续至本回合结束。
（标签：角色晋阶6）",信用点×160000、阿赖耶华×8、命运的足迹×1、吉光片羽×1
遐蝶,忆灵技,擘裂冥茫的爪痕/燎尽黯泽的焰息,"对敌方全体造成等同于遐蝶【20%/40%】生命上限的量子属性伤害。
（标签：群攻、削韧值10）
发动【燎尽黯泽的焰息】会消耗等同于死龙生命上限25%的生命值，对敌方全体造成等同于遐蝶【12%/24%】生命上限的量子属性伤害。一次攻击中可重复发动【燎尽黯泽的焰息】，重复发动时，伤害倍率依次提高至【14%/28%】/【17%/34%】，达到【17%/34%】后不再提高，伤害倍率提高效果在死龙消失前不会降低。死龙当前生命值小于等于自身生命上限 25% 时，发动该技能会主动将生命值降至1点后触发等同于天赋【灼掠幽墟的晦翼】的技能效果。
（标签：群攻、削韧值10）",信用点×201500、思量的种×2、预兆似有若无×4、末那芽苗×6、悲鸣由远及近×5、阿赖耶华×8、哀叹漫无止息×4
遐蝶,忆灵天赋,月茧荫蔽的身躯/震彻寂壤的怒啸/灼掠幽墟的晦翼,"死龙在场时为我方后援，我方受到伤害或消耗生命值时，当前生命值最多降至1点，此后由死龙承担，但死龙会消耗等同于原数值500%的生命值，持续至死龙消失。
（标签：辅助）
死龙被召唤时，我方全体造成的伤害提高10% ，持续3回合。
（标签：辅助）
死龙消失时，造成6次伤害，每次伤害对敌方随机单体造成等同于遐蝶【20%/40%】生命上限的量子属性伤害，同时为我方全体回复等同于遐蝶【3%/6%】生命上限+【400/800】点的生命值。
（标签：弹射、削韧值5）",信用点×201500、思量的种×2、预兆似有若无×4、末那芽苗×6、悲鸣由远及近×5、阿赖耶华×8、哀叹漫无止息×4
遐蝶,属性加成,暴击率强化,"暴击率提高2.7%
（标签：角色等级1）",信用点×2500、预兆似有若无×2
遐蝶,属性加成,伤害强化·量子,"量子属性伤害提高3.2%
（标签：角色晋阶2）",信用点×4000、思量的种×3、预兆似有若无×6
遐蝶,属性加成,暴击率强化,"暴击率提高2.7%
（标签：角色晋阶3）",信用点×9000、末那芽苗×3、悲鸣由远及近×2
遐蝶,属性加成,暴击伤害强化,"暴击伤害提高5.3%
（标签：角色晋阶3）",信用点×9000、末那芽苗×3、悲鸣由远及近×2
遐蝶,属性加成,暴击率强化,"暴击率提高4.0%
（标签：角色晋阶4）",信用点×19000、末那芽苗×4、悲鸣由远及近×4
遐蝶,属性加成,伤害强化·量子,"量子属性伤害提高4.8%
（标签：角色晋阶5）",信用点×45000、阿赖耶华×3、哀叹漫无止息×3
遐蝶,属性加成,暴击率强化,"暴击率提高4.0%
（标签：角色晋阶5）",信用点×45000、阿赖耶华×3、哀叹漫无止息×3
遐蝶,属性加成,暴击伤害强化,"暴击伤害提高8.0%
（标签：角色晋阶6）",信用点×140000、阿赖耶华×7、哀叹漫无止息×6
遐蝶,属性加成,伤害强化·量子,"量子属性伤害提高6.4%
（标签：角色等级75）",信用点×160000、阿赖耶华×8、哀叹漫无止息×8
遐蝶,属性加成,暴击率强化,"暴击率提高5.3%
（标签：角色等级80）",信用点×160000、阿赖耶华×8、哀叹漫无止息×8
那刻夏,普攻,楚痛，酿造实识,"对指定敌方单体造成等同于那刻夏【50%/100%】攻击力的风属性伤害。
（标签：回能 20、战技点 +1、单体 、削韧 10 ）",信用点×240000、凌乱草图×3、预兆似有若无×6、动态线稿×8、悲鸣由远及近×7、精致色稿×11、哀叹漫无止息×7
那刻夏,战技,分形，驱逐虚知,"对指定敌方单体造成等同于那刻夏【35%/70%】攻击力的风属性伤害，并额外造成4次伤害。每次伤害对敌方随机单体造成等同于那刻夏【35%/70%】攻击力的风属性伤害，优先弹射本次战技尚未击中过的敌方目标。
施放时场上每有1个可攻击的敌方目标，本次战技造成的伤害提高20%。
（标签：回能 6 *5、战技点 -1 、 弹射、 削韧 10+5*4）",信用点×652500、预兆似有若无×9、凌乱草图×3、动态线稿×15、悲鸣由远及近×13、精致色稿×30、哀叹漫无止息×7、同愿的遗音×3、命运的足迹×2
那刻夏,终结技,生息破土，世界塑造,"使敌方全体陷入【升华】状态，随后对敌方全体造成等同于那刻夏【80%/160%】攻击力的风属性伤害。
【升华】状态下，目标同时被添加物理、火、冰、雷、风、量子、虚数属性弱点，持续至目标回合开始时。若目标不具有控制抵抗，则【升华】状态下无法行动。
（标签：能量 140 、回能 5 、群体、削韧 20 ）",信用点×652500、预兆似有若无×9、凌乱草图×3、动态线稿×15、悲鸣由远及近×13、精致色稿×30、哀叹漫无止息×7、同愿的遗音×3、命运的足迹×2
那刻夏,天赋,四分明哲，三重至高,"每当那刻夏击中1次敌方目标后，为目标添加1个随机属性弱点，持续3回合，优先添加目标尚未拥有的弱点。
那刻夏在场时，使拥有至少5个不同属性弱点的敌方目标陷入【质性揭露】状态。那刻夏对处于【质性揭露】状态的目标造成的伤害提高【18%/30%】，此外对其施放普攻或战技后，对该目标额外施放1次战技。额外战技不消耗战技点且不会再次触发此效果。若额外战技施放前目标被消灭则对敌方随机单体施放。
（标签：妨害）",信用点×652500、预兆似有若无×9、凌乱草图×3、动态线稿×15、悲鸣由远及近×13、精致色稿×30、哀叹漫无止息×7、同愿的遗音×3、命运的足迹×2
那刻夏,秘技,瞳扉之彩,"使用秘技后使一定区域内的敌人陷入恐惧状态。恐惧状态下的敌人会向远离那刻夏的方向逃跑，持续10秒。我方主动攻击陷入恐惧状态的敌人总会视为利用弱点进入战斗，进入战斗后那刻夏为敌方每个单体目标添加1个攻击者属性的弱点，持续3回合。
（标签：妨害）",
那刻夏,额外能力,流浪的能指,"施放普攻时，额外恢复10点能量。
回合开始时，若场上不存在处于【质性揭露】状态的敌方目标，立即恢复30点能量。
（标签：角色晋阶2）",信用点×5000、凌乱草图×3、同愿的遗音×1
那刻夏,额外能力,必要的留白,"根据我方队伍中「智识」命途角色的数量，在本场战斗中触发其中1个效果：
1名：那刻夏的暴击伤害提高140%。
至少2名：我方全体造成的伤害提高50%。
（标签：角色晋阶4）",信用点×20000、动态线稿×5、命运的足迹×1、同愿的遗音×1
那刻夏,额外能力,质性的嬗变,"敌方目标每拥有1个不同属性的弱点，那刻夏对其造成的伤害无视4%的防御力，最多计入7个。
（标签：角色晋阶6）",信用点×160000、精致色稿×8、命运的足迹×1、同愿的遗音×1
那刻夏,属性加成,伤害强化•风,"风属性伤害提高3.2%
（标签：角色等级1）",信用点×2500、预兆似有若无×2
那刻夏,属性加成,暴击率强化,"暴击率提高2.7%
（标签：角色晋阶2）",信用点×5000、凌乱草图×3、预兆似有若无×6
那刻夏,属性加成,伤害强化•风,"风属性伤害提高3.2%
（标签：角色晋阶3）",信用点×10000、动态线稿×3、悲鸣由远及近×3
那刻夏,属性加成,生命强化,"生命值上限提高4.0%
（标签：角色晋阶3）",信用点×10000、动态线稿×3、悲鸣由远及近×3
那刻夏,属性加成,伤害强化•风,"风属性伤害提高4.8%
（标签：角色晋阶4）",信用点×20000、动态线稿×5、悲鸣由远及近×4
那刻夏,属性加成,暴击率强化,"暴击率提高4.0%
（标签：角色晋阶5）",信用点×45000、精致色稿×3、哀叹漫无止息×3
那刻夏,属性加成,伤害强化•风,"风属性伤害提高4.8%
（标签：角色晋阶5）",信用点×45000、精致色稿×3、哀叹漫无止息×3
那刻夏,属性加成,生命强化,"生命值上限提高6.0%
（标签：角色晋阶6）",信用点×160000、精致色稿×8、哀叹漫无止息×8
那刻夏,属性加成,暴击率强化,"暴击率提高5.3%
（标签：角色等级75）",信用点×160000、精致色稿×8、哀叹漫无止息×8
那刻夏,属性加成,伤害强化•风,"风属性伤害提高6.4%
（标签：角色等级80）",信用点×160000、精致色稿×8、哀叹漫无止息×8
银枝,普攻,芬芳一现,"对指定敌方单体造成等同于银枝【50%/100%】攻击力的物理属性伤害。
（标签：回能 20、战技点 +1、单攻、削韧 10）",信用点×240000、灵感之钥×3、熄灭原核×6、启迪之钥×8、微光原核×7、智识之钥×11、蠢动原核×7
银枝,战技,公正，此处盛放,"对敌方全体造成等同于银枝【60%/120%】攻击力的物理属性伤害。
（标签：回能 30、战技点 -1、群攻、削韧 10）",信用点×652500、熄灭原核×9、灵感之钥×3、启迪之钥×15、微光原核×13、智识之钥×30、蠢动原核×7、无穷假身的遗恨×3、命运的足迹×2
银枝,终结技,驻于花庭，赐与尽美/驻「我」华庭，授予至勋,"消耗90点能量，对敌方全体造成等同于银枝【96%/160%】攻击力的物理属性伤害。
（标签：能量 90、回能 5、群攻、削韧 20）
消耗180点能量，对敌方全体造成等同于银枝【168%/280%】攻击力的物理属性伤害，并额外造成6次伤害，每次伤害对敌方随机单体造成等同于银枝【57%/95%】攻击力的物理属性伤害。
（标签：能量 180、回能 5、群攻、削韧 20+5*6）",信用点×652500、熄灭原核×9、灵感之钥×3、启迪之钥×15、微光原核×13、智识之钥×30、蠢动原核×7、无穷假身的遗恨×3、命运的足迹×2
银枝,天赋,崇高的客体,"施放普攻、战技、终结技时，每击中1个敌方目标，为银枝恢复3点能量并获得1层【升格】，使银枝暴击率提高【1.0%/2.5%】，该效果最多叠加10层。
（标签：强化）",信用点×652500、熄灭原核×9、灵感之钥×3、启迪之钥×15、微光原核×13、智识之钥×30、蠢动原核×7、无穷假身的遗恨×3、命运的足迹×2
银枝,秘技,纯粹高洁宣言,"使用秘技后使一定区域内的敌人陷入10秒的晕眩状态，晕眩状态下敌人不会主动攻击我方目标。
若主动攻击陷入晕眩状态的敌人，进入战斗时，对敌方全体造成等同于银枝80%攻击力的物理属性伤害，并使银枝恢复15点能量。
（标签：妨害）",
银枝,额外能力,虔诚,"回合开始时，立即获得1层【升格】。
（标签：角色晋阶2）",信用点×5000、灵感之钥×3、无穷假身的遗恨×1
银枝,额外能力,慷慨,"在敌方目标进入战斗时，自身立即恢复2点能量。
（标签：角色晋阶4）",信用点×20000、启迪之钥×5、命运的足迹×1、无穷假身的遗恨×1
银枝,额外能力,勇气,"对当前生命值百分比小于等于50%的敌方目标造成的伤害提高15%。
（标签：角色晋阶6）",信用点×160000、智识之钥×8、命运的足迹×1、无穷假身的遗恨×1
银枝,属性加成,攻击强化,（标签：角色等级1）,信用点×2500、熄灭原核×2
银枝,属性加成,生命强化,（标签：角色晋阶2）,信用点×5000、灵感之钥×3、熄灭原核×6
银枝,属性加成,攻击强化,（标签：角色晋阶3）,信用点×10000、启迪之钥×3、微光原核×3
银枝,属性加成,伤害强化•物理,（标签：角色晋阶3）,信用点×10000、启迪之钥×3、微光原核×3
银枝,属性加成,攻击强化,（标签：角色晋阶4）,信用点×20000、启迪之钥×5、微光原核×4
银枝,属性加成,伤害强化•物理,（标签：角色晋阶4）,信用点×45000、智识之钥×3、蠢动原核×3
银枝,属性加成,攻击强化,（标签：角色晋阶4）,信用点×45000、智识之钥×3、蠢动原核×3
银枝,属性加成,生命强化,（标签：角色晋阶6）,信用点×160000、智识之钥×8、蠢动原核×8
银枝,属性加成,伤害强化•物理,（标签：角色等级75）,信用点×160000、智识之钥×8、蠢动原核×8
银枝,属性加成,攻击强化,（标签：角色等级80）,信用点×160000、智识之钥×8、蠢动原核×8
银狼,普攻,|系统警告|,"对指定敌方单体造成等同于银狼【50%/100%】攻击力的量子属性伤害。
（标签：回能 20、战技点+1、削韧 10）",信用点×240000、黯淡黑曜×3、古代零件×6、虚空黑曜×8、古代转轴×7、沉沦黑曜×11、古代引擎×7
银狼,战技,是否允许更改？,"有【75%/85%】的基础概率为指定敌方单体目标添加1个场上我方目标持有属性的弱点，且该弱点对应属性的抗性降低20%，持续2回合。若添加的是敌方目标原有属性的弱点，则不会触发对应属性的抗性降低效果。单个敌方目标仅能被银狼添加1个弱点，当银狼对其再次添加弱点时，仅保留最新添加的弱点。有100%的基础概率额外使该目标的全属性抗性降低【7.5%/10%】，持续2回合。对该目标造成等同于银狼【98%/196%】攻击力的量子属性伤害。
（标签：回能30、战技点-1、削韧20）",信用点×652500、古代零件×9、黯淡黑曜×3、虚空黑曜×15、古代转轴×13、沉沦黑曜×30、古代引擎×7、毁灭者的末路×3、命运的足迹×2
银狼,终结技,|账号已封禁|,"有【85%/100%】的基础概率使指定敌方单体防御力降低【36%/45%】，持续3回合，同时对该目标造成等同于银狼【228%/380%】攻击力的量子属性伤害。
（标签：能量110、回能5、单攻、削韧30）",信用点×652500、古代零件×9、黯淡黑曜×3、虚空黑曜×15、古代转轴×13、沉沦黑曜×30、古代引擎×7、毁灭者的末路×3、命运的足迹×2
银狼,天赋,等待程序响应...,"银狼能够制造：攻击力降低【5%/10%】、防御力降低【4%/8%】、速度降低【3%/6%】3种【缺陷】。银狼每次施放攻击后有【60%/72%】的基础概率给受到攻击的敌方目标植入1个随机【缺陷】，持续3回合。
（标签：妨害）",信用点×652500、古代零件×9、黯淡黑曜×3、虚空黑曜×15、古代转轴×13、沉沦黑曜×30、古代引擎×7、毁灭者的末路×3、命运的足迹×2
银狼,秘技,|强制结束进程|,"立即攻击敌人，进入战斗后对敌方全体造成等同于银狼80%攻击力的量子属性伤害，并无视弱点属性削减敌方全体的韧性，击破弱点时，触发量子属性的弱点击破效果。
（标签：削韧20）",
银狼,额外能力,生成,"【缺陷】的持续时间增加1回合。每当有敌方目标的弱点被击破时,银狼有65%的基础概率对该目标植入1个随机【缺陷】。
（标签：角色晋阶2）",信用点×5000、黯淡黑曜×3、毁灭者的末路×1
银狼,额外能力,注入,"施放战技时，为敌方目标添加的弱点持续时间增加1回合。
（标签：角色晋阶4）",信用点×20000、虚空黑曜×5、命运的足迹×1、毁灭者的末路×1
银狼,额外能力,旁注,"施放战技时，若敌方目标的负面效果数量大于等于3个，则战技使目标全属性抗性降低的效果额外降低3%。
（标签：角色晋阶6）",信用点×160000、沉沦黑曜×8、命运的足迹×1、毁灭者的末路×1
银狼,属性加成,攻击强化,"攻击力提高4.0%
（标签：角色等级1）",信用点×2500、古代零件×2
银狼,属性加成,效果命中强化,"效果命中提高4.0%
（标签：角色晋阶2）",信用点×5000、黯淡黑曜×3、古代零件×6
银狼,属性加成,攻击强化,"攻击力提高4.0%
（标签：角色晋阶3）",信用点×10000、虚空黑曜×3、古代转轴×3
银狼,属性加成,伤害强化•量子,"量子属性伤害提高3.2%
（标签：角色晋阶3）",信用点×10000、虚空黑曜×3、古代转轴×3
银狼,属性加成,攻击强化,"攻击力提高6.0%
（标签：角色晋阶4）",信用点×20000、虚空黑曜×5、古代转轴×4
银狼,属性加成,效果命中强化,"效果命中提高6.0%
（标签：角色晋阶5）",信用点×45000、沉沦黑曜×3、古代引擎×3
银狼,属性加成,攻击强化,"攻击力提高6.0%
（标签：角色晋阶5）",信用点×45000、沉沦黑曜×3、古代引擎×3
银狼,属性加成,伤害强化•量子,"量子属性伤害提高4.8%
（标签：角色晋阶6）",信用点×160000、沉沦黑曜×8、古代引擎×8
银狼,属性加成,效果命中强化,"效果命中提高8.0%
（标签：角色等级75）",信用点×160000、沉沦黑曜×8、古代引擎×8
银狼,属性加成,攻击强化,"攻击力提高8.0%
（标签：角色等级80）",信用点×160000、沉沦黑曜×8、古代引擎×8
银狼LV.999,普攻,拳头硬了！/奖励关：「狼尊时刻」,"对指定敌方单体造成等同于「银狼LV.999」【50%/100%】攻击力的虚数属性伤害。
（标签：单攻、削韧值 10、战技点 +1）
造成总计等同于「银狼LV.999」【120%/240%】攻击力的虚数属性伤害，均分为100段伤害弹射至敌方随机单体。每弹射一定段数，暂停弹射并触发1次【头号补给盲盒】，总计可触发3次。若对场上所有敌方造成了致命伤害则结束本次技能，当存在可攻击的敌方目标后获得1个额外回合并基于剩余弹射段数和【头号补给盲盒】次数再次施放。每回合首次触发该效果时，使自身所有增益效果延长1回合。上述伤害全部结算后发动最后一击，造成等同于「银狼LV.999」【50%/100%】攻击力的虚数属性伤害，由敌方全体均分。强化普攻无法恢复战技点。每拥有60点【隐藏分】，强化普攻期间造成的伤害提高原伤害的15%，最多叠加2层。
（标签：弹射、弹射削韧 0.2*100、群体削韧 30、战技点 +0）",信用点×180000、《绒绒号》手绘分镜稿×2、童真蜡笔×5、《绒绒号》连载纪念刊×5、造梦蘸钢×5、《绒绒号》典藏版合集×8、梦现管锥×4
银狼LV.999,战技,Shoot属性大爆发,"获得5个笑点，对敌方全体造成等同于「银狼LV.999」【80%/160%】攻击力的虚数属性伤害。
（标签：群攻、削韧值 10、战技点 -1）",信用点×520000、童真蜡笔×7、《绒绒号》手绘分镜稿×3、《绒绒号》连载纪念刊×12、造梦蘸钢×11、《绒绒号》典藏版合集×24、梦现管锥×6、灭流绝溢的缄默×3、命运的足迹×2
银狼LV.999,终结技,无敌玩家，启动!,"进入【无敌玩家】状态并且行动提前100%。【无敌玩家】状态下展开结界。「银狼LV.999」持有【好活当赏】时，结界内我方目标每消耗1个战技点，有概率触发1次「银狼LV.999」的【头号补给盲盒】：造成【45%/90%】的虚数属性欢愉伤害，由敌方全体均分，并随机触发1种效果：【超超超大剑】：对生命值最高的敌方目标额外造成等同于本次总伤害值20%的真实伤害；【爆爆爆炸蛋】：恢复2个战技点；【怪怪怪味豆】：获得3个笑点。触发该效果的初始固定概率为100%成功触发后下一次触发的固定概率降低至当前概率的20%。若触发前目标被消灭则对新入场的敌方目标触发。
（标签：强化、能量 60点【隐藏分】）",信用点×520000、童真蜡笔×7、《绒绒号》手绘分镜稿×3、《绒绒号》连载纪念刊×12、造梦蘸钢×11、《绒绒号》典藏版合集×24、梦现管锥×6、灭流绝溢的缄默×3、命运的足迹×2
银狼LV.999,天赋,有我在，把把都是顺风局/999安全卫士,"【隐藏分】达到60点后可激活终结技，达到上限后还可溢出240点。获得笑点时，「银狼LV.999」获得等量【隐藏分】。每点【隐藏分】使暴击率提高【0.20%/0.40%】。暴击率达到100%后，其余每点【隐藏分】改为使暴击伤害提高【0.40%/0.80%】。【无敌玩家】状态下，「银狼LV999」免疫控制类负面状态，无法施放终结技，拥有强化普攻和强化欢愉技，完整施放3次强化普攻后退出【无敌玩家】状态。退出【无敌玩家】状态时【隐藏分】会被清空。持有【好活当赏】时，施放普攻、战技对受到攻击的敌方目标造成【20%/40%】的虚数属性欢愉伤害，强化普攻的技能伤害改为相同倍率的欢愉伤害。
（标签：强化）
获取「银狼LV.999」后或当前队伍存在「银狼LV.999」时获得效果：战斗中，若敌方目标对我方施加了控制类负面状态，则使我方全体获得【防火墙】，持续1回合。【防火墙】状态下，我方目标免疫敌方目标施加的控制类负面状态。该效果每个波次最多触发1次。
（标签：辅助）",信用点×520000、童真蜡笔×7、《绒绒号》手绘分镜稿×3、《绒绒号》连载纪念刊×12、造梦蘸钢×11、《绒绒号》典藏版合集×24、梦现管锥×6、灭流绝溢的缄默×3、命运的足迹×2
银狼LV.999,秘技,朋友，这才是T0级秘技,"召唤【怪怪怪味豆】，再次使用则解除召唤。使用秘技不消耗秘技点，秘技点为0时解除召唤且无法使用秘技。【怪怪怪味豆】会使一定范围内的普通敌人陷入恐惧状态，同时自动搜寻并攻击普通敌人，消耗1个秘技点立即将其消灭，不会进入战斗。【怪怪怪味豆】在场时，进入战斗后每个波次开始时触发1次【怪怪怪味豆】对应的【头号补给盲盒】，本次造成的欢愉伤害固定计入99点【好活当赏】。
（标签：召唤）",
银狼LV.999,额外能力,假结局速通攻略,"速度大于等于160时，使自身欢愉度提高50%，之后每超过1点速度使自身欢愉度提高2%，最多计入100点超出的速度。
（标签：角色晋阶2）",信用点×5000、《绒绒号》手绘分镜稿×2、灭流绝溢的缄默×1
银狼LV.999,额外能力,真结局解锁条件,"若施放欢愉技计入的笑点大于等于20个，额外获得20点【隐藏分】（若大于等于40个，再额外获得20点）。
（标签：角色晋阶4）",信用点×20000、《绒绒号》连载纪念刊×4、命运的足迹×1、灭流绝溢的缄默×1
银狼LV.999,额外能力,隐藏关卡全成就,"进入【无敌玩家】状态后，获得20点【隐藏分】。
（标签：角色晋阶6）",信用点×140000、《绒绒号》典藏版合集×8、命运的足迹×1、灭流绝溢的缄默×1
银狼LV.999,欢愉技,殿堂级操作回放/崩坏级伤害演示,"获得15点【隐藏分】。
（标签：强化、参演编号 999）
造成6次伤害，每次对敌方随机单体造成【45%/90%】的虚数属性欢愉伤害。将触发【头号补给盲盒】的固定概率重置为初始值。
（标签：弹射、削韧值 10、参演编号 999）",信用点×520000、童真蜡笔×7、《绒绒号》手绘分镜稿×3、《绒绒号》连载纪念刊×12、造梦蘸钢×11、《绒绒号》典藏版合集×24、梦现管锥×14
银狼LV.999,属性加成,暴击率强化,"暴击率提高2.7%
（标签：角色等级1）",信用点×2000、童真蜡笔×2
银狼LV.999,属性加成,速度强化,"速度提高2
（标签：角色晋阶2）",信用点×5000、《绒绒号》手绘分镜稿×2、童真蜡笔×6
银狼LV.999,属性加成,暴击率强化,"暴击率提高2.7%.
（标签：角色晋阶3）",信用点×10000、《绒绒号》连载纪念刊×4、造梦蘸钢×2
银狼LV.999,属性加成,欢愉度强化,"欢愉度提高4.0%
（标签：角色晋阶3）",信用点×10000、《绒绒号》连载纪念刊×4、造梦蘸钢×2
银狼LV.999,属性加成,暴击率强化,"暴击率提高4.0%
（标签：角色晋阶4）",信用点×18000、《绒绒号》连载纪念刊×4、造梦蘸钢×3
银狼LV.999,属性加成,速度强化,"速度提高3
（标签：角色晋阶5）",信用点×45000、《绒绒号》典藏版合集×3、梦现管锥×2
银狼LV.999,属性加成,暴击率强化,"暴击率提高4.0%
（标签：角色晋阶5）",信用点×45000、《绒绒号》典藏版合集×3、梦现管锥×2
银狼LV.999,属性加成,欢愉度强化,"欢愉度提高6.0%
（标签：角色晋阶6）",信用点×120000、《绒绒号》典藏版合集×5、梦现管锥×2
银狼LV.999,属性加成,速度强化,"速度提高4
（标签：角色等级75）",信用点×160000、《绒绒号》典藏版合集×8、梦现管锥×8
银狼LV.999,属性加成,暴击率强化,"暴击率提高5.3%.
（标签：角色等级80）",信用点×160000、《绒绒号》典藏版合集×8、梦现管锥×8
镜流,普攻,流影方晖,"对指定敌方单体造成等同于镜流【50%/100%】攻击力的冰属性伤害。
（标签：回能 20、战技点 +1、单攻、削韧 10）",信用点×240000、破碎残刃×3、永寿幼芽×6、无生残刃×8、永寿天华×7、净世残刃×11、永寿荣枝×7
镜流,战技,无罅飞光/寒川映月,"对指定敌方单体造成等同于镜流【100%/200%】攻击力的冰属性伤害，并获得1层【朔望】。
（标签：回能 20、战技点 -1、单攻、削韧 20）
对指定敌方单体造成等同于镜流【125%/250%】攻击力的冰属性伤害，并对其相邻目标造成等同于镜流【62%/125%】攻击力的冰属性伤害。消耗1层【朔望】。施放本技能不消耗战技点。
（标签：回能 30、战技点 -0、扩散、削韧 20+10*2）",信用点×652500、永寿幼芽×9、破碎残刃×3、无生残刃×15、永寿天华×13、净世残刃×30、永寿荣枝×7、无穷假身的遗恨×3、命运的足迹×2
镜流,终结技,昙华生灭，天河泻梦,"对指定敌方单体造成等同于镜流【180%/300%】攻击力的冰属性伤害，并对其相邻目标造成等同于镜流【90%/150%】攻击力的冰属性伤害。攻击结束后获得1层【朔望】。
（标签：能量 140、回能 5、扩散、削韧 20+10+2）",信用点×652500、永寿幼芽×9、破碎残刃×3、无生残刃×15、永寿天华×13、净世残刃×30、永寿荣枝×7、无穷假身的遗恨×3、命运的足迹×2
镜流,天赋,澹月转魄,"当拥有2层【朔望】时，镜流将进入【转魄】状态，并使行动提前100%、暴击率提高【40%/50%】，随后战技【无罅飞光】强化为【寒川映月】且仅能使用该战技。【转魄】状态下施放攻击时，消耗队友4%生命上限的生命值(最多消耗到每位队友生命值等于1)。根据本次我方全体生命值消耗总量的540%提高镜流攻击力，最高不超过镜流基础攻击力的【90%/180%】，持续至本次攻击结束。【转魄】状态结束前无法再次进入【转魄】状态。【朔望】最多可累计3层，当【朔望】层数为0时，退出【转魄】状态。
（标签：强化）",信用点×652500、永寿幼芽×9、破碎残刃×3、无生残刃×15、永寿天华×13、净世残刃×30、永寿荣枝×7、无穷假身的遗恨×3、命运的足迹×2
镜流,秘技,古镜照神,"使用秘技后，在自身周围制造1片持续20秒的特殊领域，处于特殊领域内的敌人陷入冻结状态。与处于特殊领域内的敌人进入战斗后，立即为自身恢复15点能量、获得1层【朔望】并有100%的基础概率使敌方目标陷入冻结状态，持续1回合。冻结状态下，敌方目标无法行动,且每回合开始时受到等同于镜流80%攻击力的冰属性附加伤害。我方制造的领域效果最多存在1个。
（标签：回能 15、妨害）",
镜流,额外能力,死境,"【转魄】状态下，效果抵抗提高35%。
（标签：角色晋阶2）",信用点×5000、破碎残刃×3、无穷假身的遗恨×1
镜流,额外能力,剑首,"施放【无罅飞光】后，下次行动提前10%。
（标签：角色晋阶4）",信用点×20000、无生残刃×5、命运的足迹×1、无穷假身的遗恨×1
镜流,额外能力,霜魄,"【转魄】状态下，终结技造成的伤害提高20%。
（标签：角色晋阶6）",信用点×160000、净世残刃×8、命运的足迹×1、无穷假身的遗恨×1
镜流,属性加成,暴击伤害强化,（标签：角色等级1）,信用点×2500、永寿幼芽×2
镜流,属性加成,速度强化,"速度提高2
（标签：角色晋阶2）",信用点×5000、破碎残刃×3、永寿幼芽×6
镜流,属性加成,暴击伤害强化,"暴击伤害提高5.3%
（标签：角色晋阶3）",信用点×10000、无生残刃×3、永寿天华×3
镜流,属性加成,生命强化,"生命值上限提高4.0%
（标签：角色晋阶3）",信用点×10000、无生残刃×3、永寿天华×3
镜流,属性加成,暴击伤害强化,"暴击伤害提高8.0%
（标签：角色晋阶4）",信用点×20000、无生残刃×5、永寿天华×4
镜流,属性加成,速度强化,"速度提高3
（标签：角色晋阶5）",信用点×45000、净世残刃×3、永寿荣枝×3
镜流,属性加成,暴击伤害强化,"暴击伤害提高8.0%
（标签：角色晋阶5）",信用点×45000、净世残刃×3、永寿荣枝×3
镜流,属性加成,生命强化,"生命值上限提高6.0%
（标签：角色晋阶6）",信用点×160000、净世残刃×8、永寿荣枝×8
镜流,属性加成,速度强化,"速度提高4
（标签：角色等级75）",信用点×160000、净世残刃×8、永寿荣枝×8
镜流,属性加成,暴击伤害强化,"暴击伤害提高10.7%
（标签：角色等级80）",信用点×160000、净世残刃×8、永寿荣枝×8
长夜月,普攻,从此岁月朦胧,"对指定敌方单体造成等同于长夜月【25%/50%】生命上限的冰属性伤害。
（标签：削韧值10、单攻、技能点+1）",信用点×201500、思量的种×2、预兆似有若无×4、末那芽苗×6、悲鸣由远及近×5、阿赖耶华×8、哀叹漫无止息×4
长夜月,战技,白昼悄然离去,"消耗长夜月当前10%的生命值召唤忆灵「长夜」，并使我方全体忆灵的暴击伤害提高，提高数值等同于长夜月暴击伤害的【12%/24%】，持续2回合，长夜月每回合开始时持续回合数减1。若忆灵「长夜」已在场，为其回复等同于其生命上限50%的生命值。施放时，获得2点【忆质】，若处于【至暗之谜】状态，额外获得12点【忆质】。
（标签：召唤）",信用点×539000、预兆似有若无×7、思量的种×2、末那芽苗×12、悲鸣由远及近×11、阿赖耶华×26、哀叹漫无止息×6、阳雷的遥想×3、命运的足迹×2
长夜月,终结技,晚安，全世界无眠,"召唤忆灵「长夜」，随后使忆灵「长夜」对敌方全体造成等同于「长夜」【100%/200%】生命上限的冰属性伤害，并使长夜月进入【至暗之谜】状态，期间敌方全体受到的伤害提高【15%/30%】，长夜月和忆灵「长夜」造成的伤害提高【30%/60%】，且免疫控制类负面状态。获得2点【至暗之谜】的充能，忆灵「长夜」施放【迷梦，流失，如露】后消耗1点。长夜月回合开始时，若无剩余充能，退出【至暗之谜】状态。
（标签：群攻、能量 240、削韧值 30）",信用点×539000、预兆似有若无×7、思量的种×2、末那芽苗×12、悲鸣由远及近×11、阿赖耶华×26、哀叹漫无止息×6、阳雷的遥想×3、命运的足迹×2
长夜月,天赋,今夜与我同行,"进入战斗时召唤忆灵「长夜」。忆灵「长夜」初始拥有160点速度，生命上限为长夜月的50%。长夜月或忆灵「长夜」每次生命降低时，使自身和忆灵「长夜」的暴击伤害提高【30%/60%】持续2回合，并获得2点【忆质】。该效果每个目标每次受到攻击最多触发1次。
长夜月持有的【忆质】大于等于16点时，解除并免疫控制类负面状态，若忆灵「长夜」在场，使其立即行动。立即行动效果在忆灵「长夜」施放【迷梦，流失，如露】后方可再次触发。
（标签：强化）",信用点×539000、预兆似有若无×7、思量的种×2、末那芽苗×12、悲鸣由远及近×11、阿赖耶华×26、哀叹漫无止息×6、阳雷的遥想×3、命运的足迹×2
长夜月,秘技,愿有冷雨落下,"使用秘技后，下一次战斗开始时，获得与战技相同的提高我方全体忆灵暴击伤害的效果，并获得1点【忆质】。
（标签：辅助）",
长夜月,额外能力,天黑黑，月寂寂,长夜月和忆灵「长夜」的暴击率提高35%，施放技能时，消耗自身当前生命值的5%使双方的暴击伤害提高15%，持续2回合。忆灵「长夜」施放【迷梦，流失，如露】后，为我方恢复1个战技点。,信用点×5000、思量的种×3、阳雷的遥想×1
长夜月,额外能力,烛火起，烛火熄,战斗开始时，长夜月恢复70点能量并获得1点【忆质】。长夜月或我方忆灵施放技能时，长夜月恢复5点能量并获得1点【忆质】。,信用点×20000、末那芽苗×5、命运的足迹×1、阳雷的遥想×1
长夜月,额外能力,天亮了，雨落了,当前我方队伍中「记忆」命途角色数量等于1/2/3/4或以上时，长夜月的战技持续期间额外使我方全体忆灵暴击伤害提高5%/15%/50%/65%。,信用点×160000、阿赖耶华×8、命运的足迹×1、阳雷的遥想×1
长夜月,忆灵技,追忆，蹁跹，如雨/迷梦，流失，如露,"技能自动选择目标施放，优先攻击长夜月上次攻击的敌方目标。对敌方单体造成等同于「长夜」【25%/50%】生命上限的冰属性伤害，长夜月当前每有4点【忆质】，则额外造成等同于「长夜」【5%/10.0%】生命上限的冰属性伤害。施放后，使长夜月获得1点【忆质】。
（标签：单攻、削韧值10）
长夜月的【忆质】大于等于16点，且长夜月不处于控制状态时施放，当前每持有1点【忆质】对主目标造成等同于「长夜」【6.0%/12.0%】生命上限的冰属性伤害，对其他敌方目标造成等同于「长夜」【3.0%/6.0%】生命上限的冰属性伤害施放后，消耗全部【忆质】和生命值，并使「长夜」消失。
（标签：群攻、削韧值30）",信用点×201500、思量的种×2、预兆似有若无×4、末那芽苗×6、悲鸣由远及近×5、阿赖耶华×8、哀叹漫无止息×4
长夜月,忆灵天赋,孤独，浮游，漆黑/与夜，形影，不离/与你，再见，无期,"「长夜」免疫控制类负面状态，被攻击的概率提高。「长夜」在场时，长夜月和「长夜」造成的伤害提高【25%/50%】。
（标签：辅助）
被召唤时，使自身立即行动。
（标签：强化）
消失时，使长夜月的速度提高10%若因施放【迷梦，流失，如露】消失，本次攻击每消耗了1点【忆质】额外使长夜月的速度提高1%，最多计算40点【忆质】。加速效果无法叠加长夜月下个回合开始时移除。
（标签：强化）",信用点×201500、思量的种×2、预兆似有若无×4、末那芽苗×6、悲鸣由远及近×5、阿赖耶华×8、哀叹漫无止息×4
长夜月,属性加成,暴击率强化,暴击率提高2.7%,信用点×2500、预兆似有若无×2
长夜月,属性加成,生命强化,生命值上限提高4.0%,信用点×4000、思量的种×3、预兆似有若无×6
长夜月,属性加成,暴击率强化,暴击率提高2.7%,信用点×9000、末那芽苗×3、悲鸣由远及近×2
长夜月,属性加成,暴击伤害强化,暴击伤害提高5.3%,信用点×9000、末那芽苗×3、悲鸣由远及近×2
长夜月,属性加成,暴击率强化,暴击率提高4.0%,信用点×19000、末那芽苗×4、悲鸣由远及近×4
长夜月,属性加成,生命强化,生命值上限提高6.0%,信用点×45000、阿赖耶华×3、哀叹漫无止息×3
长夜月,属性加成,暴击率强化,暴击率提高4.0%,信用点×45000、阿赖耶华×3、哀叹漫无止息×3
长夜月,属性加成,暴击伤害强化,暴击伤害提高8.0%,信用点×140000、阿赖耶华×7、哀叹漫无止息×6
长夜月,属性加成,生命强化,生命值上限提高8.0%,信用点×160000、阿赖耶华×8、哀叹漫无止息×8
长夜月,属性加成,暴击率强化,暴击率提高5.3%,信用点×160000、阿赖耶华×8、哀叹漫无止息×8
阮•梅,普攻,一针幽兰,"对指定敌方单体造成等同于阮•梅【50%/100%】攻击力的冰属性伤害。
（标签：回能 20、战技点 +1、单攻、削韧 10）",信用点×240000、谐乐小调×3、永寿幼芽×6、家族颂歌×8、永寿天华×7、群星乐章×11、永寿荣枝×7
阮•梅,战技,慢捻抹复挑,"施放战技后阮•梅获得【弦外音】，持续3回合，阮•梅每回合开始时持续回合数减1。当阮•梅拥有【弦外音】时，我方全体伤害提高【16.0%/32.0%】，弱点击破效率提高50%。
（标签：回能 30、战技点 -1、辅助）",信用点×652500、永寿幼芽×9、谐乐小调×3、家族颂歌×15、永寿天华×13、群星乐章×30、永寿荣枝×7、蛀星孕灾的旧恶×3、命运的足迹×2
阮•梅,终结技,摇花缎水，沾衣不摘,"阮•梅展开结界，持续2回合，自身每回合开始时结界持续回合数减1。
处于结界中时我方全体全属性抗性穿透提高【15.0%/25.0%】，且攻击后会对敌方目标施加【残梅绽】。
【残梅绽】会在敌方目标尝试从弱点击破状态恢复时触发，延长目标的弱点击破状态并使其行动延后，延后数值等同于阮•梅20%的击破特攻+10%，并对其造成等同于阮•梅【30%/50%】冰属性击破伤害的击破伤害。
敌方目标从弱点击破状态恢复前不可被再次附加【残梅绽】。
（标签：能量 130、回能 5、辅助）",信用点×652500、永寿幼芽×9、谐乐小调×3、家族颂歌×15、永寿天华×13、群星乐章×30、永寿荣枝×7、蛀星孕灾的旧恶×3、命运的足迹×2
阮•梅,天赋,分型的螺旋,"使除自身以外的队友速度提高【8.0%/10.0%】我方全体击破敌方目标弱点时，阮•梅对其造成等同于自身【60.0%/120.0%】冰属性击破伤害的击破伤害。
（标签：辅助）",信用点×652500、永寿幼芽×9、谐乐小调×3、家族颂歌×15、永寿天华×13、群星乐章×30、永寿荣枝×7、蛀星孕灾的旧恶×3、命运的足迹×2
阮•梅,秘技,拭琴抚罗袂,"使用秘技后，获得【拭琴抚罗袂】，使下一次战斗开始时自动触发1次战技，此次触发不消耗战技点。
在模拟宇宙、差分宇宙中，当阮•梅拥有【拭琴抚罗袂】时，我方主动攻击敌人时总会视为利用弱点进入战斗，且本次攻击可以无视弱点属性削减敌方全体的韧性。击破弱点时，触发攻击者自身属性的弱点击破效果。每拥有1个祝福，本次攻击造成的削韧值额外提高100%，且击破敌方目标弱点后对其额外造成等同于阮•梅100%冰属性击破伤害的击破伤害，最多计入20个祝福。
（标签：强化）",
阮•梅,额外能力,物体呼吸中,"我方全体击破特攻提高20%。
（标签：角色晋阶2）",信用点×5000、谐乐小调×3、蛀星孕灾的旧恶×1
阮•梅,额外能力,日消遐思长,"阮•梅的回合开始时，自身恢复5点能量。
（标签：角色晋阶4）",信用点×20000、家族颂歌×5、命运的足迹×1、蛀星孕灾的旧恶×1
阮•梅,额外能力,落烛照水燃,"战斗中阮•梅的击破特攻大于120%时，每超过10%，则战技使我方全体伤害提高的效果额外提高6%，最高不超过36%。
（标签：角色晋阶6）",信用点×160000、群星乐章×8、命运的足迹×1、蛀星孕灾的旧恶×1
阮•梅,属性加成,击破强化,"击破特攻提高5.3%
（标签：角色等级1）",信用点×2500、永寿幼芽×2
阮•梅,属性加成,防御强化,"防御力提高5.0%
（标签：角色晋阶2）",信用点×5000、谐乐小调×3、永寿幼芽×6
阮•梅,属性加成,击破强化,"击破特攻提高5.3%
（标签：角色晋阶3）",信用点×10000、家族颂歌×3、永寿天华×3
阮•梅,属性加成,速度强化,"速度提高2
（标签：角色晋阶3）",信用点×10000、家族颂歌×3、永寿天华×3
阮•梅,属性加成,击破强化,"击破特攻提高8.0%
（标签：角色晋阶4）",信用点×20000、家族颂歌×5、永寿天华×4
阮•梅,属性加成,防御强化,"防御力提高7.5%
（标签：角色晋阶5）",信用点×45000、群星乐章×3、永寿荣枝×3
阮•梅,属性加成,击破强化,"击破特攻提高8.0%
（标签：角色晋阶5）",信用点×45000、群星乐章×3、永寿荣枝×3
阮•梅,属性加成,速度强化,"速度提高3
（标签：角色晋阶6）",信用点×160000、群星乐章×8、永寿荣枝×8
阮•梅,属性加成,防御强化,"防御力提高10.0%
（标签：角色等级75）",信用点×160000、群星乐章×8、永寿荣枝×8
阮•梅,属性加成,击破强化,"击破特攻提高10.7%
（标签：角色等级80）",信用点×160000、群星乐章×8、永寿荣枝×8
阿兰,普攻,如雷疾行,"对指定敌方单体造成等同于阿兰【50%/100%】攻击力的雷属性伤害。
（标签：回能 20、战技点 +1、单攻、削韧 10）",信用点×192000、破碎残刃×2、熄灭原核×4、无生残刃×6、微光原核×5、净世残刃×8、蠢动原核×5
阿兰,战技,禁锢解除,"消耗等同于阿兰生命上限15%的生命值对指定敌方单体造成等同于阿兰【120%/240%】攻击力的雷属性伤害。若当前生命值不足，施放战技时阿兰的当前生命值降至1点。
（标签：回能 30、单攻、削韧 20）",信用点×522000、熄灭原核×6、破碎残刃×2、无生残刃×12、微光原核×10、净世残刃×23、蠢动原核×5、毁灭者的末路×3、命运的足迹×1
阿兰,终结技,狂者制裁,"对指定敌方单体造成等同于阿兰【192%/320%】攻击力的雷属性伤害，同时对其相邻目标造成等同于阿兰【96%/160%】攻击力的雷属性伤害。
（标签：能量 110、回能 5、扩散、削韧 20+10*2）",信用点×522000、熄灭原核×6、破碎残刃×2、无生残刃×12、微光原核×10、净世残刃×23、蠢动原核×5、毁灭者的末路×3、命运的足迹×1
阿兰,天赋,至痛至怒,"根据阿兰当前损失的生命值百分比获得伤害加成，最多使阿兰造成的伤害提高【36%/72%】。
（标签：强化）",信用点×522000、熄灭原核×6、破碎残刃×2、无生残刃×12、微光原核×10、净世残刃×23、蠢动原核×5、毁灭者的末路×3、命运的足迹×1
阿兰,秘技,极速收割,"立即攻击敌人，进入战斗后对敌方全体造成等同于阿兰80%攻击力的雷属性伤害。
（标签：削韧 20）",
阿兰,额外能力,苏生,"消灭敌方目标时，若当前生命值百分比小于等于30%，则立即回复等同于自身生命上限20%的生命值。
（标签：角色晋阶2）",信用点×4000、破碎残刃×2、毁灭者的末路×1
阿兰,额外能力,坚忍,"抵抗持续伤害类负面状态的概率提高50%。
（标签：角色晋阶4）",信用点×16000、无生残刃×4、命运的足迹×1、毁灭者的末路×1
阿兰,额外能力,抗御,"进入战斗时，若当前生命值百分比小于等于50%，阿兰可以抵抗除持续伤害外的所有伤害。当阿兰受到攻击后，该效果解除。
（标签：角色晋阶6）",信用点×128000、净世残刃×6、命运的足迹×1、毁灭者的末路×1
阿兰,属性加成,攻击强化,"攻击力提高4.0%
（标签：角色等级1）",信用点×2000、熄灭原核×2
阿兰,属性加成,效果抵抗强化,"效果抵抗提高4.0%
（标签：角色晋阶2）",信用点×4000、破碎残刃×2、熄灭原核×4
阿兰,属性加成,攻击强化,"攻击力提高4.0%
（标签：角色晋阶3）",信用点×8000、无生残刃×2、微光原核×2
阿兰,属性加成,生命强化,"生命值上限提高4.0%
（标签：角色晋阶3）",信用点×8000、无生残刃×2、微光原核×2
阿兰,属性加成,攻击强化,"攻击力提高6.0%
（标签：角色晋阶4）",信用点×16000、无生残刃×4、微光原核×3
阿兰,属性加成,效果抵抗强化,"效果抵抗提高6.0%
（标签：角色晋阶5）",信用点×36000、净世残刃×2、蠢动原核×2
阿兰,属性加成,攻击强化,"攻击力提高6.0%
（标签：角色晋阶5）",信用点×36000、净世残刃×2、蠢动原核×2
阿兰,属性加成,生命强化,"生命值上限提高6.0%
（标签：角色晋阶6）",信用点×128000、净世残刃×6、蠢动原核×6
阿兰,属性加成,效果抵抗强化,"效果抵抗提高8.0%
（标签：角色等级75）",信用点×128000、净世残刃×6、蠢动原核×6
阿兰,属性加成,攻击强化,"攻击力提高8.0%
（标签：角色等级80）",信用点×128000、净世残刃×6、蠢动原核×6
阿格莱雅,普攻,刺纹之蜜/孤锋千吻,"对指定敌方单体造成等同于阿格莱雅【50%/100%】攻击力的雷属性伤害。
（标签：回能 20、战技点+1、单体、削韧 10）
阿格莱雅与衣匠向目标发起连携攻击，对目标分别造成等同于阿格莱雅【100%/200%】攻击力以及衣匠【100%/200%】攻击力的雷属性伤害，并对相邻目标分别造成等同于阿格莱雅【45%/90%】攻击力以及衣匠【45%/90%】攻击力的雷属性伤害。【孤锋千吻】无法恢复战技点。
（标签：回能 20、扩散、削韧 20）",信用点×201500、思量的种×2、恐惧踏碎血肉×4、末那芽苗×6、勇气撕裂胸膛×5、阿赖耶华×8、荣耀洗礼身躯×4
阿格莱雅,战技,高举吧，升华的名讳,"为衣匠回复等同于其【25%/50%】生命上限的生命值。若衣匠不在场，则召唤忆灵衣匠，并使自身立即行动。
（标签：战技点-1、回能 20、单体、召唤）",信用点×539000、恐惧踏碎血肉×7、思量的种×2、末那芽苗×12、勇气撕裂胸膛×11、阿赖耶华×26、荣耀洗礼身躯×6、吉光片羽×3、命运的足迹×2
阿格莱雅,终结技,共舞吧，命定的衣匠,"召唤忆灵衣匠，若衣匠已在场，则使其生命值回复至上限。阿格莱雅进入【至高之姿】状态并使自身立即行动。
【至高之姿】状态下，阿格莱雅获得衣匠忆灵天赋的速度提高层数，每层使自身速度提高【10%/15.0%】，普通攻击强化为【孤锋千吻】并且无法施放战技，衣匠免疫控制类负面状态。
行动序列上出现倒计时，倒计时固定拥有100速度，倒计时存在期间再次施放终结技将重置倒计时，回合开始时使衣匠自毁。衣匠消失时阿格莱雅解除【至高之姿】状态。
（标签：能量 350、回能5、强化）",信用点×539000、恐惧踏碎血肉×7、思量的种×2、末那芽苗×12、勇气撕裂胸膛×11、阿赖耶华×26、荣耀洗礼身躯×6、吉光片羽×3、命运的足迹×2
阿格莱雅,天赋,金玫之指,忆灵衣匠初始拥有等同于阿格莱雅35%速度的速度以及等同于阿格莱雅【44%/66%】生命上限+【180/720】的生命上限。衣匠在场时，阿格莱雅施放攻击时使目标陷入【间隙织线】状态，攻击处于【间隙织线】状态下的敌人后，额外造成等同于阿格莱雅攻击力【12%/30%】的附加伤害。【间隙织线】仅对最新被施加的目标生效。,信用点×539000、恐惧踏碎血肉×7、思量的种×2、末那芽苗×12、勇气撕裂胸膛×11、阿赖耶华×26、荣耀洗礼身躯×6、吉光片羽×3、命运的足迹×2
阿格莱雅,秘技,披星百裂,"召唤忆灵衣匠并一同向前发起攻击，进入战斗后，恢复30点能量，并对敌方全体目标造成等同于阿格莱雅100%攻击力的雷属性伤害，随后使敌方随机目标陷入【间隙织线】状态。
（标签：回能 30、单体、削韧 20）",
阿格莱雅,额外能力,短视之惩,"处于【至高之姿】状态时，阿格莱雅与衣匠的攻击力提高，提高数值等同于阿格莱雅速度的720%+衣匠速度的360%。
（标签：角色晋阶2）",信用点×5000、思量的种×3、吉光片羽×1
阿格莱雅,额外能力,织运之竭,"衣匠消失时，忆灵天赋的速度提高层数最多保留1层，衣匠再次被召唤时获得对应层数的速度提高效果。
（标签：角色晋阶4）",信用点×20000、末那芽苗×5、命运的足迹×1、吉光片羽×1
阿格莱雅,额外能力,飞驰之阳,"战斗开始时，若自身能量不足50%，恢复自身能量至50%。
（标签：角色晋阶6）",信用点×160000、阿赖耶华×8、命运的足迹×1、吉光片羽×1
阿格莱雅,忆灵技,刺纹之陷,"对敌方单体造成【55%/110%】攻击力的雷属性伤害，对其相邻目标造成【33%/66%】攻击力的雷属性伤害。
（标签：回能 10、扩散、削韧10+5*2）",信用点×201500、思量的种×2、恐惧踏碎血肉×4、末那芽苗×6、勇气撕裂胸膛×5、阿赖耶华×8、荣耀洗礼身躯×4
阿格莱雅,忆灵天赋,泪水锻造的匠躯/飞驰之夏/枯草之盈,"攻击处于【间隙织线】状态的敌人后，使自身的速度提高【44/55】点，该效果最多叠加6层。衣匠行动时自动施放【刺纹之陷】，优先攻击处于【间隙织线】状态下的敌人。
（标签：强化）
衣匠被召唤时，使自身行动提前100%。
（标签：强化）
衣匠消失时，使阿格莱雅恢复20点能量。
（标签：强化、回能20）",信用点×201500、思量的种×2、恐惧踏碎血肉×4、末那芽苗×6、勇气撕裂胸膛×5、阿赖耶华×8、荣耀洗礼身躯×4
阿格莱雅,属性加成,伤害强化·雷,"雷属性伤害提高3.2%
（标签：角色等级1）",信用点×2500、恐惧踏碎血肉×2
阿格莱雅,属性加成,暴击率强化,"暴击率提高2.7%
（标签：角色晋阶2）",信用点×4000、思量的种×3、恐惧踏碎血肉×6
阿格莱雅,属性加成,伤害强化·雷,"雷属性伤害提高3.2%
（标签：角色晋阶3）",信用点×9000、末那芽苗×3、勇气撕裂胸膛×2
阿格莱雅,属性加成,防御强化,防御力提高5.0%,信用点×9000、末那芽苗×3、勇气撕裂胸膛×2
阿格莱雅,属性加成,伤害强化·雷,雷属性伤害提高4.8%,信用点×19000、末那芽苗×4、勇气撕裂胸膛×4
阿格莱雅,属性加成,暴击率强化,"暴击率提高4.0%
（标签：角色晋阶5）",信用点×45000、阿赖耶华×3、荣耀洗礼身躯×3
阿格莱雅,属性加成,伤害强化·雷,"雷属性伤害提高4.8%
（标签：角色晋阶5）",信用点×45000、阿赖耶华×3、荣耀洗礼身躯×3
阿格莱雅,属性加成,防御强化,"防御力提高7.5%
（标签：角色晋阶6）",信用点×140000、阿赖耶华×7、荣耀洗礼身躯×6
阿格莱雅,属性加成,暴击率强化,暴击率提高5.3%,信用点×160000、阿赖耶华×8、荣耀洗礼身躯×8
阿格莱雅,属性加成,伤害强化·雷,雷属性伤害提高6.4%,信用点×160000、阿赖耶华×8、荣耀洗礼身躯×8
雪衣,普攻,破魔锥,"对指定敌方单体造成等同于雪衣【50%/100%】攻击力的量子属性伤害。
（标签：回能 20、战技点 +1、单攻、削韧 10）",信用点×192000、破碎残刃×2、熄灭原核×4、无生残刃×6、微光原核×5、净世残刃×8、蠢动原核×5
雪衣,战技,摄伏诸恶,"对指定敌方单体造成等同于雪衣【70%/140%】攻击力的量子属性伤害，同时对其相邻目标造成等同于雪衣【35%/70%】攻击力的量子属性伤害。
（标签：回能 30、战技点 -1、扩散、削韧 20+10*2）",信用点×522000、熄灭原核×6、破碎残刃×2、无生残刃×12、微光原核×10、净世残刃×23、蠢动原核×5、蛀星孕灾的旧恶×3、命运的足迹×1
雪衣,终结技,天罚贯身,"对指定敌方单体造成等同于雪衣【150%/250%】攻击力的量子属性伤害，本次攻击无视弱点属性削减敌方单体的韧性。击破弱点时，触发量子属性的弱点击破效果。
在本次攻击中，削减的韧性越多，造成的伤害越高，最多提高【36.0%/60.0%】。
（标签：能量 120、回能 5、单攻、削韧 40）",信用点×522000、熄灭原核×6、破碎残刃×2、无生残刃×12、微光原核×10、净世残刃×23、蠢动原核×5、蛀星孕灾的旧恶×3、命运的足迹×1
雪衣,天赋,十王圣断，业报恒常,"雪衣施放攻击削减敌方韧性时，会叠加【恶报】层数，削减的韧性越多叠加【恶报】层数越多，可以叠加8层。
当雪衣的队友施放攻击削减敌方韧性后，雪衣叠加1层【恶报】。
当【恶报】叠加至上限时立即对敌方目标发动追加攻击，造成3次伤害，每次伤害对敌方随机单体造成等同于雪衣【45%/90%】攻击力的量子属性伤害。本次追加攻击无法叠加【恶报】。
（标签：回能 2、弹射、削韧 10+5*2）",信用点×522000、熄灭原核×6、破碎残刃×2、无生残刃×12、微光原核×10、净世残刃×23、蠢动原核×5、蛀星孕灾的旧恶×3、命运的足迹×1
雪衣,秘技,斩立决,"立即攻击敌人，进入战斗后对敌方全体造成等同于雪衣80%攻击力的量子属性伤害。
（标签：削韧 20）",
雪衣,额外能力,预兆机杼,"使自身造成的伤害提高，提高数值等同于击破特攻的100%，最多使造成的伤害提高240%。
（标签：角色晋阶2）",信用点×4000、破碎残刃×2、蛀星孕灾的旧恶×1
雪衣,额外能力,摧锋轴承,"如果敌方目标当前韧性大于等于其自身韧性上限的50%，施放终结技时造成的伤害提高10%。
（标签：角色晋阶4）",信用点×16000、无生残刃×4、命运的足迹×1、蛀星孕灾的旧恶×1
雪衣,额外能力,伺观中枢,"雪衣会累计溢出的【恶报】层数，最多累计6层。雪衣触发天赋后，获得相应溢出层数的【恶报】。
（标签：角色晋阶6）",信用点×128000、净世残刃×6、命运的足迹×1、蛀星孕灾的旧恶×1
雪衣,属性加成,击破强化,"击破特攻提高8.0%
（标签：角色等级1）",信用点×2000、熄灭原核×2
雪衣,属性加成,生命强化,"生命值上限提高4.0%
（标签：角色晋阶2）",信用点×4000、破碎残刃×2、熄灭原核×4
雪衣,属性加成,击破强化,"击破特攻提高5.3%
（标签：角色晋阶3）",信用点×8000、无生残刃×2、微光原核×2
雪衣,属性加成,伤害强化•量子,"量子属性伤害提高3.2%
（标签：角色晋阶3）",信用点×8000、无生残刃×2、微光原核×2
雪衣,属性加成,击破强化,"击破特攻提高8.0%
（标签：角色晋阶4）",信用点×16000、无生残刃×4、微光原核×3
雪衣,属性加成,生命强化,"生命值上限提高6.0%
（标签：角色晋阶5）",信用点×36000、净世残刃×2、蠢动原核×2
雪衣,属性加成,击破强化,"击破特攻提高8.0%
（标签：角色晋阶5）",信用点×36000、净世残刃×2、蠢动原核×2
雪衣,属性加成,伤害强化•量子,"量子属性伤害提高4.8%
（标签：角色晋阶6）",信用点×128000、净世残刃×6、蠢动原核×6
雪衣,属性加成,生命强化,"生命值上限提高8.0%
（标签：角色等级75）",信用点×128000、净世残刃×6、蠢动原核×6
雪衣,属性加成,击破强化,"击破特攻提高10.7%
（标签：角色等级80）",信用点×128000、净世残刃×6、蠢动原核×6
青雀,普攻,门前清/杠上开花！,"使用1张当前花色最少的琼玉牌，对指定敌方单体造成等同于青雀【50%/100%】攻击力的量子属性伤害。
（标签：回能 20、战技点 +1、单攻、削韧 10）
对指定敌方单体造成等同于青雀【120%/240%】攻击力的量子属性伤害，并对其相邻目标造成等同于青雀【50%/100%】攻击力的量子属性伤害。
【杠上开花！】无法恢复战技点。
（标签：回能 20、扩散、削韧 20+10*2）",信用点×192000、灵感之钥×2、掠夺的本能×4、启迪之钥×6、篡改的野心×5、智识之钥×8、践踏的意志×5
青雀,战技,海底捞月,"立即抽取2张琼玉牌，使自身造成的伤害提高【14%/28%】，持续至本回合结束。该效果可以叠加4层。施放该战技后，本回合不会结束。
（标签：战技点 -1、强化）",信用点×522000、掠夺的本能×6、灵感之钥×2、启迪之钥×12、篡改的野心×10、智识之钥×23、践踏的意志×5、守护者的悲愿×3、命运的足迹×1
青雀,终结技,四幺暗刻？和！,"对敌方全体造成等同于青雀【120%/200%】攻击力的量子属性伤害，并获得4张相同花色的琼玉牌。
（标签：能量 140、回能 5、群攻、削韧 20）",信用点×522000、掠夺的本能×6、灵感之钥×2、启迪之钥×12、篡改的野心×10、智识之钥×23、践踏的意志×5、守护者的悲愿×3、命运的足迹×1
青雀,天赋,帝垣琼玉,"我方目标回合开始时，青雀会从3种不同花色的琼玉牌中随机抽取1张，最多持有4张琼玉牌。
青雀回合开始时，若持有的琼玉牌数为4且花色相同，青雀消耗所有琼玉牌进入【暗杠】状态。
处于【暗杠】状态时无法再次施放战技，同时使自身攻击力提高【36%/72%】，普攻【门前清】强化为【杠上开花！】，【暗杠】状态会在施放【杠上开花！】后结束。
（标签：强化）",信用点×522000、掠夺的本能×6、灵感之钥×2、启迪之钥×12、篡改的野心×10、智识之钥×23、践踏的意志×5、守护者的悲愿×3、命运的足迹×1
青雀,秘技,独弈之乐,"使用秘技后，进入战斗时青雀会抽取2张琼玉牌。
（标签：强化）",
青雀,额外能力,争番,"青雀第一次施放战技时，会恢复1点战技点。
（标签：角色晋阶2）",信用点×4000、灵感之钥×2、守护者的悲愿×1
青雀,额外能力,听牌,"战技使自身造成的伤害提高效果额外提高10%。
（标签：角色晋阶4）",信用点×16000、启迪之钥×4、命运的足迹×1、守护者的悲愿×1
青雀,额外能力,抢杠,"施放强化普攻后，青雀的速度提高10%，持续1回合。
（标签：角色晋阶6）",信用点×128000、智识之钥×6、命运的足迹×1、守护者的悲愿×1
青雀,属性加成,攻击强化,"攻击力提高4.0%
（标签：角色等级1）",信用点×2000、掠夺的本能×2
青雀,属性加成,伤害强化·量子,"量子属性伤害提高3.2%
（标签：角色晋阶2）",信用点×4000、灵感之钥×2、掠夺的本能×4
青雀,属性加成,攻击强化,"攻击力提高4.0%
（标签：角色晋阶3）",信用点×8000、启迪之钥×2、篡改的野心×2
青雀,属性加成,防御强化,"防御力提高5.0%
（标签：角色晋阶3）",信用点×8000、启迪之钥×2、篡改的野心×2
青雀,属性加成,攻击强化,"攻击力提高6.0%
（标签：角色晋阶4）",信用点×16000、启迪之钥×4、篡改的野心×3
青雀,属性加成,伤害强化·量子,"量子属性伤害提高4.8%
（标签：角色晋阶5）",信用点×36000、智识之钥×2、践踏的意志×2
青雀,属性加成,攻击强化,"攻击力提高6.0%
（标签：角色晋阶5）",信用点×36000、智识之钥×2、践踏的意志×2
青雀,属性加成,防御强化,"防御力提高7.5%
（标签：角色晋阶6）",信用点×128000、智识之钥×6、践踏的意志×6
青雀,属性加成,伤害强化·量子,"量子属性伤害提高6.4%
（标签：角色等级75）",信用点×128000、智识之钥×6、践踏的意志×6
青雀,属性加成,攻击强化,"攻击力提高8.0%
（标签：角色等级80）",信用点×128000、智识之钥×6、践踏的意志×6
风堇,普攻,当微风轻吻云沫,"对指定敌方单体造成等同于风堇【25%/50%】生命上限的风属性伤害。
（标签：单攻、削韧值10、回能 20 、战技点 +1）",信用点×201500、思量的种×2、恐惧踏碎血肉×4、末那芽苗×6、勇气撕裂胸膛×5、阿赖耶华×8、荣耀洗礼身躯×4
风堇,战技,爱在虹光洒落时,"召唤忆灵小伊卡，为除小伊卡以外的我方全体目标回复等同于风堇【4%/8%】生命上限+【40/160】的生命值。为小伊卡回复等同于风堇【5%/10%】生命上限+【50/200】的生命值。
（标签：回复、战技点 -1、回能30）",信用点×539000、恐惧踏碎血肉×7、思量的种×2、末那芽苗×12、勇气撕裂胸膛×11、阿赖耶华×26、荣耀洗礼身躯×6、同愿的遗音×3、命运的足迹×2
风堇,终结技,飞入晨昏的我们,"召唤忆灵小伊卡，为除小伊卡以外的我方全体目标回复等同于风堇【5%/10%】生命上限+【50/200】的生命值，为小伊卡回复等同于风堇【6%/12%】生命上限+【60/240】的生命值。风堇进入【雨过天晴】状态，持续3回合，风堇每回合开始时持续回合数减1。处于【雨过天晴】状态时，我方全体目标生命上限提高【15%/30%+150/600】点。
（标签：辅助、能量 140 、回能 5）",信用点×539000、恐惧踏碎血肉×7、思量的种×2、末那芽苗×12、勇气撕裂胸膛×11、阿赖耶华×26、荣耀洗礼身躯×6、同愿的遗音×3、命运的足迹×2
风堇,天赋,疗愈世间的晨曦,"忆灵小伊卡初始拥有等同于风堇50%生命上限的生命上限。风堇或小伊卡提供治疗时，小伊卡造成的伤害提高【40%/80%】，持续2回合，最多可叠加3层。
（标签：强化）",信用点×539000、恐惧踏碎血肉×7、思量的种×2、末那芽苗×12、勇气撕裂胸膛×11、阿赖耶华×26、荣耀洗礼身躯×6、同愿的遗音×3、命运的足迹×2
风堇,秘技,天气正好，万物可爱！,下一次战斗开始时，为我方全体回复等同于风堇30%生命上限+600的生命值并使生命上限提高20%，持续2回合。,
风堇,额外能力,阴云莞尔,风堇和小伊卡的暴击率提高100%，为当前生命值小于等于自身生命上限的50%的我方目标提供治疗时，风堇和小伊卡的治疗量提高25%。,信用点×5000、思量的种×3、同愿的遗音×1
风堇,额外能力,雷雨轻柔,风堇的效果抵抗提高50%。施放战技和终结技时，解除我方全体目标的1个负面效果。,信用点×20000、末那芽苗×5、命运的足迹×1、同愿的遗音×1
风堇,额外能力,暴风停歇,风堇的速度大于200时，她与小伊卡的生命上限提高20%，之后每超出1点速度，风堇与小伊卡提供的治疗量提高1%，最多计入200点超出的速度。,信用点×160000、阿赖耶华×8、命运的足迹×1、同愿的遗音×1
风堇,忆灵技,乌云乌云快走开！,"对敌方全体造成等同于本场战斗风堇与小伊卡累计治疗数值【10%/20%】的风属性伤害并清空累计治疗数值的50%。
（标签：群攻、削韧值10、回能5）",信用点×201500、思量的种×2、恐惧踏碎血肉×4、末那芽苗×6、勇气撕裂胸膛×5、阿赖耶华×8、荣耀洗礼身躯×4
风堇,忆灵天赋,牵起晴空的手/展翼，奔向日辉/坠落，然后飞翔,"小伊卡的速度保持为0，免疫负面效果,并且不会出现在行动序列上。
若除小伊卡外的我方目标生命值降低，小伊卡会在任意目标回合开始时或行动后,消耗自身4%生命上限的生命值,并为我方生命值降低的目标回复等同于风堇【1%/2%】生命上限+【10/20】的生命值。
风堇处于【雨过天晴】状态时，小伊卡会在风堇施放技能后立即获得1个额外回合并自动施放【乌云乌云快走开!】，并且小伊卡触发天赋的治疗效果时,额外为我方全体目标回复等同于风堇【1%/2%】生命上限+【10/20】的生命值,小伊卡施放技能后使自身所有持续效果持续回合数减1。
（标签：回复）
被召唤时,为风堇恢复15点能量,首次被召唤时，额外恢复30点能量。
（标签：强化）
消失时，使风堇行动提前30%。
（标签：强化）",信用点×201500、思量的种×2、恐惧踏碎血肉×4、末那芽苗×6、勇气撕裂胸膛×5、阿赖耶华×8、荣耀洗礼身躯×4
风堇,属性加成,速度强化,速度提高2,信用点×2500、恐惧踏碎血肉×2
风堇,属性加成,效果抵抗强化,效果抵抗提高4%,信用点×4000、思量的种×3、恐惧踏碎血肉×6
风堇,属性加成,速度强化,速度提高2,信用点×9000、末那芽苗×3、勇气撕裂胸膛×2
风堇,属性加成,生命强化,生命值上限提高4%,信用点×9000、末那芽苗×3、勇气撕裂胸膛×2
风堇,属性加成,速度强化,速度提高3,信用点×19000、末那芽苗×4、勇气撕裂胸膛×4
风堇,属性加成,效果抵抗强化,效果抵抗提高6%,信用点×45000、阿赖耶华×3、荣耀洗礼身躯×3
风堇,属性加成,速度强化,速度提高3,信用点×45000、阿赖耶华×3、荣耀洗礼身躯×3
风堇,属性加成,生命强化,生命值上限提高6%,信用点×140000、阿赖耶华×7、荣耀洗礼身躯×6
风堇,属性加成,效果抵抗强化,效果抵抗提高8%,信用点×160000、阿赖耶华×8、荣耀洗礼身躯×8
风堇,属性加成,速度强化,速度提高4,信用点×160000、阿赖耶华×8、荣耀洗礼身躯×8
飞霄,普攻,闪裂,"对指定敌方单体造成等同于飞霄【50%/100%】攻击力的风属性伤害。
（标签：回能 0.5点【飞黄】、战技点 +1、单攻、削韧 10）",信用点×240000、陨铁弹丸×3、工造机杼×6、命定死因×8、工造迴轮×7、逆时一击×11、工造浑心×7
飞霄,战技,钺贯,"对指定敌方单体造成等同于飞霄【100%/200%】攻击力的风属性伤害，随后立即对该目标额外发动1次天赋的追加攻击。
（标签：回能 0.5点【飞黄】、战技点 -1、单攻、削韧 20）",信用点×652500、工造机杼×9、陨铁弹丸×3、命定死因×15、工造迴轮×13、逆时一击×30、工造浑心×7、无穷假身的遗恨×3、命运的足迹×2
飞霄,终结技,凿破大荒/闪裂刃舞/钺贯天冲,"对指定敌方单体造成最多等同于飞霄【402%/700%】攻击力的风属性伤害，期间可无视弱点属性削减目标韧性，目标未处于弱点击破状态时飞霄的弱点击破效率提高100%。
其中，飞霄先对该目标发动【闪裂刃舞】或【钺贯天冲】，总计6次。最后对该目标造成等同于飞霄【96%/160%】攻击力的风属性伤害。
（标签：能量 共需6点【飞黄】、回能 0点【飞黄】、单攻、削韧 5*6）
对所选目标造成等同于飞霄【36%/60%】攻击力的风属性伤害。若目标处于弱点击破状态，伤害倍率提高【15%/30%】。
（标签：能量 1点【飞黄】、回能 0点【飞黄】、单攻、削韧 5）
对所选目标造成等同于飞霄【36%/60%】攻击力的风属性伤害。若目标未处于弱点击破状态，伤害倍率提高【15%/30%】。
（标签：能量 1点【飞黄】、回能 0点【飞黄】、单攻、削韧 5）",信用点×652500、工造机杼×9、陨铁弹丸×3、命定死因×15、工造迴轮×13、逆时一击×30、工造浑心×7、无穷假身的遗恨×3、命运的足迹×2
飞霄,天赋,雷狩,"【飞黄】达到6点时可激活终结技，最多累计12点。我方目标每施放2次攻击后，飞霄获得1点【飞黄】，飞霄的终结技攻击不计入次数。
当飞霄的队友对敌方目标施放攻击后，飞霄立即对主目标发动追加攻击，造成等同于飞霄【55%/110%】攻击力的风属性伤害。若不存在可攻击的主目标，则攻击敌方随机单体。该效果每回合最多触发1次，飞霄回合开始时重置可触发次数。发动此攻击时使自身造成的伤害提高【30%/60%】，持续2回合。
（标签：回能 0.5点【飞黄】、单攻、削韧 5）",信用点×652500、工造机杼×9、陨铁弹丸×3、命定死因×15、工造迴轮×13、逆时一击×30、工造浑心×7、无穷假身的遗恨×3、命运的足迹×2
飞霄,秘技,岚身,"使用秘技后进入持续20秒的【陷锋】状态。【陷锋】状态下会牵引一定范围内的敌人，并且自身移动速度提高50%，进入战斗后获得1点【飞黄】。
【陷锋】状态下主动攻击会使所有牵引的敌人进入战斗。进入战斗后，每个波次开始时对敌方全体造成等同于飞霄200%攻击力的风属性伤害，该伤害必定造成暴击。若牵引了超过1个敌人，每超过1个敌人，该伤害的倍率提高100%，最多提高至1,000%。
（标签：回能 1点【飞黄】、强化）",
飞霄,额外能力,天通,"战斗开始时，获得3点【飞黄】。
回合开始时，若上回合未通过天赋发动追加攻击，计入1次获得【飞黄】所需的攻击次数。
（标签：角色晋阶2）",信用点×5000、陨铁弹丸×3、无穷假身的遗恨×1
飞霄,额外能力,解形,"施放终结技对敌方目标造成伤害时，被视为发动了追加攻击。追加攻击的暴击伤害提高36%。
（标签：角色晋阶4）",信用点×20000、命定死因×5、命运的足迹×1、无穷假身的遗恨×1
飞霄,额外能力,电举,"施放战技时，攻击力提高48%，持续3回合。
（标签：角色晋阶6）",信用点×160000、逆时一击×8、命运的足迹×1、无穷假身的遗恨×1
飞霄,属性加成,攻击强化,"攻击力提高4.0%
（标签：角色等级1）",信用点×2500、工造机杼×2
飞霄,属性加成,暴击率强化,"暴击率提高2.7%
（标签：角色晋阶2）",信用点×5000、陨铁弹丸×3、工造机杼×6
飞霄,属性加成,攻击强化,"攻击力提高4.0%
（标签：角色晋阶3）",信用点×10000、命定死因×3、工造迴轮×3
飞霄,属性加成,防御强化,"防御力提高5.0%
（标签：角色晋阶3）",信用点×10000、命定死因×3、工造迴轮×3
飞霄,属性加成,攻击强化,"攻击力提高6.0%
（标签：角色晋阶4）",信用点×20000、命定死因×5、工造迴轮×4
飞霄,属性加成,暴击率强化,"暴击率提高4.0%
（标签：角色晋阶5）",信用点×45000、逆时一击×3、工造浑心×3
飞霄,属性加成,攻击强化,"攻击力提高6.0%
（标签：角色晋阶5）",信用点×45000、逆时一击×3、工造浑心×3
飞霄,属性加成,防御强化,"防御力提高7.5%
（标签：角色晋阶6）",信用点×160000、逆时一击×8、工造浑心×8
飞霄,属性加成,暴击率强化,"暴击率提高5.3%
（标签：角色等级75）",信用点×160000、逆时一击×8、工造浑心×8
飞霄,属性加成,攻击强化,"攻击力提高8.0%
（标签：角色等级80）",信用点×160000、逆时一击×8、工造浑心×8
驭空,普攻,流镝,"对指定敌方单体造成等同于驭空【50%/100%】攻击力的虚数属性伤害。
（标签：回能 20、战技点 +1、单攻、削韧 10）",信用点×192000、谐乐小调×2、工造机杼×4、家族颂歌×6、工造迴轮×5、群星乐章×8、工造浑心×5
驭空,战技,天阙鸣弦,"获得2层【鸣弦号令】，最多持有不超过2层。当驭空持有【鸣弦号令】时，我方全体攻击力提高【40%/80%】，且每次我方目标回合结束时，移除驭空1层【鸣弦号令】。
驭空施放战技获得【鸣弦号令】的回合，不会移除【鸣弦号令】。
（标签：回能 30、战技点 -1、辅助）",信用点×522000、工造机杼×6、谐乐小调×2、家族颂歌×12、工造迴轮×10、群星乐章×23、工造浑心×5、毁灭者的末路×3、命运的足迹×1
驭空,特殊技能,终结技 ·贯云饮羽,"施放终结技时，若驭空持有【鸣弦号令】，则额外使我方全体暴击率提高【21.0%/28.0%】，暴击伤害提高【39%/65%】。同时对指定敌方单体造成等同于驭空【228%/380%】攻击力的虚数属性伤害。
（标签：能量 130、回能 5、单攻、削韧 30）",信用点×522000、工造机杼×6、谐乐小调×2、家族颂歌×12、工造迴轮×10、群星乐章×23、工造浑心×5、毁灭者的末路×3、命运的足迹×1
驭空,天赋,箭彻七札,"施放普攻可额外造成等同于驭空【40%/80%】攻击力的虚数属性伤害，并使本次攻击的削韧值提高100%，该效果在1回合后可再次触发。
（标签：强化）",信用点×522000、工造机杼×6、谐乐小调×2、家族颂歌×12、工造迴轮×10、群星乐章×23、工造浑心×5、毁灭者的末路×3、命运的足迹×1
驭空,秘技,云鸢逐风,"使用秘技后进入持续20秒的冲刺状态。冲刺状态下自身移动速度提高35%，且主动攻击敌人进入战斗时，驭空获得2层【鸣弦号令】。
（标签：强化）",
驭空,额外能力,襄尺,"驭空被施加负面效果时可抵抗1次负面效果，该效果在2回合后可再次触发。
（标签：角色晋阶2）",信用点×4000、谐乐小调×2、毁灭者的末路×1
驭空,额外能力,迟彝,"驭空在场时，我方全体造成的虚数属性伤害提高12%。
（标签：角色晋阶4）",信用点×16000、家族颂歌×4、命运的足迹×1、毁灭者的末路×1
驭空,额外能力,气壮,"持有【鸣弦号令】时，每当我方目标行动后，驭空将额外恢复2点能量。
（标签：角色晋阶6）",信用点×128000、群星乐章×6、命运的足迹×1、毁灭者的末路×1
驭空,属性加成,伤害强化•虚数,"虚数属性伤害提高3.2%
（标签：角色等级1）",信用点×2000、工造机杼×2
驭空,属性加成,生命强化,"生命值上限提高4.0%
（标签：角色晋阶2）",信用点×4000、谐乐小调×2、工造机杼×4
驭空,属性加成,伤害强化•虚数,"虚数属性伤害提高3.2%
（标签：角色晋阶3）",信用点×8000、家族颂歌×2、工造迴轮×2
驭空,属性加成,攻击力提高6.0%,"攻击力提高4.0%
（标签：角色晋阶3）",信用点×8000、家族颂歌×2、工造迴轮×2
驭空,属性加成,伤害强化•虚数,"虚数属性伤害提高4.8%
（标签：角色晋阶4）",信用点×16000、家族颂歌×4、工造迴轮×3
驭空,属性加成,生命强化,"生命值上限提高6.0%
（标签：角色晋阶5）",信用点×36000、群星乐章×2、工造浑心×2
驭空,属性加成,伤害强化•虚数,"虚数属性伤害提高4.8%
（标签：角色晋阶5）",信用点×36000、群星乐章×2、工造浑心×2
驭空,属性加成,攻击力提高6.0%,"攻击力提高6.0%
（标签：角色晋阶6）",信用点×128000、群星乐章×6、工造浑心×6
驭空,属性加成,生命强化,"生命值上限提高8.0%
（标签：角色等级75）",信用点×128000、群星乐章×6、工造浑心×6
驭空,属性加成,伤害强化•虚数,"虚数属性伤害提高6.4%
（标签：角色等级80）",信用点×128000、群星乐章×6、工造浑心×6
黄泉,普攻,三途枯榷,"对指定敌方单体造成等同于黄泉【50%/100%】攻击力的雷属性伤害。
（标签：回能 0点【残梦】、战技点 +1、单攻、削韧 10）",信用点×240000、炽情之灵×3、蓄梦元件×6、星火之精×8、流梦阀门×7、焚天之魔×11、造梦马达×7
黄泉,战技,八雷飞渡,"获得1点【残梦】，为指定敌方单体附上1层【集真赤】，对其造成等同于黄泉【80%/160%】攻击力的雷属性伤害，同时对其相邻目标造成等同于黄泉【30%/60%】攻击力的雷属性伤害。
（标签：回能 1点【残梦】、战技点 -1、扩散、削韧 20+10*2）",信用点×652500、蓄梦元件×9、炽情之灵×3、星火之精×15、流梦阀门×13、焚天之魔×30、造梦马达×7、蛀星孕灾的旧恶×3、命运的足迹×2
黄泉,终结技,残梦尽染，一刀缭断,"依次发动3次【啼泽雨斩】和1次【黄泉返渡】，对指定敌方单体最多造成等同于黄泉【223%/372%】攻击力的雷属性伤害，对其他目标最多造成等同于黄泉【180%/300%】攻击力的雷属性伤害。
【啼泽雨斩】：对指定敌方单体造成等同于黄泉攻击力【14.4%/24.0%】的雷属性伤害，并消去目标最多3层【集真赤】。消去【集真赤】时，立即对敌方全体造成等同于黄泉【9.0%/15.0%】攻击力的雷属性伤害，每消去1层【集真赤】本次伤害倍率额外提高，最多提高至【36.0%/60.0%】。
【黄泉返渡】：对敌方全体造成等同于黄泉【72%/120%】攻击力的雷属性伤害并移除所有【集真赤】。
终结技期间无法为敌方附上【集真赤】。
（标签：能量 9点【残梦】、回能 0点【残梦】、群攻、削韧 （单5+群5）*3+群5）",信用点×652500、蓄梦元件×9、炽情之灵×3、星火之精×15、流梦阀门×13、焚天之魔×30、造梦马达×7、蛀星孕灾的旧恶×3、命运的足迹×2
黄泉,天赋,红叶时雨，万倾一空,"【残梦】达到9点时可激活终结技。终结技期间可无视弱点属性削减敌方韧性，并使敌方全体全属性抗性降低【10%/20%】，持续至终结技结束。
任意单位施放技能期间使敌方目标陷入负面效果，黄泉获得1点【残梦】并为目标附上1层【集真赤】，若使多个目标陷入负面效果，则为其中【集真赤】最多的敌方目标附上1层【集真赤】。该效果每次施放技能最多触发1次。
黄泉在场时，敌方目标离场或被任意单位消灭后，其持有的【集真赤】会转移至全场【集真赤】最多的敌方目标。
（标签：强化）",信用点×652500、蓄梦元件×9、炽情之灵×3、星火之精×15、流梦阀门×13、焚天之魔×30、造梦马达×7、蛀星孕灾的旧恶×3、命运的足迹×2
黄泉,秘技,四相断我,"立即攻击敌人，每个波次开始时获得【四相断我】，对敌方全体造成等同于黄泉200%攻击力的雷属性伤害，且无视弱点属性削减敌方全体的韧性，击破弱点时，触发雷属性的弱点击破效果。
【四相断我】：施放终结技后黄泉获得1点【残梦】，并为敌方随机单体附上1层【集真赤】。
若攻击普通敌人则立即将其消灭，不会进入战斗。未击中敌人时不消耗秘技点。
（标签：削韧 20）",
黄泉,额外能力,赤鬼,"战斗开始时，立即获得5点【残梦】，并为随机1名敌方附上5层【集真赤】。当【残梦】达到上限时，每溢出1点【残梦】获得1层【四相断我】，使【四相断我】最多可以叠加至3层。
（标签：角色晋阶2）",信用点×5000、炽情之灵×3、蛀星孕灾的旧恶×1
黄泉,额外能力,奈落,"我方队伍中存在1名/2名除黄泉之外的「虚无」命途角色时，使黄泉普攻、战技、终结技造成的伤害为原伤害的115%/160%。
（标签：角色晋阶4）",信用点×20000、星火之精×5、命运的足迹×1、蛀星孕灾的旧恶×1
黄泉,额外能力,雷心,"终结技的【啼泽雨斩】击中持有【集真赤】的敌方目标时，使黄泉造成的伤害提高30%，该效果最多叠加3层，持续3回合，并在发动【黄泉返渡】时额外造成6次伤害，每次伤害对敌方随机单体造成等同于黄泉25%攻击力的雷属性伤害，该伤害视为终结技伤害。
（标签：角色晋阶6）",信用点×160000、焚天之魔×8、命运的足迹×1、蛀星孕灾的旧恶×1
黄泉,属性加成,攻击强化,"攻击力提高4.0%
（标签：角色等级1）",信用点×2500、蓄梦元件×2
黄泉,属性加成,暴击伤害强化,"暴击伤害提高5.3%
（标签：角色晋阶2）",信用点×5000、炽情之灵×3、蓄梦元件×6
黄泉,属性加成,攻击强化,"攻击力提高4.0%
（标签：角色晋阶3）",信用点×10000、星火之精×3、流梦阀门×3
黄泉,属性加成,伤害强化•雷,"雷属性伤害提高3.2%
（标签：角色晋阶3）",信用点×10000、星火之精×3、流梦阀门×3
黄泉,属性加成,攻击强化,"攻击力提高6.0%
（标签：角色晋阶4）",信用点×20000、星火之精×5、流梦阀门×4
黄泉,属性加成,暴击伤害强化,"暴击伤害提高8.0%
（标签：角色晋阶5）",信用点×45000、焚天之魔×3、造梦马达×3
黄泉,属性加成,攻击强化,"攻击力提高6.0%
（标签：角色晋阶5）",信用点×45000、焚天之魔×3、造梦马达×3
黄泉,属性加成,伤害强化•雷,"雷属性伤害提高4.8%
（标签：角色晋阶6）",信用点×160000、焚天之魔×8、造梦马达×8
黄泉,属性加成,暴击伤害强化,"暴击伤害提高10.7%
（标签：角色等级75）",信用点×160000、焚天之魔×8、造梦马达×8
黄泉,属性加成,攻击强化,"攻击力提高8.0%
（标签：角色等级80）",信用点×160000、焚天之魔×8、造梦马达×8
黑塔,普攻,看什么看,"对指定敌方单体目标造成等同于黑塔【50%/100%】攻击力的冰属性伤害。
（标签：回能 20、战技点 +1、单攻、削韧 10）",信用点×192000、灵感之钥×2、熄灭原核×4、启迪之钥×6、微光原核×5、智识之钥×8、蠢动原核×5
黑塔,战技,一锤子买卖,"对敌方全体目标造成等同于黑塔【50%/100%】攻击力的冰属性伤害。若敌方目标生命值在生命值上限的50%以上，则对该目标造成的伤害提高20%。
（标签：回能 30、战技点 -1、群攻、削韧 10）",信用点×522000、熄灭原核×6、灵感之钥×2、启迪之钥×12、微光原核×10、智识之钥×23、蠢动原核×5、毁灭者的末路×3、命运的足迹×1
黑塔,终结技,是魔法，我加了魔法,"对敌方全体目标造成等同于黑塔【120%/200%】攻击力的冰属性伤害。
（标签：能量 110、回能 5、群攻、削韧 20）",信用点×522000、熄灭原核×6、灵感之钥×2、启迪之钥×12、微光原核×10、智识之钥×23、蠢动原核×5、毁灭者的末路×3、命运的足迹×1
黑塔,天赋,还是我来吧,"当任意我方目标的攻击使敌方目标的当前生命值百分比小于等于50%时，黑塔发动追加攻击，对敌方全体造成等同于黑塔【25%/40%】攻击力的冰属性伤害。
（标签：回能 5、群攻、削韧 5）",信用点×522000、熄灭原核×6、灵感之钥×2、启迪之钥×12、微光原核×10、智识之钥×23、蠢动原核×5、毁灭者的末路×3、命运的足迹×1
黑塔,秘技,可以优化一下,"使用秘技后，下一次战斗开始时黑塔攻击力提高40%，持续3回合
（标签：强化）",
黑塔,额外能力,效率,"放战技时，对目标造成的伤害提高效果额外再提高25%。
（标签：角色晋阶2）",信用点×4000、灵感之钥×2、毁灭者的末路×1
黑塔,额外能力,人偶,"抵抗控制类负面状态的概率提高35%。
（标签：角色晋阶4）",信用点×16000、启迪之钥×4、命运的足迹×1、毁灭者的末路×1
黑塔,额外能力,冰结,"施放终结技时，对冻结状态下的敌人造成的伤害提高20%。
（标签：角色晋阶6）",信用点×128000、智识之钥×6、命运的足迹×1、毁灭者的末路×1
黑塔,属性加成,伤害强化·冰,"冰属性伤害提高3.2%
（标签：角色等级1）",信用点×2000、熄灭原核×2
黑塔,属性加成,防御强化,"防御力提高5.0%
（标签：角色晋阶2）",信用点×4000、灵感之钥×2、熄灭原核×4
黑塔,属性加成,伤害强化·冰,"冰属性伤害提高3.2%
（标签：角色晋阶3）",信用点×8000、启迪之钥×2、微光原核×2
黑塔,属性加成,暴击率强化,"暴击率提高2.7%
（标签：角色晋阶3）",信用点×8000、启迪之钥×2、微光原核×2
黑塔,属性加成,伤害强化·冰,"冰属性伤害提高4.8%
（标签：角色晋阶4）",信用点×16000、启迪之钥×4、微光原核×3
黑塔,属性加成,防御强化,"防御力提高7.5%
（标签：角色晋阶5）",信用点×36000、智识之钥×2、蠢动原核×2
黑塔,属性加成,伤害强化·冰,"冰属性伤害提高4.8%
（标签：角色晋阶5）",信用点×36000、智识之钥×2、蠢动原核×2
黑塔,属性加成,暴击率强化,"暴击率提高4.0%
（标签：角色晋阶6）",信用点×128000、智识之钥×6、蠢动原核×6
黑塔,属性加成,防御强化,"防御力提高10.0%
（标签：角色等级75）",信用点×128000、智识之钥×6、蠢动原核×6
黑塔,属性加成,伤害强化·冰,"冰属性伤害提高6.4%
（标签：角色等级80）",信用点×128000、智识之钥×6、蠢动原核×6
黑天鹅,普攻,洞见，缄默的黎明,"对指定敌方单体造成等同于黑天鹅【30%/60%】攻击力的风属性伤害，有【50%/65%】的基础概率使目标陷入1层【奥迹】，且攻击陷入风化、裂伤、灼烧、触电状态的目标后，分别各有【50%/65%】的基础概率额外使目标陷入1层【奥迹】。
（标签：回能 20、战技点 +1、单攻、削韧 10）",信用点×240000、炽情之灵×3、熄灭原核×6、星火之精×8、微光原核×7、焚天之魔×11、蠢动原核×7
黑天鹅,战技,失坠，伪神的黄昏,"对指定敌方单体及其相邻目标造成等同于黑天鹅【45%/90%】攻击力的风属性伤害，同时有100%的基础概率使目标与相邻目标陷入1层【奥迹】，此外有100%的基础概率使目标与相邻目标防御力降低【14.8%/20.8%】，持续3回合。
（标签：回能 30、战技点 -1、扩散、削韧 20+10*2）",信用点×652500、熄灭原核×9、炽情之灵×3、星火之精×15、微光原核×13、焚天之魔×30、蠢动原核×7、蛀星孕灾的旧恶×3、命运的足迹×2
黑天鹅,终结技,沉醉于彼界的臂湾,"使敌方全体陷入【揭露】状态，持续2回合。
【揭露】状态下，敌方目标自身回合内受到的伤害提高【15%/25%】，且当敌方目标处于【奥迹】状态时，也会被视为同时陷入了风化、裂伤、灼烧、触电状态，并且【奥迹】每回合开始造成伤害后不会重置层数。【奥迹】不会重置层数的效果在【揭露】状态持续时间内最多触发1次，再次陷入【揭露】状态会刷新触发次数。
对敌方全体造成等同于黑天鹅【72%/120%】攻击力的风属性伤害。
（标签：能量 120、回能 5、群攻、削韧 20）",信用点×652500、熄灭原核×9、炽情之灵×3、星火之精×15、微光原核×13、焚天之魔×30、蠢动原核×7、蛀星孕灾的旧恶×3、命运的足迹×2
黑天鹅,天赋,无端命运的机杼,"敌方目标每回合开始时每受到1次持续伤害，有【50%/65%】的基础概率陷入1层【奥迹】。
【奥迹】状态下，敌方目标每回合开始时受到等同于黑天鹅【96%/240%】攻击力的风属性持续伤害，每层【奥迹】使此伤害倍率提高【4.8%/12.0%】，随后重置为1层。【奥迹】最多叠加50层。
仅在敌方目标回合开始【奥迹】造成伤害时，黑天鹅根据目标陷入的【奥迹】层数触发额外效果：
大于等于3层：对相邻目标造成等同于黑天鹅【72%/180%】攻击力的风属性持续伤害，并且有【50%/65%】的基础概率使相邻目标陷入1层【奥迹】。
大于等于7层：使本次造成的持续伤害无视该目标及其相邻目标20%的防御力。
（标签：妨害）",信用点×652500、熄灭原核×9、炽情之灵×3、星火之精×15、微光原核×13、焚天之魔×30、蠢动原核×7、蛀星孕灾的旧恶×3、命运的足迹×2
黑天鹅,秘技,取此真相，舍弃表征,"使用秘技后，下一次战斗开始时有150%的基础概率使敌方每个单体目标陷入1层【奥迹】。使其中每个成功陷入【奥迹】的目标再次陷入1层【奥迹】，重复此效果直到未能成功使该目标陷入【奥迹】。每次使目标陷入【奥迹】的基础概率等同于上一次成功使该目标陷入【奥迹】时的基础概率的50%。
（标签：强化）",
黑天鹅,额外能力,脏中躁动,"施放战技攻击陷入风化、裂伤、灼烧、触电状态的指定敌方单体后，分别各有65%的基础概率额外使目标陷入1层【奥迹】。
（标签：角色晋阶2）",信用点×5000、炽情之灵×3、蛀星孕灾的旧恶×1
黑天鹅,额外能力,杯底端倪,"在敌方目标进入战斗时，有65%的基础概率陷入1层【奥迹】。敌方目标在我方单次攻击内每受到1次持续伤害，有65%的基础概率陷入1层【奥迹】，单次攻击内最多陷入3层。
（标签：角色晋阶4）",信用点×20000、星火之精×5、命运的足迹×1、蛀星孕灾的旧恶×1
黑天鹅,额外能力,烛影朕兆,"使自身造成的伤害提高，提高数值等同于效果命中的60%，最多使造成的伤害提高72%。
（标签：角色晋阶6）",信用点×160000、焚天之魔×8、命运的足迹×1、蛀星孕灾的旧恶×1
黑天鹅,属性加成,攻击强化,"攻击力提高4.0%
（标签：角色等级1）",信用点×2500、熄灭原核×2
黑天鹅,属性加成,伤害强化•风,"风属性伤害提高3.2%
（标签：角色晋阶2）",信用点×5000、炽情之灵×3、熄灭原核×6
黑天鹅,属性加成,攻击强化,"攻击力提高4.0%
（标签：角色晋阶3）",信用点×10000、星火之精×3、微光原核×3
黑天鹅,属性加成,效果命中强化,"效果命中提高4.0%
（标签：角色晋阶3）",信用点×10000、星火之精×3、微光原核×3
黑天鹅,属性加成,攻击强化,"攻击力提高6.0%
（标签：角色晋阶4）",信用点×20000、星火之精×5、微光原核×4
黑天鹅,属性加成,伤害强化•风,"风属性伤害提高4.8%
（标签：角色晋阶5）",信用点×45000、焚天之魔×3、蠢动原核×3
黑天鹅,属性加成,攻击强化,"攻击力提高6.0%
（标签：角色晋阶5）",信用点×45000、焚天之魔×3、蠢动原核×3
黑天鹅,属性加成,效果命中强化,"效果命中提高6.0%
（标签：角色晋阶6）",信用点×160000、焚天之魔×8、蠢动原核×8
黑天鹅,属性加成,伤害强化•风,"风属性伤害提高6.4%
（标签：角色等级75）",信用点×160000、焚天之魔×8、蠢动原核×8
黑天鹅,属性加成,攻击强化,"攻击力提高8.0%
（标签：角色等级80）",信用点×160000、焚天之魔×8、蠢动原核×8
